ply
format ascii 1.0
element vertex 3265
property float x
property float y
property float z
property uchar red
property uchar green
property uchar blue
end_header
-33.908 0.000 69.661 5 22 3
-35.931 0.000 69.256 30 108 183
-37.953 0.000 68.852 15 113 188
-39.975 0.000 68.447 18 108 186
-41.997 0.000 68.043 13 109 185
-44.020 0.000 67.638 12 112 187
-46.042 0.000 67.234 19 112 189
-48.064 0.000 66.829 18 111 188
-50.086 0.000 66.425 14 110 186
-52.109 0.000 66.020 13 109 185
-54.131 0.000 65.616 17 107 185
-56.153 0.000 65.212 16 106 184
-58.175 0.000 64.807 14 106 181
-60.198 0.000 64.403 19 106 183
-62.220 0.000 63.998 21 104 182
-64.242 0.000 63.594 20 106 179
-66.265 0.000 63.189 25 104 179
-68.287 0.000 62.785 25 104 179
58.260 0.000 66.228 29 98 165
56.632 0.000 65.902 29 98 165
55.004 0.000 65.577 30 99 166
53.375 0.000 65.251 32 101 170
51.747 0.000 64.925 31 100 169
50.119 0.000 64.600 31 101 173
48.491 0.000 64.274 27 104 174
46.862 0.000 63.948 26 103 175
45.234 0.000 63.623 26 103 175
43.606 0.000 63.297 26 103 175
41.977 0.000 62.971 26 104 176
40.349 0.000 62.646 26 104 176
38.721 0.000 62.320 26 106 179
37.093 0.000 61.994 26 106 179
35.464 0.000 61.669 28 108 181
33.836 0.000 61.343 28 108 181
32.208 0.000 61.017 27 109 183
30.579 0.000 60.692 27 109 183
28.951 0.000 60.366 26 108 182
27.323 0.000 60.040 24 110 183
25.694 0.000 59.715 24 110 183
24.066 0.000 59.389 27 109 183
22.438 0.000 59.063 27 109 183
20.810 0.000 58.738 28 110 184
19.181 0.000 58.412 26 108 182
17.553 0.000 58.086 27 110 186
15.925 0.000 57.761 23 110 187
14.296 0.000 57.435 25 112 189
12.668 0.000 57.109 25 113 185
11.040 0.000 56.784 26 114 186
9.412 0.000 56.458 27 115 187
7.783 0.000 56.132 29 117 189
6.155 0.000 55.807 32 116 189
4.527 0.000 55.481 33 115 189
2.898 0.000 55.156 35 117 191
1.270 0.000 54.830 30 116 189
-0.358 0.000 54.504 30 116 189
-1.987 0.000 54.179 33 114 193
-3.615 0.000 53.853 34 115 194
-5.243 0.000 53.527 34 115 194
-6.871 0.000 53.202 33 114 193
-8.500 0.000 52.876 33 114 193
-10.128 0.000 52.550 28 115 194
-11.756 0.000 52.225 25 117 194
-13.385 0.000 51.899 31 115 187
-15.013 0.000 51.573 26 117 198
-16.641 0.000 51.248 17 110 180
-18.269 0.000 50.922 84 66 62
-19.898 0.000 50.596 119 101 97
-21.526 0.000 50.271 87 72 65
-23.154 0.000 49.945 44 34 25
-24.783 0.000 49.619 136 124 112
-26.411 0.000 49.294 54 50 47
-28.039 0.000 48.968 25 120 202
-29.668 0.000 48.642 21 118 195
-31.296 0.000 48.317 22 118 194
-32.924 0.000 47.991 22 118 194
-34.552 0.000 47.665 22 118 194
-36.181 0.000 47.340 20 116 193
-37.809 0.000 47.014 18 114 191
-39.437 0.000 46.688 19 115 191
-41.066 0.000 46.363 18 114 190
-42.694 0.000 46.037 23 113 191
-44.322 0.000 45.711 22 112 190
-45.950 0.000 45.386 16 109 186
-47.579 0.000 45.060 26 109 189
-49.207 0.000 44.734 22 109 188
-50.835 0.000 44.409 23 110 187
-52.464 0.000 44.083 22 109 186
-54.092 0.000 43.757 26 107 186
-55.720 0.000 43.432 26 107 186
-57.348 0.000 43.106 23 109 182
-58.977 0.000 42.780 26 108 182
-60.605 0.000 42.455 30 109 184
-62.233 0.000 42.129 26 108 182
-63.862 0.000 41.804 27 109 183
-65.490 0.000 41.478 24 106 180
-67.118 0.000 41.152 25 103 178
-68.747 0.000 40.827 26 104 176
49.507 0.000 49.742 31 100 169
48.144 0.000 49.469 31 100 169
46.782 0.000 49.196 34 103 172
45.419 0.000 48.924 33 103 172
44.056 0.000 48.651 33 103 172
42.693 0.000 48.379 33 105 177
41.330 0.000 48.106 32 104 176
39.968 0.000 47.834 31 105 178
38.605 0.000 47.561 29 107 179
37.242 0.000 47.289 26 109 179
35.879 0.000 47.016 28 108 181
34.516 0.000 46.743 30 110 183
33.154 0.000 46.471 30 110 183
31.791 0.000 46.198 30 110 183
30.428 0.000 45.926 29 111 185
29.065 0.000 45.653 29 111 185
27.702 0.000 45.381 31 113 187
26.340 0.000 45.108 33 115 189
24.977 0.000 44.835 30 112 186
23.614 0.000 44.563 30 112 186
22.251 0.000 44.290 32 114 188
20.888 0.000 44.018 28 114 187
19.526 0.000 43.745 29 115 188
18.163 0.000 43.473 28 114 187
16.800 0.000 43.200 29 115 188
15.437 0.000 42.928 29 115 190
14.074 0.000 42.655 26 116 192
12.712 0.000 42.382 27 117 193
11.349 0.000 42.110 29 119 195
9.986 0.000 41.837 29 119 195
8.623 0.000 41.565 31 118 195
7.260 0.000 41.292 31 118 195
5.898 0.000 41.020 31 118 195
4.535 0.000 40.747 31 118 195
3.172 0.000 40.475 31 118 195
1.809 0.000 40.202 29 119 195
0.446 0.000 39.929 30 120 196
-0.916 0.000 39.657 33 119 196
-2.279 0.000 39.384 33 119 196
-3.642 0.000 39.112 32 119 198
-5.005 0.000 38.839 32 119 198
-6.368 0.000 38.567 32 119 198
-7.730 0.000 38.294 29 119 197
-9.093 0.000 38.021 29 119 197
-10.456 0.000 37.749 29 120 190
-11.819 0.000 37.476 27 122 202
-13.182 0.000 37.204 21 101 170
-14.544 0.000 36.931 48 34 23
-15.907 0.000 36.659 151 133 123
-17.270 0.000 36.386 34 24 14
-18.633 0.000 36.114 1 0 0
-19.996 0.000 35.841 13 6 0
-21.358 0.000 35.568 10 9 7
-22.721 0.000 35.296 24 110 185
-24.084 0.000 35.023 33 120 189
-25.447 0.000 34.751 24 121 198
-26.810 0.000 34.478 22 119 196
-28.172 0.000 34.206 22 119 196
-29.535 0.000 33.933 20 120 196
-30.898 0.000 33.661 19 119 195
-32.261 0.000 33.388 21 117 194
-33.624 0.000 33.115 28 117 197
-34.986 0.000 32.843 29 116 195
-36.349 0.000 32.570 29 116 195
-37.712 0.000 32.298 26 116 194
-39.075 0.000 32.025 26 116 194
-40.438 0.000 31.753 25 115 193
-41.800 0.000 31.480 24 114 192
-43.163 0.000 31.207 25 115 193
-44.526 0.000 30.935 22 116 190
-45.889 0.000 30.662 25 112 189
-47.252 0.000 30.390 29 112 190
-48.614 0.000 30.117 25 112 189
-49.977 0.000 29.845 22 114 189
-51.340 0.000 29.572 20 110 186
-52.703 0.000 29.300 21 111 187
-54.066 0.000 29.027 25 111 184
-55.428 0.000 28.754 30 109 184
-56.791 0.000 28.482 29 111 184
-58.154 0.000 28.209 31 109 183
-59.517 0.000 27.937 36 108 182
-60.880 0.000 27.664 36 108 182
-62.242 0.000 27.392 35 107 181
-63.605 0.000 27.119 36 108 180
-64.968 0.000 26.847 40 108 181
-66.331 0.000 26.574 41 111 180
-67.694 0.000 26.301 42 112 181
-69.056 0.000 26.029 46 110 181
43.208 0.000 37.878 36 106 175
42.037 0.000 37.643 36 106 175
40.865 0.000 37.409 36 106 175
39.693 0.000 37.175 37 107 179
38.521 0.000 36.940 38 108 180
37.350 0.000 36.706 28 107 182
36.178 0.000 36.472 22 111 191
35.006 0.000 36.237 33 111 183
33.834 0.000 36.003 33 111 183
32.663 0.000 35.769 33 111 183
31.491 0.000 35.534 33 113 186
30.319 0.000 35.300 34 114 187
29.147 0.000 35.065 32 114 187
27.976 0.000 34.831 32 114 187
26.804 0.000 34.597 31 117 190
25.632 0.000 34.362 29 115 188
24.460 0.000 34.128 33 117 190
23.289 0.000 33.894 34 116 190
22.117 0.000 33.659 35 117 191
20.945 0.000 33.425 32 118 191
19.773 0.000 33.191 32 118 191
18.602 0.000 32.956 31 118 195
17.430 0.000 32.722 32 119 196
16.258 0.000 32.488 30 120 196
15.086 0.000 32.253 30 120 196
13.915 0.000 32.019 30 120 196
12.743 0.000 31.785 31 121 197
11.571 0.000 31.550 31 121 197
10.399 0.000 31.316 31 121 197
9.228 0.000 31.082 33 123 199
8.056 0.000 30.847 33 123 199
6.884 0.000 30.613 33 123 199
5.712 0.000 30.379 33 123 199
4.541 0.000 30.144 33 123 199
3.369 0.000 29.910 33 123 199
2.197 0.000 29.675 33 123 201
1.025 0.000 29.441 34 124 202
-0.146 0.000 29.207 36 123 200
-1.318 0.000 28.972 36 123 200
-2.490 0.000 28.738 34 124 202
-3.661 0.000 28.504 34 124 202
-4.833 0.000 28.269 34 124 202
-6.005 0.000 28.035 33 125 202
-7.177 0.000 27.801 29 125 201
-8.348 0.000 27.566 31 123 206
-9.520 0.000 27.332 29 129 205
-10.692 0.000 27.098 74 118 183
-11.864 0.000 26.863 30 27 20
-13.035 0.000 26.629 215 200 169
-14.207 0.000 26.395 48 29 35
-15.379 0.000 26.160 20 11 4
-16.551 0.000 25.926 12 3 4
-17.722 0.000 25.692 7 5 10
-18.894 0.000 25.457 33 124 197
-20.066 0.000 25.223 39 122 190
-21.238 0.000 24.988 28 125 202
-22.409 0.000 24.754 26 123 200
-23.581 0.000 24.520 26 123 200
-24.753 0.000 24.285 23 123 199
-25.925 0.000 24.051 23 123 199
-27.096 0.000 23.817 26 122 199
-28.268 0.000 23.582 26 122 199
-29.440 0.000 23.348 31 121 199
-30.612 0.000 23.114 31 121 199
-31.783 0.000 22.879 28 121 198
-32.955 0.000 22.645 28 121 198
-34.127 0.000 22.411 27 120 197
-35.299 0.000 22.176 27 119 196
-36.470 0.000 21.942 27 119 196
-37.642 0.000 21.708 27 119 196
-38.814 0.000 21.473 27 119 196
-39.986 0.000 21.239 26 116 192
-41.157 0.000 21.005 26 116 192
-42.329 0.000 20.770 26 116 192
-43.501 0.000 20.536 28 115 192
-44.673 0.000 20.301 27 114 191
-45.844 0.000 20.067 27 115 187
-47.016 0.000 19.833 26 114 186
-48.188 0.000 19.598 27 113 186
-49.360 0.000 19.364 30 112 186
-50.531 0.000 19.130 35 113 185
-51.703 0.000 18.895 36 113 185
-52.875 0.000 18.661 37 114 186
-54.047 0.000 18.427 41 113 185
-55.218 0.000 18.192 45 113 186
-56.390 0.000 17.958 45 114 183
-57.562 0.000 17.724 43 112 181
-58.734 0.000 17.489 40 109 178
38.459 0.000 28.931 42 112 181
37.431 0.000 28.726 42 112 181
36.403 0.000 28.520 40 110 179
35.375 0.000 28.315 35 114 180
34.348 0.000 28.109 42 111 180
33.320 0.000 27.904 60 81 112
32.292 0.000 27.698 75 131 180
31.265 0.000 27.493 153 198 255
30.237 0.000 27.287 186 225 242
29.209 0.000 27.081 41 78 133
28.182 0.000 26.876 36 119 189
27.154 0.000 26.670 8 116 206
26.126 0.000 26.465 39 121 194
25.099 0.000 26.259 40 120 189
24.071 0.000 26.054 34 120 193
23.043 0.000 25.848 34 120 193
22.016 0.000 25.643 33 119 192
20.988 0.000 25.437 36 122 195
19.960 0.000 25.232 35 121 194
18.933 0.000 25.026 35 121 198
17.905 0.000 24.821 36 122 199
16.877 0.000 24.615 35 122 199
15.850 0.000 24.409 35 122 199
14.822 0.000 24.204 34 124 200
13.794 0.000 23.998 34 124 200
12.767 0.000 23.793 34 124 200
11.739 0.000 23.587 34 124 200
10.711 0.000 23.382 36 126 202
9.684 0.000 23.176 36 126 202
8.656 0.000 22.971 36 126 202
7.628 0.000 22.765 37 127 203
6.601 0.000 22.560 37 127 203
5.573 0.000 22.354 37 127 203
4.545 0.000 22.149 37 127 203
3.518 0.000 21.943 37 127 203
2.490 0.000 21.738 37 127 203
1.462 0.000 21.532 38 128 204
0.434 0.000 21.326 37 127 205
-0.593 0.000 21.121 38 128 206
-1.621 0.000 20.915 36 128 205
-2.649 0.000 20.710 36 128 205
-3.676 0.000 20.504 36 128 205
-4.704 0.000 20.299 35 128 205
-5.732 0.000 20.093 32 130 205
-6.759 0.000 19.888 40 126 201
-7.787 0.000 19.682 35 128 206
-8.815 0.000 19.477 34 114 185
-9.842 0.000 19.271 21 18 13
-10.870 0.000 19.066 189 166 132
-11.898 0.000 18.860 110 100 101
-12.925 0.000 18.654 52 41 35
-13.953 0.000 18.449 72 61 57
-14.981 0.000 18.243 0 0 0
-16.008 0.000 18.038 18 74 133
-17.036 0.000 17.832 32 130 201
-18.064 0.000 17.627 32 128 205
-19.091 0.000 17.421 31 132 214
-20.119 0.000 17.216 25 127 211
-21.147 0.000 17.010 33 116 182
-22.174 0.000 16.805 55 133 197
-23.202 0.000 16.599 30 126 203
-24.230 0.000 16.394 30 126 203
-25.257 0.000 16.188 33 125 202
-26.285 0.000 15.983 34 126 203
-27.313 0.000 15.777 33 125 202
-28.340 0.000 15.571 33 125 202
-29.368 0.000 15.366 32 124 201
-30.396 0.000 15.160 29 125 201
-31.423 0.000 14.955 28 124 200
-32.451 0.000 14.749 28 124 200
-33.479 0.000 14.544 28 124 200
-34.507 0.000 14.338 27 123 199
-35.534 0.000 14.133 30 122 199
-36.562 0.000 13.927 31 121 199
-37.590 0.000 13.722 33 120 197
-38.617 0.000 13.516 33 120 197
-39.645 0.000 13.311 34 120 193
-40.673 0.000 13.105 35 121 194
-41.700 0.000 12.900 39 121 194
-42.728 0.000 12.694 43 125 198
-43.756 0.000 12.488 37 117 190
-44.783 0.000 12.283 37 117 190
-45.811 0.000 12.077 38 118 191
-46.839 0.000 11.872 41 118 188
-47.866 0.000 11.666 40 117 187
-48.894 0.000 11.461 44 117 185
-49.922 0.000 11.255 44 117 185
-50.949 0.000 11.050 56 116 188
34.749 0.000 21.944 42 112 181
33.834 0.000 21.761 42 112 181
32.918 0.000 21.578 43 113 182
32.003 0.000 21.395 35 118 184
31.088 0.000 21.212 69 74 94
30.173 0.000 21.029 68 111 164
29.258 0.000 20.846 49 58 67
28.343 0.000 20.663 189 214 245
27.428 0.000 20.480 16 111 195
26.512 0.000 20.297 163 203 238
25.597 0.000 20.114 38 104 162
24.682 0.000 19.931 95 141 193
23.767 0.000 19.748 25 100 167
22.852 0.000 19.565 58 110 160
21.937 0.000 19.382 57 101 148
21.021 0.000 19.198 67 132 198
20.106 0.000 19.015 22 130 192
19.191 0.000 18.832 41 115 202
18.276 0.000 18.649 27 126 209
17.361 0.000 18.466 32 122 200
16.446 0.000 18.283 41 124 200
15.531 0.000 18.100 42 126 199
14.615 0.000 17.917 37 128 199
13.700 0.000 17.734 40 128 200
12.785 0.000 17.551 40 128 200
11.870 0.000 17.368 40 128 202
10.955 0.000 17.185 37 129 204
10.040 0.000 17.002 39 131 206
9.124 0.000 16.819 40 130 206
8.209 0.000 16.636 40 130 206
7.294 0.000 16.453 41 131 207
6.379 0.000 16.270 43 133 209
5.464 0.000 16.087 41 131 207
4.727 -2.600 31.473 41 131 207
3.514 -2.600 31.230 41 131 207
2.302 -2.600 30.988 41 131 207
1.089 -2.600 30.745 43 133 209
-0.123 -2.600 30.503 43 135 210
-1.336 -2.600 30.260 48 134 211
-2.548 -2.600 30.018 55 133 205
-3.761 -2.600 29.775 54 140 213
-4.974 -2.600 29.533 45 135 211
-6.186 -2.600 29.290 36 134 205
-7.399 -2.600 29.048 37 133 209
-8.611 -2.600 28.805 41 133 200
-9.824 -2.600 28.563 34 130 207
-11.037 -2.600 28.320 28 107 173
-12.249 -2.600 28.077 67 60 52
-13.462 -2.600 27.835 140 121 91
-14.674 -2.600 27.592 6 0 0
-15.887 -2.600 27.350 230 216 213
-17.099 -2.600 27.107 139 126 133
-18.312 -2.600 26.865 4 0 0
-19.525 -2.600 26.622 28 113 180
-14.670 0.000 12.060 231 255 255
-15.585 0.000 11.877 58 56 69
-16.500 0.000 11.694 125 121 120
-17.415 0.000 11.511 114 128 137
-18.330 0.000 11.328 40 39 44
-19.245 0.000 11.145 54 110 161
-20.160 0.000 10.962 36 137 219
-21.076 0.000 10.779 31 133 217
-21.991 0.000 10.596 34 130 206
-22.906 0.000 10.413 34 130 206
-23.821 0.000 10.230 34 132 207
-24.736 0.000 10.047 34 132 207
-25.651 0.000 9.864 32 130 205
-26.567 0.000 9.681 31 129 204
-27.482 0.000 9.498 31 129 204
-28.397 0.000 9.315 35 127 202
-29.312 0.000 9.132 36 128 203
-30.227 0.000 8.949 36 126 202
-31.142 0.000 8.766 36 126 202
-32.057 0.000 8.583 38 125 202
-32.973 0.000 8.400 39 125 198
-33.888 0.000 8.217 40 126 199
-34.803 0.000 8.034 53 130 200
-35.718 0.000 7.851 61 133 205
-36.633 0.000 7.668 43 125 199
-37.548 0.000 7.485 39 121 195
-38.464 0.000 7.301 39 121 195
-39.379 0.000 7.118 39 121 195
-40.294 0.000 6.935 38 120 194
-41.209 0.000 6.752 41 121 194
-42.124 0.000 6.569 41 121 194
-43.039 0.000 6.386 41 119 191
-43.955 0.000 6.203 45 120 187
-44.870 0.000 6.020 51 120 187
31.771 0.000 16.336 48 119 185
30.946 0.000 16.171 48 119 185
30.122 0.000 16.006 54 125 191
29.297 0.000 15.841 52 122 191
28.472 0.000 15.676 45 123 189
27.647 0.000 15.511 45 122 192
26.822 0.000 15.346 46 123 193
25.997 0.000 15.181 45 123 185
25.172 0.000 15.016 41 124 192
24.348 0.000 14.851 76 118 156
23.523 0.000 14.686 77 125 173
22.698 0.000 14.521 90 139 198
21.873 0.000 14.356 37 27 28
21.048 0.000 14.191 41 115 180
20.223 0.000 14.026 55 128 197
19.399 0.000 13.861 65 119 165
18.574 0.000 13.696 77 154 224
17.749 0.000 13.531 85 118 153
16.924 0.000 13.366 110 178 239
16.099 0.000 13.201 73 141 178
15.274 0.000 13.036 73 88 143
14.450 0.000 12.871 53 152 233
13.625 0.000 12.706 55 108 176
12.800 0.000 12.541 15 142 213
11.975 0.000 12.376 60 119 199
11.150 0.000 12.212 34 132 203
10.325 0.000 12.047 44 135 206
9.500 0.000 11.882 44 135 206
8.676 0.000 11.717 42 136 208
9.102 -2.600 25.706 45 136 209
8.009 -2.600 25.487 51 137 212
6.917 -2.600 25.269 49 135 210
5.824 -2.600 25.050 48 136 210
4.731 -2.600 24.832 51 139 213
3.638 -2.600 24.613 49 137 211
2.545 -2.600 24.394 49 135 208
1.452 -2.600 24.176 48 134 207
0.359 -2.600 23.957 50 136 211
-0.734 -2.600 23.739 56 142 217
-1.827 -2.600 23.520 51 137 214
-2.920 -2.600 23.302 60 138 210
-4.013 -2.600 23.083 78 151 219
-5.106 -2.600 22.864 75 152 220
-6.198 -2.600 22.646 51 142 215
-7.291 -2.600 22.427 42 138 212
-8.384 -2.600 22.209 28 133 216
-9.477 -2.600 21.990 28 113 180
-10.570 -2.600 21.771 131 124 131
-11.663 -2.600 21.553 106 83 52
-12.756 -2.600 21.334 13 0 5
-13.849 -2.600 21.116 24 15 10
-14.942 -2.600 20.897 19 15 16
-16.035 -2.600 20.679 23 18 14
-17.128 -2.600 20.460 38 133 213
-18.221 -2.600 20.241 51 143 216
-19.313 -2.600 20.023 221 236 231
-14.420 0.000 7.098 245 255 255
-15.245 0.000 6.933 72 83 101
-16.070 0.000 6.768 24 33 42
-16.894 0.000 6.603 23 54 82
-17.719 0.000 6.438 51 142 212
-18.544 0.000 6.273 42 136 210
-19.369 0.000 6.108 40 136 210
-20.194 0.000 5.943 39 135 209
-21.019 0.000 5.778 40 136 210
-21.843 0.000 5.613 37 133 207
-22.668 0.000 5.448 39 135 209
-23.493 0.000 5.283 40 132 207
-24.318 0.000 5.118 40 132 207
-25.143 0.000 4.953 40 134 204
-25.968 0.000 4.788 40 134 204
-26.792 0.000 4.623 44 132 204
-27.617 0.000 4.458 46 134 206
-28.442 0.000 4.293 43 131 203
-29.267 0.000 4.128 42 130 202
-30.092 0.000 3.963 42 130 202
-30.917 0.000 3.798 46 133 204
-31.742 0.000 3.633 42 129 200
-32.566 0.000 3.468 43 129 204
-33.391 0.000 3.303 40 126 201
-34.216 0.000 3.138 41 128 199
-35.041 0.000 2.973 38 125 196
-35.866 0.000 2.808 38 125 196
-36.691 0.000 2.643 41 123 196
-37.515 0.000 2.478 44 122 196
-38.340 0.000 2.313 39 122 192
-39.165 0.000 2.148 44 122 188
-39.990 0.000 1.984 65 132 200
29.329 0.000 11.735 55 124 189
28.578 0.000 11.585 55 124 189
27.827 0.000 11.435 56 125 190
27.076 0.000 11.285 53 127 192
26.326 0.000 11.134 53 127 192
25.575 0.000 10.984 50 128 194
24.824 0.000 10.834 49 127 193
24.073 0.000 10.684 54 132 198
23.323 0.000 10.534 53 131 197
22.572 0.000 10.384 53 131 197
21.821 0.000 10.234 43 121 187
21.070 0.000 10.083 52 130 196
20.320 0.000 9.933 50 130 201
19.569 0.000 9.783 51 131 202
18.818 0.000 9.633 51 122 188
18.067 0.000 9.483 51 111 171
17.317 0.000 9.333 105 134 166
16.566 0.000 9.182 83 124 154
15.815 0.000 9.032 49 39 76
15.064 0.000 8.882 71 126 183
14.314 0.000 8.732 0 9 54
13.563 0.000 8.582 49 111 170
12.812 0.000 8.432 102 164 215
12.061 0.000 8.282 92 115 169
11.311 0.000 8.131 37 122 179
10.560 0.000 7.981 116 145 189
9.809 0.000 7.831 54 106 145
9.058 0.000 7.681 78 169 248
8.307 0.000 7.531 34 140 216
8.713 -2.600 20.179 62 140 204
7.718 -2.600 19.980 68 156 219
6.723 -2.600 19.781 71 158 238
5.728 -2.600 19.583 67 149 209
4.734 -2.600 19.384 64 147 201
3.739 -2.600 19.185 73 156 210
2.744 -2.600 18.986 62 145 215
1.749 -2.600 18.787 60 143 213
0.755 -2.600 18.588 69 143 204
-0.240 -2.600 18.389 60 143 193
-1.235 -2.600 18.190 45 151 213
-2.230 -2.600 17.991 49 151 215
-3.224 -2.600 17.792 52 151 218
-4.219 -2.600 17.593 56 152 228
-5.214 -2.600 17.394 60 146 229
-6.209 -2.600 17.195 48 139 210
-7.203 -2.600 16.996 64 149 216
-8.198 -2.600 16.797 51 141 204
-9.193 -2.600 16.598 93 89 104
-10.187 -2.600 16.399 141 131 122
-11.182 -2.600 16.200 86 124 161
-12.177 -2.600 16.001 7 0 0
-13.172 -2.600 15.802 3 0 0
-14.166 -2.600 15.604 71 100 106
-15.161 -2.600 15.405 39 146 224
-16.156 -2.600 15.206 210 207 216
-17.151 -2.600 15.007 186 193 203
-18.145 -2.600 14.808 186 196 205
-19.140 -2.600 14.609 10 19 26
-14.215 0.000 3.026 226 234 237
-14.966 0.000 2.876 22 58 92
-15.717 0.000 2.726 52 144 211
-16.467 0.000 2.576 48 142 214
-17.218 0.000 2.426 45 143 214
-17.969 0.000 2.276 48 146 217
-18.720 0.000 2.125 46 142 216
-19.470 0.000 1.975 46 138 213
-20.221 0.000 1.825 53 136 214
-20.972 0.000 1.675 48 141 211
-21.723 0.000 1.525 45 138 208
-22.473 0.000 1.375 46 139 208
-23.224 0.000 1.224 55 142 213
-23.975 0.000 1.074 53 141 212
-24.726 0.000 0.924 50 138 209
-25.476 0.000 0.774 46 134 205
-26.227 0.000 0.624 49 136 207
-26.978 0.000 0.474 48 135 206
-27.729 0.000 0.324 48 135 206
-28.479 0.000 0.173 53 140 211
-29.230 0.000 0.023 52 134 207
-29.981 0.000 -0.127 50 132 205
-30.732 0.000 -0.277 46 133 202
-31.482 0.000 -0.427 49 132 202
-32.233 0.000 -0.577 49 127 199
-32.984 0.000 -0.727 47 127 196
-33.735 0.000 -0.878 49 127 201
-34.485 0.000 -1.028 54 126 200
-35.236 0.000 -1.178 64 128 190
-35.987 0.000 -1.328 107 153 213
27.289 0.000 7.893 59 128 193
26.600 0.000 7.755 59 128 193
25.911 0.000 7.617 58 127 192
25.222 0.000 7.479 58 132 197
24.533 0.000 7.342 58 132 197
23.844 0.000 7.204 55 133 199
23.155 0.000 7.066 56 134 200
22.466 0.000 6.928 59 137 203
21.778 0.000 6.790 56 134 200
21.089 0.000 6.653 56 134 200
20.400 0.000 6.515 54 132 198
19.711 0.000 6.377 59 137 203
19.022 0.000 6.239 68 141 209
18.333 0.000 6.102 69 142 210
17.644 0.000 5.964 58 136 210
16.955 0.000 5.826 63 140 212
16.267 0.000 5.688 90 129 204
15.578 0.000 5.550 47 156 215
14.889 0.000 5.413 56 130 203
14.200 0.000 5.275 48 135 206
13.511 0.000 5.137 59 130 194
12.822 0.000 4.999 69 135 196
12.133 0.000 4.862 110 104 104
11.444 0.000 4.724 136 145 160
10.756 0.000 4.586 66 76 111
10.067 0.000 4.448 53 154 226
9.378 0.000 4.311 127 182 221
8.689 0.000 4.173 76 133 186
8.000 0.000 4.035 91 121 171
8.387 -2.600 15.564 53 138 195
7.475 -2.600 15.381 101 126 166
6.562 -2.600 15.199 42 88 138
5.649 -2.600 15.016 55 152 221
4.736 -2.600 14.834 57 147 207
3.823 -2.600 14.651 59 149 209
2.911 -2.600 14.468 62 154 229
1.998 -2.600 14.286 60 152 227
1.085 -2.600 14.103 80 148 221
0.172 -2.600 13.921 87 150 217
-0.740 -2.600 13.738 85 159 224
-1.653 -2.600 13.556 87 156 223
-2.566 -2.600 13.373 88 157 222
-3.479 -2.600 13.191 81 156 214
-4.391 -2.600 13.008 90 155 221
-5.304 -2.600 12.825 91 135 170
-6.217 -2.600 12.643 66 154 225
-7.130 -2.600 12.460 46 132 193
-8.042 -2.600 12.278 71 58 68
-8.955 -2.600 12.095 170 163 155
-9.868 -2.600 11.913 181 198 218
-10.781 -2.600 11.730 50 53 60
-11.693 -2.600 11.548 76 79 98
-12.606 -2.600 11.365 78 88 90
-13.519 -2.600 11.183 76 162 235
-14.432 -2.600 11.000 91 104 121
-15.344 -2.600 10.817 240 253 255
-16.257 -2.600 10.635 175 194 200
-17.170 -2.600 10.452 137 152 157
-18.083 -2.600 10.270 206 222 222
-18.996 -2.600 10.087 0 24 56
-14.044 0.000 -0.374 58 150 217
-14.733 0.000 -0.512 55 149 221
-15.422 0.000 -0.649 72 155 223
-16.111 0.000 -0.787 71 154 222
-16.799 0.000 -0.925 70 154 224
-17.488 0.000 -1.063 56 148 215
-18.177 0.000 -1.200 48 146 211
-18.866 0.000 -1.338 52 145 215
-19.555 0.000 -1.476 52 145 215
-20.244 0.000 -1.614 51 144 213
-20.933 0.000 -1.752 55 142 213
-21.622 0.000 -1.889 56 144 215
-22.310 0.000 -2.027 56 144 215
-22.999 0.000 -2.165 59 147 218
-23.688 0.000 -2.303 56 143 214
-24.377 0.000 -2.440 53 140 211
-25.066 0.000 -2.578 52 139 210
-25.755 0.000 -2.716 55 142 213
-26.444 0.000 -2.854 57 139 212
-27.133 0.000 -2.992 54 136 209
-27.821 0.000 -3.129 63 144 210
-28.510 0.000 -3.267 67 142 209
-29.199 0.000 -3.405 67 137 206
-29.888 0.000 -3.543 78 141 208
-30.577 0.000 -3.680 115 164 222
-31.266 0.000 -3.818 112 163 218
-31.955 0.000 -3.956 90 145 202
-32.644 0.000 -4.094 67 127 199
25.559 0.000 4.635 72 132 194
24.923 0.000 4.508 69 133 194
24.286 0.000 4.381 70 139 198
23.650 0.000 4.254 69 139 199
23.014 0.000 4.126 69 139 199
22.377 0.000 3.999 70 140 200
21.741 0.000 3.872 73 143 203
21.104 0.000 3.744 67 141 202
20.468 0.000 3.617 66 140 201
19.831 0.000 3.490 73 144 206
19.195 0.000 3.363 77 147 207
18.559 0.000 3.235 78 148 208
17.922 0.000 3.108 75 146 208
17.286 0.000 2.981 74 145 207
16.649 0.000 2.853 66 145 211
16.013 0.000 2.726 61 140 206
15.376 0.000 2.599 61 140 206
14.740 0.000 2.472 64 145 210
14.104 0.000 2.344 62 150 213
13.467 0.000 2.217 49 130 195
12.831 0.000 2.090 62 143 208
12.194 0.000 1.962 68 151 219
11.558 0.000 1.835 56 144 207
10.921 0.000 1.708 21 165 228
10.285 0.000 1.581 64 143 220
9.649 0.000 1.453 75 135 189
9.012 0.000 1.326 76 145 202
8.376 0.000 1.199 66 141 198
8.955 -2.600 11.820 87 149 200
8.111 -2.600 11.651 156 163 179
7.268 -2.600 11.482 102 129 159
6.425 -2.600 11.314 38 62 88
5.582 -2.600 11.145 133 152 185
4.738 -2.600 10.976 96 157 214
3.895 -2.600 10.808 184 204 211
3.052 -2.600 10.639 152 163 181
2.209 -2.600 10.471 44 113 170
1.365 -2.600 10.302 97 163 221
0.522 -2.600 10.133 74 158 222
-0.321 -2.600 9.965 73 156 222
-1.164 -2.600 9.796 81 160 227
-2.008 -2.600 9.627 87 162 229
-2.851 -2.600 9.459 83 162 221
-3.694 -2.600 9.290 85 164 223
-4.537 -2.600 9.121 143 177 204
-5.381 -2.600 8.953 73 151 215
-6.224 -2.600 8.784 113 154 218
-7.067 -2.600 8.615 86 115 110
-7.911 -2.600 8.447 111 111 123
-8.754 -2.600 8.278 0 1 0
-9.597 -2.600 8.109 190 209 216
-10.440 -2.600 7.941 222 237 244
-11.284 -2.600 7.772 88 108 119
-12.127 -2.600 7.603 84 153 228
-12.970 -2.600 7.435 118 160 202
-13.813 -2.600 7.266 190 194 195
-14.657 -2.600 7.097 128 133 139
-15.500 -2.600 6.929 74 93 99
-16.343 -2.600 6.760 217 236 240
-17.186 -2.600 6.592 6 39 74
-18.030 -2.600 6.423 98 166 227
-18.873 -2.600 6.254 99 167 228
-19.716 -2.600 6.086 99 168 227
-14.535 0.000 -3.383 94 166 225
-15.172 0.000 -3.511 73 154 217
-15.808 0.000 -3.638 63 154 225
-16.445 0.000 -3.765 66 149 215
-17.081 0.000 -3.893 59 150 220
-17.718 0.000 -4.020 59 150 220
-18.354 0.000 -4.147 60 148 219
-18.990 0.000 -4.274 60 148 219
-19.627 0.000 -4.402 67 146 213
-20.263 0.000 -4.529 63 144 199
-20.900 0.000 -4.656 217 239 255
-21.536 0.000 -4.784 255 255 248
-22.172 0.000 -4.911 72 137 191
-22.809 0.000 -5.038 59 146 215
-23.445 0.000 -5.165 66 141 208
-24.082 0.000 -5.293 89 153 217
-24.718 0.000 -5.420 101 163 224
-25.355 0.000 -5.547 87 151 212
-25.991 0.000 -5.675 77 143 204
-26.627 0.000 -5.802 76 146 206
-27.264 0.000 -5.929 94 154 216
-27.900 0.000 -6.056 78 143 209
-28.537 0.000 -6.184 67 136 201
-29.173 0.000 -6.311 66 135 200
-29.810 0.000 -6.438 68 135 205
24.075 0.000 1.839 87 147 199
23.483 0.000 1.721 87 147 199
22.892 0.000 1.603 84 144 196
22.300 0.000 1.484 86 147 202
21.709 0.000 1.366 86 147 202
21.118 0.000 1.248 89 150 205
20.526 0.000 1.130 90 151 206
19.935 0.000 1.011 95 156 211
19.343 0.000 0.893 95 156 211
18.752 0.000 0.775 95 156 211
18.161 0.000 0.656 91 154 208
17.569 0.000 0.538 93 156 210
16.978 0.000 0.420 95 156 211
16.386 0.000 0.302 99 160 215
15.795 0.000 0.183 94 155 212
15.204 0.000 0.065 89 153 214
14.612 0.000 -0.053 89 155 215
14.021 0.000 -0.172 90 154 215
13.430 0.000 -0.290 93 157 218
12.838 0.000 -0.408 91 160 217
12.247 0.000 -0.526 90 159 216
11.655 0.000 -0.645 92 162 221
11.064 0.000 -0.763 88 163 220
10.473 0.000 -0.881 89 164 222
9.881 0.000 -1.000 87 162 220
9.290 0.000 -1.118 83 158 216
8.698 0.000 -1.236 87 163 223
8.107 0.000 -1.354 80 156 216
8.658 -2.600 8.449 78 156 218
7.875 -2.600 8.292 71 154 220
7.091 -2.600 8.135 77 162 229
6.307 -2.600 7.979 55 151 227
5.524 -2.600 7.822 59 174 237
4.740 -2.600 7.665 102 123 178
3.957 -2.600 7.508 165 195 203
3.173 -2.600 7.352 48 29 15
2.389 -2.600 7.195 176 231 255
1.606 -2.600 7.038 135 178 213
0.822 -2.600 6.882 159 219 247
0.039 -2.600 6.725 118 145 190
-0.745 -2.600 6.568 128 186 208
-1.529 -2.600 6.411 56 56 110
-2.312 -2.600 6.255 118 172 218
-3.096 -2.600 6.098 120 182 231
-3.879 -2.600 5.941 171 205 240
-4.663 -2.600 5.785 127 180 230
-5.446 -2.600 5.628 122 176 214
-6.230 -2.600 5.471 145 164 178
-7.014 -2.600 5.314 90 53 34
-7.797 -2.600 5.158 12 2 10
-5.495 0.000 -4.075 119 130 152
-6.086 0.000 -4.193 140 155 158
-6.678 0.000 -4.311 78 98 109
-7.269 0.000 -4.430 128 177 220
-7.861 0.000 -4.548 77 112 132
-8.452 0.000 -4.666 91 92 97
-9.043 0.000 -4.784 158 168 178
-9.635 0.000 -4.903 102 117 120
-10.226 0.000 -5.021 245 255 255
-10.818 0.000 -5.139 8 41 72
-11.409 0.000 -5.258 93 164 218
-12.000 0.000 -5.376 100 170 229
-12.592 0.000 -5.494 91 167 227
-13.183 0.000 -5.612 75 159 221
-13.774 0.000 -5.731 71 159 222
-14.366 0.000 -5.849 68 156 219
-14.957 0.000 -5.967 69 157 220
-15.549 0.000 -6.085 72 157 221
-16.140 0.000 -6.204 70 155 219
-16.731 0.000 -6.322 69 154 221
-17.323 0.000 -6.440 69 154 221
-17.914 0.000 -6.559 132 199 242
-18.506 0.000 -6.677 137 177 189
-19.097 0.000 -6.795 8 52 87
-19.688 0.000 -6.913 149 187 210
-20.280 0.000 -7.032 0 18 42
-20.871 0.000 -7.150 75 153 217
-21.463 0.000 -7.268 86 160 221
-22.054 0.000 -7.387 80 151 215
-22.645 0.000 -7.505 78 149 213
-23.237 0.000 -7.623 74 151 207
-23.828 0.000 -7.741 97 157 217
-24.420 0.000 -7.860 92 154 213
-25.011 0.000 -7.978 89 151 212
-25.602 0.000 -8.096 85 147 208
-26.194 0.000 -8.214 79 148 207
-26.785 0.000 -8.333 75 144 203
-27.376 0.000 -8.451 71 141 203
22.786 0.000 -0.588 88 148 198
22.234 0.000 -0.698 90 150 200
21.682 0.000 -0.808 90 150 200
21.129 0.000 -0.919 93 153 203
20.577 0.000 -1.029 94 154 204
20.025 0.000 -1.140 99 155 204
19.472 0.000 -1.250 102 158 207
18.920 0.000 -1.361 99 159 209
18.368 0.000 -1.471 100 160 210
17.815 0.000 -1.582 105 163 213
17.263 0.000 -1.692 106 162 211
16.711 0.000 -1.803 106 162 211
16.158 0.000 -1.913 108 164 215
15.606 0.000 -2.024 106 162 213
15.054 0.000 -2.134 108 164 215
14.501 0.000 -2.244 110 166 217
13.949 0.000 -2.355 106 166 218
13.397 0.000 -2.465 106 166 218
12.845 0.000 -2.576 106 166 218
12.292 0.000 -2.686 102 165 216
11.740 0.000 -2.797 103 166 217
11.188 0.000 -2.907 110 170 222
10.635 0.000 -3.018 110 170 222
10.083 0.000 -3.128 111 173 222
9.531 0.000 -3.239 113 175 224
8.978 0.000 -3.349 109 172 223
8.426 0.000 -3.460 94 165 221
9.133 -2.600 5.670 94 165 221
8.401 -2.600 5.523 93 165 223
7.669 -2.600 5.377 91 163 221
6.937 -2.600 5.231 96 167 223
5.664 0.000 -4.012 112 183 239
5.112 0.000 -4.122 104 169 223
4.560 0.000 -4.233 93 156 209
4.008 0.000 -4.343 94 157 210
3.455 0.000 -4.454 108 174 226
2.903 0.000 -4.564 100 166 218
2.351 0.000 -4.675 96 167 223
1.798 0.000 -4.785 108 172 216
1.246 0.000 -4.896 86 97 117
0.694 0.000 -5.006 156 181 211
0.141 0.000 -5.117 88 85 92
-0.411 0.000 -5.227 149 183 211
-0.963 0.000 -5.337 140 194 241
-1.516 0.000 -5.448 105 128 142
-2.068 0.000 -5.558 183 204 231
-2.620 0.000 -5.669 88 114 149
-3.173 0.000 -5.779 240 255 255
-3.725 0.000 -5.890 170 165 159
-4.277 0.000 -6.000 17 8 0
-4.829 0.000 -6.111 103 127 139
-5.382 0.000 -6.221 44 72 73
-5.934 0.000 -6.332 50 82 93
-6.486 0.000 -6.442 152 197 238
-7.039 0.000 -6.553 142 174 199
-7.591 0.000 -6.663 157 168 170
-8.143 0.000 -6.773 247 255 255
-8.696 0.000 -6.884 195 205 214
-9.248 0.000 -6.994 218 229 233
-9.800 0.000 -7.105 0 24 48
-10.353 0.000 -7.215 108 175 228
-10.905 0.000 -7.326 95 166 222
-11.457 0.000 -7.436 83 169 228
-12.009 0.000 -7.547 84 168 228
-12.562 0.000 -7.657 90 165 222
-13.114 0.000 -7.768 99 170 226
-13.666 0.000 -7.878 94 165 221
-14.219 0.000 -7.989 79 161 219
-14.771 0.000 -8.099 81 159 225
-15.323 0.000 -8.209 81 162 227
-15.876 0.000 -8.320 82 163 226
-16.428 0.000 -8.430 94 133 164
-16.980 0.000 -8.541 155 184 198
-17.533 0.000 -8.651 91 123 134
-18.085 0.000 -8.762 133 165 188
-18.637 0.000 -8.872 48 66 90
-19.190 0.000 -8.983 114 161 205
-19.742 0.000 -9.093 102 164 221
-20.294 0.000 -9.204 99 162 215
-20.846 0.000 -9.314 93 153 207
-21.399 0.000 -9.425 115 165 216
-21.951 0.000 -9.535 124 172 221
-22.503 0.000 -9.645 123 173 224
-23.056 0.000 -9.756 141 175 220
-23.608 0.000 -9.866 128 168 217
-24.160 0.000 -9.977 106 163 216
-24.713 0.000 -10.087 99 162 216
-25.265 0.000 -10.198 97 157 211
21.657 0.000 -2.713 92 153 200
21.139 0.000 -2.817 92 153 200
20.621 0.000 -2.921 92 153 200
20.103 0.000 -3.024 91 153 202
19.585 0.000 -3.128 92 154 203
19.067 0.000 -3.232 91 153 202
18.549 0.000 -3.335 92 154 203
18.031 0.000 -3.439 91 157 205
17.513 0.000 -3.542 94 160 208
16.995 0.000 -3.646 96 160 208
16.477 0.000 -3.750 104 162 212
15.959 0.000 -3.853 104 162 212
15.441 0.000 -3.957 105 163 211
14.922 0.000 -4.060 107 165 213
14.404 0.000 -4.164 110 168 216
13.886 0.000 -4.268 108 166 214
13.368 0.000 -4.371 110 168 216
12.850 0.000 -4.475 110 168 216
12.332 0.000 -4.579 110 168 216
11.814 0.000 -4.682 114 172 220
11.296 0.000 -4.786 115 173 221
10.778 0.000 -4.889 112 174 221
10.260 0.000 -4.993 112 174 221
9.742 0.000 -5.097 114 176 223
9.224 0.000 -5.200 113 175 222
8.706 0.000 -5.304 113 175 222
8.187 0.000 -5.407 113 175 222
7.669 0.000 -5.511 112 174 221
7.151 0.000 -5.615 112 173 220
6.633 0.000 -5.718 117 178 225
6.115 0.000 -5.822 119 181 228
5.597 0.000 -5.926 112 174 221
5.079 0.000 -6.029 125 184 228
4.561 0.000 -6.133 132 185 227
4.043 0.000 -6.236 136 183 227
3.525 0.000 -6.340 124 181 226
3.007 0.000 -6.444 101 175 224
2.489 0.000 -6.547 95 170 225
1.971 0.000 -6.651 98 173 228
1.452 0.000 -6.754 88 158 220
0.934 0.000 -6.858 76 168 215
0.416 0.000 -6.962 99 174 239
-0.102 0.000 -7.065 105 178 233
-0.620 0.000 -7.169 111 182 234
-1.138 0.000 -7.273 136 167 198
-1.656 0.000 -7.376 199 201 214
-2.174 0.000 -7.480 84 96 118
-2.692 0.000 -7.583 194 203 200
-3.210 0.000 -7.687 186 171 150
-3.728 0.000 -7.791 218 246 247
-4.246 0.000 -7.894 84 89 92
-4.764 0.000 -7.998 190 214 214
-5.283 0.000 -8.101 80 82 97
-5.801 0.000 -8.205 168 207 240
-6.319 0.000 -8.309 151 180 198
-6.837 0.000 -8.412 167 174 184
-7.355 0.000 -8.516 134 148 159
-7.873 0.000 -8.620 18 38 37
-8.391 0.000 -8.723 229 242 248
-8.909 0.000 -8.827 3 27 51
-9.427 0.000 -8.930 186 218 243
-9.945 0.000 -9.034 183 211 233
-10.463 0.000 -9.138 180 208 232
-10.981 0.000 -9.241 181 209 233
-11.499 0.000 -9.345 181 211 237
-12.018 0.000 -9.448 187 205 225
-12.536 0.000 -9.552 174 205 233
-13.054 0.000 -9.656 169 202 235
-13.572 0.000 -9.759 157 190 223
-14.090 0.000 -9.863 163 194 225
-14.608 0.000 -9.967 176 207 236
-15.126 0.000 -10.070 88 105 131
-15.644 0.000 -10.174 180 196 232
-16.162 0.000 -10.277 95 112 156
-16.680 0.000 -10.381 127 153 178
-17.198 0.000 -10.485 52 73 100
-17.716 0.000 -10.588 69 83 109
-18.234 0.000 -10.692 152 197 236
-18.753 0.000 -10.795 139 181 223
-19.271 0.000 -10.899 144 186 228
-19.789 0.000 -11.003 146 182 218
-20.307 0.000 -11.106 148 183 221
-20.825 0.000 -11.210 140 182 222
-21.343 0.000 -11.314 126 169 211
-21.861 0.000 -11.417 124 172 220
-22.379 0.000 -11.521 133 178 220
-22.897 0.000 -11.624 128 173 215
-23.415 0.000 -11.728 135 170 212
20.661 0.000 -4.591 88 151 195
20.173 0.000 -4.689 88 151 195
19.685 0.000 -4.786 89 152 196
19.197 0.000 -4.884 90 152 199
18.709 0.000 -4.981 94 156 203
18.221 0.000 -5.079 93 156 200
17.734 0.000 -5.177 95 158 202
17.246 0.000 -5.274 95 158 202
16.758 0.000 -5.372 97 160 204
16.270 0.000 -5.469 97 160 204
15.782 0.000 -5.567 99 161 208
15.294 0.000 -5.664 100 162 209
14.806 0.000 -5.762 101 163 210
14.319 0.000 -5.860 101 163 210
13.831 0.000 -5.957 102 164 211
13.343 0.000 -6.055 104 166 213
12.855 0.000 -6.152 104 168 214
12.367 0.000 -6.250 104 168 214
11.879 0.000 -6.347 106 170 216
11.392 0.000 -6.445 106 170 216
10.904 0.000 -6.543 108 172 218
10.416 0.000 -6.640 109 173 219
9.928 0.000 -6.738 109 173 219
9.440 0.000 -6.835 111 175 221
8.952 0.000 -6.933 111 175 221
8.465 0.000 -7.030 111 175 221
7.977 0.000 -7.128 111 175 221
7.489 0.000 -7.225 111 175 221
7.001 0.000 -7.323 107 175 222
6.513 0.000 -7.421 107 175 222
6.025 0.000 -7.518 111 175 221
5.538 0.000 -7.616 113 177 223
5.050 0.000 -7.713 110 176 224
4.562 0.000 -7.811 110 176 224
4.074 0.000 -7.908 111 177 225
3.586 0.000 -8.006 108 180 228
3.098 0.000 -8.104 106 178 226
2.611 0.000 -8.201 100 178 226
2.123 0.000 -8.299 104 178 227
1.635 0.000 -8.396 106 180 227
1.147 0.000 -8.494 108 176 221
0.659 0.000 -8.591 119 182 226
0.171 0.000 -8.689 121 183 224
-0.317 0.000 -8.787 127 189 230
-0.804 0.000 -8.884 122 189 241
-1.292 0.000 -8.982 119 186 239
-1.780 0.000 -9.079 131 179 217
-2.268 0.000 -9.177 128 145 153
-2.756 0.000 -9.274 134 114 103
-3.244 0.000 -9.372 238 236 237
-3.731 0.000 -9.470 171 182 186
-4.219 0.000 -9.567 239 237 250
-4.707 0.000 -9.665 88 77 83
-5.195 0.000 -9.762 15 7 20
-5.683 0.000 -9.860 149 164 171
-6.171 0.000 -9.957 156 150 162
-6.658 0.000 -10.055 129 141 155
-7.146 0.000 -10.153 76 87 93
-7.634 0.000 -10.250 169 182 188
-8.122 0.000 -10.348 1 26 48
-8.610 0.000 -10.445 154 196 238
-9.098 0.000 -10.543 43 82 125
-9.585 0.000 -10.640 155 191 213
-10.073 0.000 -10.738 160 183 215
-10.561 0.000 -10.835 163 203 239
-11.049 0.000 -10.933 182 189 215
-11.537 0.000 -11.031 169 200 231
-12.025 0.000 -11.128 171 202 231
-12.513 0.000 -11.226 169 200 229
-13.000 0.000 -11.323 152 195 230
-13.488 0.000 -11.421 143 181 217
-13.976 0.000 -11.518 187 206 221
-14.464 0.000 -11.616 185 217 228
-14.952 0.000 -11.714 83 98 119
-15.440 0.000 -11.811 180 208 220
-15.927 0.000 -11.909 184 210 235
-16.415 0.000 -12.006 121 143 164
-16.903 0.000 -12.104 187 209 230
-17.391 0.000 -12.201 163 192 224
-17.879 0.000 -12.299 164 193 225
-18.367 0.000 -12.397 160 193 224
-18.854 0.000 -12.494 160 193 224
-19.342 0.000 -12.592 155 188 219
-19.830 0.000 -12.689 148 186 222
-20.318 0.000 -12.787 174 188 189
-20.806 0.000 -12.884 157 167 158
-21.294 0.000 -12.982 161 192 210
-21.781 0.000 -13.080 150 184 219
19.774 0.000 -6.262 88 149 193
19.313 0.000 -6.354 90 151 195
18.852 0.000 -6.446 92 153 197
18.391 0.000 -6.538 92 155 199
17.930 0.000 -6.631 92 155 199
17.469 0.000 -6.723 94 157 201
17.008 0.000 -6.815 96 159 203
16.547 0.000 -6.907 98 159 204
16.086 0.000 -6.999 100 161 206
15.625 0.000 -7.091 100 161 206
15.164 0.000 -7.184 100 161 208
14.703 0.000 -7.276 100 161 208
14.242 0.000 -7.368 102 165 209
13.781 0.000 -7.460 103 166 210
13.320 0.000 -7.552 102 166 210
12.860 0.000 -7.645 102 166 210
12.399 0.000 -7.737 99 168 210
11.938 0.000 -7.829 99 168 210
11.477 0.000 -7.921 99 168 210
11.016 0.000 -8.013 103 167 213
10.555 0.000 -8.106 105 169 215
10.094 0.000 -8.198 101 172 216
9.633 0.000 -8.290 100 171 215
9.172 0.000 -8.382 106 173 218
8.711 0.000 -8.474 108 175 220
8.250 0.000 -8.566 108 175 220
7.789 0.000 -8.659 111 175 219
7.328 0.000 -8.751 115 179 223
6.867 0.000 -8.843 117 180 221
6.406 0.000 -8.935 117 180 221
5.945 0.000 -9.027 118 181 222
5.485 0.000 -9.120 118 181 222
5.024 0.000 -9.212 117 182 222
4.563 0.000 -9.304 117 182 222
4.102 0.000 -9.396 116 181 221
3.641 0.000 -9.488 117 181 225
3.180 0.000 -9.581 117 181 225
2.719 0.000 -9.673 122 184 223
2.258 0.000 -9.765 131 187 224
1.797 0.000 -9.857 132 190 227
1.336 0.000 -9.949 135 187 226
0.875 0.000 -10.041 149 192 227
0.414 0.000 -10.134 158 197 226
-0.047 0.000 -10.226 146 180 205
-0.508 0.000 -10.318 137 201 247
-0.969 0.000 -10.410 173 222 254
-1.429 0.000 -10.502 139 175 199
-1.890 0.000 -10.595 165 185 192
-2.351 0.000 -10.687 125 90 70
-2.812 0.000 -10.779 19 0 0
-3.273 0.000 -10.871 98 125 132
-3.734 0.000 -10.963 46 76 87
-4.195 0.000 -11.055 70 89 103
-4.656 0.000 -11.148 39 32 50
-5.117 0.000 -11.240 167 170 179
-5.578 0.000 -11.332 11 18 34
-6.039 0.000 -11.424 172 177 171
-6.500 0.000 -11.516 28 29 23
-6.961 0.000 -11.609 42 50 53
-7.422 0.000 -11.701 125 110 143
-7.883 0.000 -11.793 114 118 130
-8.344 0.000 -11.885 57 59 72
-8.804 0.000 -11.977 74 100 113
-9.265 0.000 -12.070 205 225 216
-9.726 0.000 -12.162 97 97 99
-10.187 0.000 -12.254 168 169 190
-10.648 0.000 -12.346 197 217 242
-11.109 0.000 -12.438 154 184 212
-11.570 0.000 -12.530 147 177 205
-12.031 0.000 -12.623 142 167 208
-12.492 0.000 -12.715 142 164 205
-12.953 0.000 -12.807 191 216 213
-13.414 0.000 -12.899 163 182 178
-13.875 0.000 -12.991 178 190 188
-14.336 0.000 -13.084 165 170 176
-14.797 0.000 -13.176 190 199 208
-15.258 0.000 -13.268 118 120 119
-15.718 0.000 -13.360 187 192 196
-16.179 0.000 -13.452 170 187 207
-16.640 0.000 -13.545 169 181 197
-17.101 0.000 -13.637 182 198 223
-17.562 0.000 -13.729 185 200 231
-18.023 0.000 -13.821 172 181 214
-18.484 0.000 -13.913 173 193 184
-18.945 0.000 -14.005 233 255 255
-19.406 0.000 -14.098 221 210 204
-19.867 0.000 -14.190 255 255 246
-20.328 0.000 -14.282 98 116 120
18.979 0.000 -7.758 96 152 189
18.542 0.000 -7.845 99 155 192
18.106 0.000 -7.932 100 156 193
17.669 0.000 -8.020 98 156 193
17.232 0.000 -8.107 101 159 196
16.795 0.000 -8.195 101 161 198
16.358 0.000 -8.282 102 162 199
15.921 0.000 -8.369 104 162 200
15.485 0.000 -8.457 106 164 202
15.048 0.000 -8.544 106 164 202
14.611 0.000 -8.631 103 163 200
14.174 0.000 -8.719 105 165 202
13.737 0.000 -8.806 104 166 207
13.300 0.000 -8.894 105 167 208
12.863 0.000 -8.981 106 168 209
12.427 0.000 -9.068 108 170 211
11.990 0.000 -9.156 106 168 205
11.553 0.000 -9.243 109 171 208
11.116 0.000 -9.330 110 172 209
10.679 0.000 -9.418 108 174 209
10.242 0.000 -9.505 111 177 212
9.806 0.000 -9.592 112 178 213
9.369 0.000 -9.680 113 179 214
8.932 0.000 -9.767 115 177 214
8.495 0.000 -9.855 116 178 215
8.058 0.000 -9.942 115 179 215
7.621 0.000 -10.029 112 180 215
7.185 0.000 -10.117 113 181 216
6.748 0.000 -10.204 119 181 218
6.311 0.000 -10.291 117 179 216
5.874 0.000 -10.379 120 182 219
5.437 0.000 -10.466 119 181 218
5.000 0.000 -10.554 120 183 218
4.563 0.000 -10.641 120 183 218
4.127 0.000 -10.728 121 184 219
3.690 0.000 -10.816 121 184 219
3.253 0.000 -10.903 123 186 221
2.816 0.000 -10.990 126 184 221
2.379 0.000 -11.078 128 186 223
1.942 0.000 -11.165 131 187 224
1.506 0.000 -11.253 130 186 223
1.069 0.000 -11.340 127 187 224
0.632 0.000 -11.427 123 181 231
0.195 0.000 -11.515 43 97 109
-0.242 0.000 -11.602 49 83 93
-0.679 0.000 -11.689 120 150 161
-1.116 0.000 -11.777 53 67 70
-1.552 0.000 -11.864 130 149 147
-1.989 0.000 -11.951 123 135 133
-2.426 0.000 -12.039 145 163 163
-2.863 0.000 -12.126 185 196 202
-3.300 0.000 -12.214 195 208 216
-3.737 0.000 -12.301 82 99 119
-4.173 0.000 -12.388 110 129 133
-4.610 0.000 -12.476 196 197 191
-5.047 0.000 -12.563 230 241 245
-5.484 0.000 -12.650 211 226 233
-5.921 0.000 -12.738 129 148 155
-6.358 0.000 -12.825 235 244 241
-6.795 0.000 -12.913 0 23 52
-7.231 0.000 -13.000 137 201 239
-7.668 0.000 -13.087 31 66 98
-8.105 0.000 -13.175 0 40 75
-8.542 0.000 -13.262 122 181 213
-8.979 0.000 -13.349 104 171 213
-9.416 0.000 -13.437 143 170 197
-9.852 0.000 -13.524 120 182 221
-10.289 0.000 -13.611 126 180 214
-10.726 0.000 -13.699 122 175 217
-11.163 0.000 -13.786 120 183 224
-11.600 0.000 -13.874 113 178 218
-12.037 0.000 -13.961 135 148 164
-12.474 0.000 -14.048 115 128 144
-12.910 0.000 -14.136 89 107 121
-13.347 0.000 -14.223 202 229 238
-13.784 0.000 -14.310 125 147 158
-14.221 0.000 -14.398 55 71 86
-14.658 0.000 -14.485 123 146 164
-15.095 0.000 -14.573 123 178 217
-15.531 0.000 -14.660 123 175 212
-15.968 0.000 -14.747 133 176 208
-16.405 0.000 -14.835 140 183 215
-16.842 0.000 -14.922 133 176 208
-17.279 0.000 -15.009 169 157 141
-17.716 0.000 -15.097 189 171 159
-18.152 0.000 -15.184 109 178 173
-18.589 0.000 -15.271 126 165 170
-19.026 0.000 -15.359 82 100 100
18.264 0.000 -9.105 104 153 185
17.849 0.000 -9.188 106 155 187
17.434 0.000 -9.271 105 154 186
17.019 0.000 -9.354 106 157 188
16.603 0.000 -9.437 107 158 189
16.188 0.000 -9.520 106 159 193
15.773 0.000 -9.603 107 160 194
15.358 0.000 -9.686 110 160 195
14.943 0.000 -9.769 112 162 197
14.528 0.000 -9.852 112 162 197
14.112 0.000 -9.935 111 164 198
13.697 0.000 -10.018 112 165 199
13.282 0.000 -10.101 111 167 202
12.867 0.000 -10.185 112 168 203
12.452 0.000 -10.268 113 169 204
12.037 0.000 -10.351 115 171 206
11.622 0.000 -10.434 116 172 205
11.206 0.000 -10.517 119 175 208
10.791 0.000 -10.600 120 176 209
10.376 0.000 -10.683 118 177 209
9.961 0.000 -10.766 118 177 209
9.546 0.000 -10.849 119 178 210
9.131 0.000 -10.932 121 180 212
8.716 0.000 -11.015 120 176 209
8.300 0.000 -11.098 121 177 210
7.885 0.000 -11.181 121 177 210
7.470 0.000 -11.264 121 182 213
7.055 0.000 -11.347 122 183 214
6.640 0.000 -11.430 126 182 215
6.225 0.000 -11.513 125 181 214
5.810 0.000 -11.596 127 183 216
5.394 0.000 -11.679 129 185 218
4.979 0.000 -11.762 130 187 216
4.564 0.000 -11.845 130 187 216
4.149 0.000 -11.928 129 186 215
3.734 0.000 -12.011 131 188 217
3.319 0.000 -12.094 132 189 218
2.904 0.000 -12.177 130 190 218
2.488 0.000 -12.260 133 193 221
2.073 0.000 -12.343 133 190 219
1.658 0.000 -12.426 133 190 219
1.243 0.000 -12.509 134 188 214
0.828 0.000 -12.592 242 246 255
0.413 0.000 -12.675 244 255 248
-0.003 0.000 -12.758 237 242 238
-0.418 0.000 -12.841 240 240 238
-0.833 0.000 -12.924 202 209 202
-1.248 0.000 -13.008 201 210 217
-1.663 0.000 -13.091 164 158 160
-2.078 0.000 -13.174 138 149 143
-2.493 0.000 -13.257 124 140 137
-2.909 0.000 -13.340 196 215 219
-3.324 0.000 -13.423 116 125 130
-3.739 0.000 -13.506 95 103 106
-4.154 0.000 -13.589 183 195 193
-4.569 0.000 -13.672 216 228 224
-4.984 0.000 -13.755 226 242 241
-5.399 0.000 -13.838 110 124 125
-5.815 0.000 -13.921 157 168 172
-6.230 0.000 -14.004 8 23 30
-6.645 0.000 -14.087 73 59 48
-7.060 0.000 -14.170 238 226 212
-7.475 0.000 -14.253 88 107 114
-7.890 0.000 -14.336 119 186 215
-8.305 0.000 -14.419 128 186 223
-8.721 0.000 -14.502 233 254 255
-9.136 0.000 -14.585 127 181 215
-9.551 0.000 -14.668 124 186 209
-9.966 0.000 -14.751 148 184 208
-10.381 0.000 -14.834 207 211 212
-10.796 0.000 -14.917 253 248 242
-11.211 0.000 -15.000 15 28 44
-11.627 0.000 -15.083 0 8 24
-12.042 0.000 -15.166 29 46 62
-12.457 0.000 -15.249 167 193 210
-12.872 0.000 -15.332 120 141 160
-13.287 0.000 -15.415 0 20 33
-13.702 0.000 -15.498 124 156 171
-14.118 0.000 -15.581 133 182 215
-14.533 0.000 -15.664 137 182 213
-14.948 0.000 -15.747 145 181 207
-15.363 0.000 -15.831 144 181 207
-15.778 0.000 -15.914 148 185 211
-16.193 0.000 -15.997 158 146 130
-16.608 0.000 -16.080 180 162 150
-17.024 0.000 -16.163 238 212 221
-17.439 0.000 -16.246 255 246 240
-17.854 0.000 -16.329 248 240 237
17.616 0.000 -10.325 110 151 173
17.221 0.000 -10.404 112 153 175
16.825 0.000 -10.483 113 154 176
16.430 0.000 -10.562 114 156 181
16.034 0.000 -10.641 115 157 182
15.639 0.000 -10.720 116 158 183
15.243 0.000 -10.800 117 159 184
14.848 0.000 -10.879 121 162 184
14.452 0.000 -10.958 122 163 185
14.057 0.000 -11.037 122 163 185
13.661 0.000 -11.116 123 165 187
13.266 0.000 -11.195 123 165 187
12.870 0.000 -11.274 121 167 193
12.475 0.000 -11.353 121 167 193
12.079 0.000 -11.432 126 167 195
11.684 0.000 -11.511 127 168 196
11.288 0.000 -11.591 123 169 192
10.893 0.000 -11.670 124 172 194
10.497 0.000 -11.749 126 174 196
10.102 0.000 -11.828 129 177 199
9.706 0.000 -11.907 129 177 199
9.311 0.000 -11.986 131 178 204
8.915 0.000 -12.065 132 179 205
8.520 0.000 -12.144 136 181 202
8.124 0.000 -12.223 136 181 202
7.729 0.000 -12.303 136 181 204
7.333 0.000 -12.382 136 180 205
6.938 0.000 -12.461 137 181 206
6.542 0.000 -12.540 137 181 206
6.147 0.000 -12.619 140 184 209
5.751 0.000 -12.698 143 185 210
5.356 0.000 -12.777 146 188 213
4.960 0.000 -12.856 145 190 211
4.565 0.000 -12.935 145 190 211
4.169 0.000 -13.014 146 191 212
3.774 0.000 -13.094 146 191 212
3.378 0.000 -13.173 146 191 212
2.983 0.000 -13.252 145 193 216
2.587 0.000 -13.331 144 154 153
2.192 0.000 -13.410 255 248 246
1.796 0.000 -13.489 146 191 210
1.401 0.000 -13.568 149 190 210
1.005 0.000 -13.647 113 138 134
0.610 0.000 -13.726 68 87 91
0.214 0.000 -13.805 99 116 123
-0.181 0.000 -13.885 61 78 85
-0.577 0.000 -13.964 58 77 83
-0.972 0.000 -14.043 114 139 143
-1.368 0.000 -14.122 132 141 140
-1.763 0.000 -14.201 71 89 101
-2.159 0.000 -14.280 49 67 71
-2.554 0.000 -14.359 231 246 251
-2.950 0.000 -14.438 77 97 96
-3.345 0.000 -14.517 105 132 127
-3.741 0.000 -14.596 125 145 144
-4.136 0.000 -14.676 100 112 110
-4.532 0.000 -14.755 105 117 115
-4.927 0.000 -14.834 0 3 2
-5.323 0.000 -14.913 234 247 238
-5.718 0.000 -14.992 8 23 28
-6.114 0.000 -15.071 71 67 58
-6.509 0.000 -15.150 97 92 86
-6.905 0.000 -15.229 4 17 25
-7.300 0.000 -15.308 135 186 213
-7.696 0.000 -15.387 133 177 202
-8.091 0.000 -15.467 200 219 233
-8.487 0.000 -15.546 132 178 194
-8.882 0.000 -15.625 127 183 218
-9.278 0.000 -15.704 90 106 121
-9.673 0.000 -15.783 94 109 152
-10.069 0.000 -15.862 178 178 214
-10.464 0.000 -15.941 114 124 134
-10.860 0.000 -16.020 104 114 124
-11.255 0.000 -16.099 123 133 143
-11.651 0.000 -16.178 139 151 163
-12.046 0.000 -16.258 76 88 100
-12.442 0.000 -16.337 26 45 60
-12.837 0.000 -16.416 102 120 130
-13.233 0.000 -16.495 181 195 206
-13.628 0.000 -16.574 164 165 149
-14.024 0.000 -16.653 186 199 208
-14.419 0.000 -16.732 140 177 203
-14.815 0.000 -16.811 139 175 199
-15.210 0.000 -16.890 187 165 151
-15.606 0.000 -16.969 189 166 150
-16.001 0.000 -17.049 115 110 107
-16.397 0.000 -17.128 234 229 226
-16.792 0.000 -17.207 242 238 227
17.027 0.000 -11.435 118 144 161
16.650 0.000 -11.510 126 152 169
16.272 0.000 -11.586 122 148 165
15.894 0.000 -11.661 118 147 163
15.517 0.000 -11.737 121 150 166
15.139 0.000 -11.812 121 152 170
14.761 0.000 -11.888 95 126 144
14.384 0.000 -11.963 120 151 169
14.006 0.000 -12.039 125 156 174
13.628 0.000 -12.114 125 156 174
13.251 0.000 -12.190 124 157 174
12.873 0.000 -12.265 126 159 176
12.496 0.000 -12.341 129 162 179
12.118 0.000 -12.416 127 160 177
11.740 0.000 -12.492 129 162 181
11.363 0.000 -12.568 130 163 182
10.985 0.000 -12.643 128 164 180
10.607 0.000 -12.719 130 166 182
10.230 0.000 -12.794 131 167 183
9.852 0.000 -12.870 132 168 184
9.474 0.000 -12.945 132 168 184
9.097 0.000 -13.021 133 169 185
8.719 0.000 -13.096 135 171 187
8.342 0.000 -13.172 136 171 190
7.964 0.000 -13.247 137 172 191
7.586 0.000 -13.323 137 172 191
7.209 0.000 -13.398 137 172 191
6.831 0.000 -13.474 138 173 192
6.453 0.000 -13.549 140 175 194
6.076 0.000 -13.625 141 176 195
5.698 0.000 -13.700 139 178 195
5.321 0.000 -13.776 143 182 199
4.943 0.000 -13.851 144 183 200
4.565 0.000 -13.927 144 183 200
4.188 0.000 -14.003 146 185 202
3.810 0.000 -14.078 146 184 197
3.432 0.000 -14.154 149 187 200
3.055 0.000 -14.229 145 188 205
2.677 0.000 -14.305 150 151 145
2.299 0.000 -14.380 229 234 238
1.922 0.000 -14.456 173 199 216
1.544 0.000 -14.531 146 188 202
1.167 0.000 -14.607 208 217 222
0.789 0.000 -14.682 211 222 218
0.411 0.000 -14.758 240 254 255
0.034 0.000 -14.833 234 248 249
-0.344 0.000 -14.909 247 255 255
-0.722 0.000 -14.984 221 237 237
-1.099 0.000 -15.060 109 121 109
-1.477 0.000 -15.135 231 252 237
-1.855 0.000 -15.211 218 234 224
-2.232 0.000 -15.286 228 239 245
-2.610 0.000 -15.362 65 76 78
-2.987 0.000 -15.438 98 118 116
-3.365 0.000 -15.513 207 219 235
-3.743 0.000 -15.589 62 61 67
-4.120 0.000 -15.664 183 192 191
-4.498 0.000 -15.740 203 215 211
-4.876 0.000 -15.815 236 247 239
-5.253 0.000 -15.891 3 12 21
-5.631 0.000 -15.966 174 169 163
-6.008 0.000 -16.042 167 163 162
-6.386 0.000 -16.117 65 72 80
-6.764 0.000 -16.193 142 180 203
-7.141 0.000 -16.268 143 184 204
-7.519 0.000 -16.344 153 174 177
-7.897 0.000 -16.419 139 176 192
-8.274 0.000 -16.495 130 184 194
-8.652 0.000 -16.570 42 54 78
-9.030 0.000 -16.646 71 82 104
-9.407 0.000 -16.721 50 92 104
-9.785 0.000 -16.797 96 114 124
-10.162 0.000 -16.873 83 96 104
-10.540 0.000 -16.948 74 87 93
-10.918 0.000 -17.024 182 200 212
-11.295 0.000 -17.099 87 101 114
-11.673 0.000 -17.175 46 64 78
-12.051 0.000 -17.250 97 114 121
-12.428 0.000 -17.326 141 152 156
-12.806 0.000 -17.401 139 144 150
-13.184 0.000 -17.477 175 172 165
-13.561 0.000 -17.552 147 179 200
-13.939 0.000 -17.628 141 173 188
-14.316 0.000 -17.703 203 178 156
-14.694 0.000 -17.779 186 163 145
-15.072 0.000 -17.854 40 33 27
-15.449 0.000 -17.930 252 251 249
-15.827 0.000 -18.005 246 245 241
16.489 0.000 -12.448 45 45 53
16.128 0.000 -12.521 38 43 49
15.766 0.000 -12.593 35 35 43
15.405 0.000 -12.665 35 38 43
15.044 0.000 -12.737 18 20 32
14.682 0.000 -12.810 22 29 35
14.321 0.000 -12.882 17 24 34
13.960 0.000 -12.954 32 36 47
13.598 0.000 -13.026 19 28 33
13.237 0.000 -13.099 52 61 78
12.876 0.000 -13.171 49 55 67
12.515 0.000 -13.243 30 40 50
12.153 0.000 -13.315 21 33 45
11.792 0.000 -13.388 27 39 51
11.431 0.000 -13.460 0 13 24
11.069 0.000 -13.532 117 131 142
10.708 0.000 -13.605 45 62 72
10.347 0.000 -13.677 147 164 174
9.985 0.000 -13.749 99 116 126
9.624 0.000 -13.821 146 169 177
9.263 0.000 -13.894 154 177 185
8.901 0.000 -13.966 104 124 133
8.540 0.000 -14.038 157 177 186
8.179 0.000 -14.110 153 174 179
7.818 0.000 -14.183 131 152 157
7.456 0.000 -14.255 48 69 74
7.095 0.000 -14.327 146 167 172
6.734 0.000 -14.399 102 123 128
6.372 0.000 -14.472 170 190 201
6.011 0.000 -14.544 144 164 175
5.650 0.000 -14.616 161 180 187
5.288 0.000 -14.688 136 155 162
4.927 0.000 -14.761 151 174 182
4.566 0.000 -14.833 137 160 168
4.204 0.000 -14.905 132 155 163
3.843 0.000 -14.977 130 153 161
3.482 0.000 -15.050 145 168 176
3.121 0.000 -15.122 150 173 187
2.759 0.000 -15.194 98 96 81
2.398 0.000 -15.267 252 254 251
2.037 0.000 -15.339 163 177 186
1.675 0.000 -15.411 141 166 170
1.314 0.000 -15.483 112 138 129
0.953 0.000 -15.556 96 116 114
0.591 0.000 -15.628 97 115 115
0.230 0.000 -15.700 72 90 90
-0.131 0.000 -15.772 84 96 94
-0.493 0.000 -15.845 115 127 125
-0.854 0.000 -15.917 158 166 168
-1.215 0.000 -15.989 86 102 99
-1.576 0.000 -16.061 68 78 77
-1.938 0.000 -16.134 219 228 235
-2.299 0.000 -16.206 21 32 28
-2.660 0.000 -16.278 93 105 105
-3.022 0.000 -16.350 215 229 230
-3.383 0.000 -16.423 201 205 204
-3.744 0.000 -16.495 168 172 171
-4.106 0.000 -16.567 101 105 106
-4.467 0.000 -16.640 174 184 175
-4.828 0.000 -16.712 11 22 26
-5.190 0.000 -16.784 27 31 34
-5.551 0.000 -16.856 93 97 109
-5.912 0.000 -16.929 59 73 82
-6.274 0.000 -17.001 144 168 178
-6.635 0.000 -17.073 140 169 183
-6.996 0.000 -17.145 202 200 201
-7.357 0.000 -17.218 147 172 179
-7.719 0.000 -17.290 168 187 194
-8.080 0.000 -17.362 205 212 228
-8.441 0.000 -17.434 127 144 152
-8.803 0.000 -17.507 39 56 64
-9.164 0.000 -17.579 135 145 154
-9.525 0.000 -17.651 114 133 147
-9.887 0.000 -17.723 73 86 94
-10.248 0.000 -17.796 161 186 193
-10.609 0.000 -17.868 80 92 104
-10.971 0.000 -17.940 90 106 121
-11.332 0.000 -18.012 94 103 108
-11.693 0.000 -18.085 74 86 86
-12.054 0.000 -18.157 227 229 228
-12.416 0.000 -18.229 188 185 180
-12.777 0.000 -18.302 139 173 185
-13.138 0.000 -18.374 134 166 181
-13.500 0.000 -18.446 202 176 159
-13.861 0.000 -18.518 179 156 140
-14.222 0.000 -18.591 196 191 187
-14.584 0.000 -18.663 254 250 241
-14.945 0.000 -18.735 243 236 230
15.995 0.000 -13.378 45 40 44
15.649 0.000 -13.447 47 51 60
15.303 0.000 -13.517 61 61 59
14.956 0.000 -13.586 52 51 59
14.610 0.000 -13.655 28 27 35
14.264 0.000 -13.724 74 74 82
13.917 0.000 -13.794 27 27 35
13.571 0.000 -13.863 26 34 53
13.225 0.000 -13.932 34 37 44
12.878 0.000 -14.001 18 27 36
12.532 0.000 -14.071 32 35 40
12.186 0.000 -14.140 37 40 45
11.839 0.000 -14.209 71 72 56
11.493 0.000 -14.278 73 75 54
11.147 0.000 -14.348 86 89 72
10.800 0.000 -14.417 54 51 34
10.454 0.000 -14.486 42 48 48
10.108 0.000 -14.556 42 47 51
9.761 0.000 -14.625 35 40 44
9.415 0.000 -14.694 152 150 151
9.069 0.000 -14.763 137 135 136
8.722 0.000 -14.833 176 172 171
8.376 0.000 -14.902 114 110 109
8.030 0.000 -14.971 91 89 92
7.683 0.000 -15.040 44 37 31
7.337 0.000 -15.110 128 120 109
6.991 0.000 -15.179 30 26 25
6.644 0.000 -15.248 109 111 106
6.298 0.000 -15.318 24 27 32
5.952 0.000 -15.387 46 49 58
5.605 0.000 -15.456 56 62 58
5.259 0.000 -15.525 84 89 93
4.913 0.000 -15.595 36 40 41
4.566 0.000 -15.664 87 92 86
4.220 0.000 -15.733 50 54 57
3.874 0.000 -15.802 133 134 136
3.527 0.000 -15.872 46 47 49
3.181 0.000 -15.941 58 65 75
2.835 0.000 -16.010 135 136 120
2.488 0.000 -16.079 243 240 235
2.142 0.000 -16.149 86 88 87
1.796 0.000 -16.218 42 46 47
1.449 0.000 -16.287 155 167 165
1.103 0.000 -16.357 171 178 188
0.757 0.000 -16.426 166 180 183
0.410 0.000 -16.495 140 154 157
0.064 0.000 -16.564 173 183 185
-0.282 0.000 -16.634 205 215 217
-0.629 0.000 -16.703 100 107 100
-0.975 0.000 -16.772 205 216 210
-1.322 0.000 -16.841 144 163 159
-1.668 0.000 -16.911 202 210 213
-2.014 0.000 -16.980 51 65 66
-2.361 0.000 -17.049 101 116 113
-2.707 0.000 -17.118 110 123 129
-3.053 0.000 -17.188 236 240 243
-3.400 0.000 -17.257 205 214 211
-3.746 0.000 -17.326 87 98 90
-4.092 0.000 -17.396 131 140 139
-4.439 0.000 -17.465 25 32 42
-4.785 0.000 -17.534 13 20 28
-5.131 0.000 -17.603 9 15 29
-5.478 0.000 -17.673 2 12 24
-5.824 0.000 -17.742 79 93 94
-6.170 0.000 -17.811 74 91 101
-6.517 0.000 -17.880 162 157 164
-6.863 0.000 -17.950 72 86 97
-7.209 0.000 -18.019 64 69 88
-7.556 0.000 -18.088 3 16 35
-7.902 0.000 -18.157 91 91 103
-8.248 0.000 -18.227 102 82 94
-8.595 0.000 -18.296 138 148 160
-8.941 0.000 -18.365 162 160 163
-9.287 0.000 -18.435 159 129 137
-9.634 0.000 -18.504 131 134 143
-9.980 0.000 -18.573 92 96 105
-10.326 0.000 -18.642 153 132 131
-10.673 0.000 -18.712 93 63 73
-11.019 0.000 -18.781 95 92 103
-11.365 0.000 -18.850 194 189 193
-11.712 0.000 -18.919 138 133 130
-12.058 0.000 -18.989 11 14 21
-12.404 0.000 -19.058 134 130 131
-12.751 0.000 -19.127 164 131 112
-13.097 0.000 -19.196 152 139 133
-13.443 0.000 -19.266 97 92 88
-13.790 0.000 -19.335 235 231 228
-14.136 0.000 -19.404 245 240 237
15.541 0.000 -14.234 23 27 28
15.208 0.000 -14.300 29 33 34
14.876 0.000 -14.367 32 36 37
14.543 0.000 -14.433 168 174 172
14.211 0.000 -14.500 42 46 45
13.878 0.000 -14.566 29 38 43
13.546 0.000 -14.633 33 38 44
13.213 0.000 -14.699 29 33 45
12.881 0.000 -14.766 26 31 35
12.548 0.000 -14.832 165 154 160
12.215 0.000 -14.899 86 89 96
11.883 0.000 -14.965 45 47 59
11.550 0.000 -15.032 134 132 133
11.218 0.000 -15.098 22 26 38
10.885 0.000 -15.165 59 60 64
10.553 0.000 -15.231 44 49 52
10.220 0.000 -15.298 15 26 32
9.888 0.000 -15.364 23 28 32
9.555 0.000 -15.431 32 31 36
9.222 0.000 -15.497 45 44 50
8.890 0.000 -15.564 62 61 57
8.557 0.000 -15.630 58 57 62
8.225 0.000 -15.697 41 41 39
7.892 0.000 -15.763 32 38 38
7.560 0.000 -15.830 46 48 61
7.227 0.000 -15.897 9 13 22
6.895 0.000 -15.963 44 51 61
6.562 0.000 -16.030 61 69 90
6.229 0.000 -16.096 20 26 38
5.897 0.000 -16.163 8 12 23
5.564 0.000 -16.229 64 71 81
5.232 0.000 -16.296 83 86 93
4.899 0.000 -16.362 55 56 58
4.567 0.000 -16.429 67 66 64
4.234 0.000 -16.495 122 117 113
3.902 0.000 -16.562 183 182 180
3.569 0.000 -16.628 177 172 166
3.236 0.000 -16.695 186 183 178
2.904 0.000 -16.761 207 204 199
2.571 0.000 -16.828 227 213 213
2.239 0.000 -16.894 224 210 210
1.906 0.000 -16.961 225 213 215
1.574 0.000 -17.027 213 204 209
1.241 0.000 -17.094 193 184 189
0.909 0.000 -17.160 181 182 184
0.576 0.000 -17.227 176 181 185
0.243 0.000 -17.293 163 161 162
-0.089 0.000 -17.360 173 176 181
-0.422 0.000 -17.426 181 173 170
-0.754 0.000 -17.493 159 157 144
-1.087 0.000 -17.559 99 104 97
-1.419 0.000 -17.626 150 160 162
-1.752 0.000 -17.692 16 26 28
-2.084 0.000 -17.759 17 35 37
-2.417 0.000 -17.825 166 175 174
-2.750 0.000 -17.892 151 147 144
-3.082 0.000 -17.958 89 90 92
-3.415 0.000 -18.025 188 192 193
-3.747 0.000 -18.091 234 243 240
-4.080 0.000 -18.158 18 25 31
-4.412 0.000 -18.224 7 10 19
-4.745 0.000 -18.291 14 17 26
-5.078 0.000 -18.357 86 90 102
-5.410 0.000 -18.424 75 77 74
-5.743 0.000 -18.490 175 171 168
-6.075 0.000 -18.557 181 177 174
-6.408 0.000 -18.623 117 118 120
-6.740 0.000 -18.690 255 255 241
-7.073 0.000 -18.756 78 81 90
-7.405 0.000 -18.823 138 133 13
-7.738 0.000 -18.890 31 17 0
-8.071 0.000 -18.956 72 64 62
-8.403 0.000 -19.023 28 20 18
-8.736 0.000 -19.089 91 82 83
-9.068 0.000 -19.156 123 129 125
-9.401 0.000 -19.222 179 174 170
-9.733 0.000 -19.289 82 77 74
-10.066 0.000 -19.355 149 140 135
-10.398 0.000 -19.422 13 5 2
-10.731 0.000 -19.488 59 46 40
-11.064 0.000 -19.555 35 26 21
-11.396 0.000 -19.621 7 0 0
-11.729 0.000 -19.688 38 16 0
-12.061 0.000 -19.754 54 15 0
-12.394 0.000 -19.821 43 11 0
-12.726 0.000 -19.887 49 17 4
-13.059 0.000 -19.954 44 5 0
-13.391 0.000 -20.020 97 72 5
15.121 0.000 -15.024 15 16 8
14.802 0.000 -15.088 0 0 4
14.482 0.000 -15.152 13 13 13
14.162 0.000 -15.216 22 27 30
13.842 0.000 -15.280 44 48 57
13.522 0.000 -15.344 44 46 45
13.203 0.000 -15.408 51 48 43
12.883 0.000 -15.472 19 15 6
12.563 0.000 -15.536 23 19 8
12.243 0.000 -15.600 112 108 97
11.923 0.000 -15.664 21 22 17
11.603 0.000 -15.728 65 68 75
11.284 0.000 -15.792 31 38 46
10.964 0.000 -15.856 25 32 42
10.644 0.000 -15.919 15 25 26
10.324 0.000 -15.983 86 81 88
10.004 0.000 -16.047 56 56 66
9.684 0.000 -16.111 41 52 56
9.365 0.000 -16.175 40 43 58
9.045 0.000 -16.239 15 27 39
8.725 0.000 -16.303 38 44 60
8.405 0.000 -16.367 28 34 46
8.085 0.000 -16.431 46 52 64
7.765 0.000 -16.495 16 27 45
7.446 0.000 -16.559 91 81 79
7.126 0.000 -16.623 57 62 65
6.806 0.000 -16.687 29 36 54
6.486 0.000 -16.751 11 24 33
6.166 0.000 -16.815 83 83 81
5.846 0.000 -16.879 110 118 120
5.527 0.000 -16.943 40 45 49
5.207 0.000 -17.007 156 157 151
4.887 0.000 -17.071 108 109 111
4.567 0.000 -17.135 231 231 229
4.247 0.000 -17.199 86 81 77
3.927 0.000 -17.263 38 33 30
3.608 0.000 -17.327 74 79 83
3.288 0.000 -17.391 61 65 77
2.968 0.000 -17.455 43 52 67
2.648 0.000 -17.519 43 50 66
2.328 0.000 -17.583 44 56 68
2.008 0.000 -17.647 32 45 54
1.689 0.000 -17.711 120 124 133
1.369 0.000 -17.774 89 93 102
1.049 0.000 -17.838 87 96 101
0.729 0.000 -17.902 85 94 99
0.409 0.000 -17.966 134 136 135
0.089 0.000 -18.030 78 80 79
-0.230 0.000 -18.094 131 120 98
-0.550 0.000 -18.158 134 133 138
-0.870 0.000 -18.222 83 81 82
-1.190 0.000 -18.286 204 213 212
-1.510 0.000 -18.350 39 48 47
-1.830 0.000 -18.414 87 92 96
-2.149 0.000 -18.478 242 241 247
-2.469 0.000 -18.542 68 64 61
-2.789 0.000 -18.606 72 79 85
-3.109 0.000 -18.670 74 82 101
-3.429 0.000 -18.734 108 114 112
-3.749 0.000 -18.798 32 33 38
-4.068 0.000 -18.862 0 5 9
-4.388 0.000 -18.926 71 71 83
-4.708 0.000 -18.990 110 90 79
-5.028 0.000 -19.054 35 18 10
-5.348 0.000 -19.118 74 61 55
-5.668 0.000 -19.182 48 38 36
-5.987 0.000 -19.246 19 13 13
-6.307 0.000 -19.310 7 0 0
-6.627 0.000 -19.374 193 179 170
-6.947 0.000 -19.438 188 152 126
-7.267 0.000 -19.502 137 103 58
-7.587 0.000 -19.566 108 94 91
-7.906 0.000 -19.630 127 113 110
-8.226 0.000 -19.693 189 178 176
-8.546 0.000 -19.757 177 171 171
-8.866 0.000 -19.821 19 13 13
-9.186 0.000 -19.885 148 141 135
-9.506 0.000 -19.949 146 131 126
-9.825 0.000 -20.013 106 95 91
-10.145 0.000 -20.077 72 60 46
-10.465 0.000 -20.141 129 114 107
-10.785 0.000 -20.205 119 104 97
-11.105 0.000 -20.269 255 251 244
-11.425 0.000 -20.333 72 26 0
-11.744 0.000 -20.397 112 80 0
-12.064 0.000 -20.461 146 105 73
-12.384 0.000 -20.525 216 188 141
-12.704 0.000 -20.589 179 145 99
14.733 0.000 -15.756 34 30 29
14.425 0.000 -15.818 11 3 0
14.117 0.000 -15.879 44 33 27
13.809 0.000 -15.941 23 22 30
13.501 0.000 -16.002 22 34 46
13.193 0.000 -16.064 39 32 39
12.885 0.000 -16.126 13 14 8
12.577 0.000 -16.187 12 4 1
12.269 0.000 -16.249 43 39 38
11.960 0.000 -16.310 16 14 15
11.652 0.000 -16.372 0 0 4
11.344 0.000 -16.434 14 14 12
11.036 0.000 -16.495 33 32 30
10.728 0.000 -16.557 45 46 32
10.420 0.000 -16.618 63 68 48
10.112 0.000 -16.680 63 68 48
9.804 0.000 -16.742 23 25 14
9.496 0.000 -16.803 84 93 98
9.188 0.000 -16.865 208 201 193
8.880 0.000 -16.926 105 107 102
8.572 0.000 -16.988 26 31 11
8.264 0.000 -17.050 56 69 25
7.956 0.000 -17.111 65 76 44
7.648 0.000 -17.173 184 186 183
7.340 0.000 -17.235 106 100 88
7.032 0.000 -17.296 51 39 27
6.724 0.000 -17.358 117 102 95
6.416 0.000 -17.419 93 58 38
6.108 0.000 -17.481 115 109 97
5.800 0.000 -17.543 62 56 44
5.492 0.000 -17.604 156 149 139
5.183 0.000 -17.666 107 100 90
4.875 0.000 -17.727 65 60 56
4.567 0.000 -17.789 86 81 78
4.259 0.000 -17.851 85 80 77
3.951 0.000 -17.912 183 184 176
3.643 0.000 -17.974 3 0 7
3.335 0.000 -18.035 65 68 75
3.027 0.000 -18.097 63 66 73
2.719 0.000 -18.159 54 62 73
2.411 0.000 -18.220 51 53 66
2.103 0.000 -18.282 64 62 75
1.795 0.000 -18.343 58 61 68
1.487 0.000 -18.405 49 52 59
1.179 0.000 -18.467 55 58 67
0.871 0.000 -18.528 68 71 80
0.563 0.000 -18.590 31 29 30
0.255 0.000 -18.652 14 12 13
-0.053 0.000 -18.713 24 21 30
-0.361 0.000 -18.775 13 14 16
-0.669 0.000 -18.836 162 143 111
-0.977 0.000 -18.898 162 155 149
-1.285 0.000 -18.960 87 92 95
-1.593 0.000 -19.021 212 215 220
-1.902 0.000 -19.083 134 138 141
-2.210 0.000 -19.144 255 253 254
-2.518 0.000 -19.206 255 254 255
-2.826 0.000 -19.268 250 246 245
-3.134 0.000 -19.329 135 144 151
-3.442 0.000 -19.391 66 69 74
-3.750 0.000 -19.452 59 61 58
-4.058 0.000 -19.514 17 25 27
-4.366 0.000 -19.576 195 194 189
-4.674 0.000 -19.637 7 4 11
-4.982 0.000 -19.699 214 210 209
-5.290 0.000 -19.760 246 243 236
-5.598 0.000 -19.822 51 54 73
-5.906 0.000 -19.884 252 255 243
-6.214 0.000 -19.945 240 248 227
-6.522 0.000 -20.007 97 80 60
-6.830 0.000 -20.069 66 38 0
-7.138 0.000 -20.130 108 103 109
-7.446 0.000 -20.192 255 253 246
-7.754 0.000 -20.253 181 187 187
-8.062 0.000 -20.315 184 181 176
-8.370 0.000 -20.377 74 72 60
-8.678 0.000 -20.438 148 144 133
-8.987 0.000 -20.500 85 84 64
-9.295 0.000 -20.561 142 117 112
-9.603 0.000 -20.623 79 75 72
-9.911 0.000 -20.685 129 121 110
-10.219 0.000 -20.746 78 73 77
-10.527 0.000 -20.808 244 245 237
-10.835 0.000 -20.869 7 8 2
-11.143 0.000 -20.931 5 5 0
-11.451 0.000 -20.993 26 16 25
-11.759 0.000 -21.054 9 0 14
-12.067 0.000 -21.116 42 13 0
14.372 0.000 -16.436 2 3 8
14.075 0.000 -16.495 2 2 4
13.778 0.000 -16.555 14 8 8
13.481 0.000 -16.614 20 19 25
13.183 0.000 -16.674 88 84 83
12.886 0.000 -16.733 83 78 72
12.589 0.000 -16.792 98 97 103
12.292 0.000 -16.852 53 45 42
11.995 0.000 -16.911 53 49 48
11.698 0.000 -16.971 13 11 12
11.401 0.000 -17.030 1 0 5
11.104 0.000 -17.089 49 49 47
10.807 0.000 -17.149 58 58 46
10.510 0.000 -17.208 46 46 36
10.213 0.000 -17.268 51 44 52
9.915 0.000 -17.327 135 132 117
9.618 0.000 -17.387 118 118 126
9.321 0.000 -17.446 57 46 44
9.024 0.000 -17.505 15 13 16
8.727 0.000 -17.565 22 16 16
8.430 0.000 -17.624 6 0 2
8.133 0.000 -17.684 6 3 14
7.836 0.000 -17.743 1 0 5
7.539 0.000 -17.802 18 14 15
7.242 0.000 -17.862 10 9 14
6.945 0.000 -17.921 20 19 25
6.647 0.000 -17.981 23 17 19
6.350 0.000 -18.040 28 18 16
6.053 0.000 -18.100 36 34 35
5.756 0.000 -18.159 31 29 30
5.459 0.000 -18.218 25 23 28
5.162 0.000 -18.278 13 11 16
4.865 0.000 -18.337 23 24 28
4.568 0.000 -18.397 33 34 38
4.271 0.000 -18.456 20 21 25
3.974 0.000 -18.516 80 66 55
3.676 0.000 -18.575 25 20 14
3.379 0.000 -18.634 42 37 41
3.082 0.000 -18.694 20 15 19
2.785 0.000 -18.753 23 20 27
2.488 0.000 -18.813 40 45 49
2.191 0.000 -18.872 58 63 67
1.894 0.000 -18.931 32 27 31
1.597 0.000 -18.991 3 0 2
1.300 0.000 -19.050 0 0 9
1.003 0.000 -19.110 70 73 82
0.706 0.000 -19.169 23 26 41
0.408 0.000 -19.229 18 21 36
0.111 0.000 -19.288 25 51 66
-0.186 0.000 -19.347 54 52 55
-0.483 0.000 -19.407 98 81 89
-0.780 0.000 -19.466 93 84 87
-1.077 0.000 -19.526 0 4 15
-1.374 0.000 -19.585 209 193 168
-1.671 0.000 -19.644 223 205 191
-1.968 0.000 -19.704 185 168 160
-2.265 0.000 -19.763 211 194 186
-2.563 0.000 -19.823 170 155 148
-2.860 0.000 -19.882 180 164 151
-3.157 0.000 -19.942 159 155 154
-3.454 0.000 -20.001 133 118 115
-3.751 0.000 -20.060 129 105 93
-4.048 0.000 -20.120 104 91 75
-4.345 0.000 -20.179 110 95 92
-4.642 0.000 -20.239 154 133 112
-4.939 0.000 -20.298 158 121 94
-5.236 0.000 -20.357 83 94 78
-5.533 0.000 -20.417 180 110 84
-5.831 0.000 -20.476 177 150 159
-6.128 0.000 -20.536 209 203 203
-6.425 0.000 -20.595 248 221 214
-6.722 0.000 -20.655 255 253 241
-7.019 0.000 -20.714 163 159 156
-7.316 0.000 -20.773 130 110 101
-7.613 0.000 -20.833 149 138 132
-7.910 0.000 -20.892 69 57 59
-8.207 0.000 -20.952 157 152 148
-8.504 0.000 -21.011 141 125 102
-8.802 0.000 -21.071 51 6 0
-9.099 0.000 -21.130 102 96 46
-9.396 0.000 -21.189 59 43 43
-9.693 0.000 -21.249 163 153 143
-9.990 0.000 -21.308 255 247 255
-10.287 0.000 -21.368 0 2 0
-10.584 0.000 -21.427 4 6 0
-10.881 0.000 -21.486 7 0 0
-11.178 0.000 -21.546 157 140 148
-11.475 0.000 -21.605 134 100 54
14.036 0.000 -17.069 117 111 115
13.749 0.000 -17.126 48 42 46
13.462 0.000 -17.184 10 4 8
13.175 0.000 -17.241 5 1 2
12.888 0.000 -17.299 1 0 2
12.601 0.000 -17.356 8 2 4
12.314 0.000 -17.413 17 11 13
12.027 0.000 -17.471 9 7 12
11.740 0.000 -17.528 1 0 4
11.454 0.000 -17.586 25 23 28
11.167 0.000 -17.643 23 21 26
10.880 0.000 -17.700 26 24 29
10.593 0.000 -17.758 22 21 26
10.306 0.000 -17.815 29 28 33
10.019 0.000 -17.872 35 32 39
9.732 0.000 -17.930 33 30 37
9.445 0.000 -17.987 35 33 36
9.158 0.000 -18.045 27 25 28
8.872 0.000 -18.102 35 33 36
8.585 0.000 -18.159 31 29 32
8.298 0.000 -18.217 20 18 21
8.011 0.000 -18.274 13 9 8
7.724 0.000 -18.331 13 9 8
7.437 0.000 -18.389 58 57 53
7.150 0.000 -18.446 10 8 11
6.863 0.000 -18.504 17 16 22
6.576 0.000 -18.561 49 164 219
6.289 0.000 -18.618 0 27 62
6.003 0.000 -18.676 39 45 61
5.716 0.000 -18.733 33 23 31
5.429 0.000 -18.790 137 136 141
5.142 0.000 -18.848 122 102 103
4.855 0.000 -18.905 104 81 89
4.568 0.000 -18.963 22 25 32
4.281 0.000 -19.020 22 14 29
3.994 0.000 -19.077 148 146 151
3.707 0.000 -19.135 37 41 42
3.420 0.000 -19.192 162 153 148
3.134 0.000 -19.250 23 24 28
2.847 0.000 -19.307 155 154 150
2.560 0.000 -19.364 15 14 10
2.273 0.000 -19.422 152 151 147
1.986 0.000 -19.479 31 29 32
1.699 0.000 -19.536 8 6 9
1.412 0.000 -19.594 3 0 0
1.125 0.000 -19.651 119 109 110
0.838 0.000 -19.709 89 60 54
0.552 0.000 -19.766 116 96 85
0.265 0.000 -19.823 196 177 171
-0.022 0.000 -19.881 210 170 162
-0.309 0.000 -19.938 192 154 145
-0.596 0.000 -19.995 154 127 108
-0.883 0.000 -20.053 92 74 70
-1.170 0.000 -20.110 115 96 82
-1.457 0.000 -20.168 156 146 144
-1.744 0.000 -20.225 197 187 195
-2.031 0.000 -20.282 62 50 50
-2.317 0.000 -20.340 112 101 79
-2.604 0.000 -20.397 150 117 98
-2.891 0.000 -20.454 192 166 153
-3.178 0.000 -20.512 114 83 78
-3.465 0.000 -20.569 185 167 155
-3.752 0.000 -20.627 78 71 63
-4.039 0.000 -20.684 111 108 125
-4.326 0.000 -20.741 10 0 0
-4.613 0.000 -20.799 127 105 108
-4.900 0.000 -20.856 199 180 173
-5.186 0.000 -20.914 111 88 94
-5.473 0.000 -20.971 148 118 92
-5.760 0.000 -21.028 231 196 156
-6.047 0.000 -21.086 107 63 36
-6.334 0.000 -21.143 173 143 117
-6.621 0.000 -21.200 195 177 167
-6.908 0.000 -21.258 172 154 144
-7.195 0.000 -21.315 208 209 213
-7.482 0.000 -21.373 66 67 62
-7.769 0.000 -21.430 147 126 107
-8.055 0.000 -21.487 90 54 42
-8.342 0.000 -21.545 135 98 80
-8.629 0.000 -21.602 204 151 97
-8.916 0.000 -21.659 167 120 74
-9.203 0.000 -21.717 240 210 172
-9.490 0.000 -21.774 248 236 236
-9.777 0.000 -21.832 188 155 120
-10.064 0.000 -21.889 143 113 75
-10.351 0.000 -21.946 179 139 137
-10.637 0.000 -22.004 148 155 171
-10.924 0.000 -22.061 181 154 127
13.722 0.000 -17.660 21 19 22
13.444 0.000 -17.716 21 19 22
13.167 0.000 -17.771 25 23 26
12.890 0.000 -17.827 30 28 33
12.612 0.000 -17.882 30 28 33
12.335 0.000 -17.938 31 29 34
12.058 0.000 -17.993 35 33 38
11.780 0.000 -18.049 22 21 27
11.503 0.000 -18.104 25 24 30
11.225 0.000 -18.160 33 32 38
10.948 0.000 -18.215 17 14 21
10.671 0.000 -18.271 67 60 68
10.393 0.000 -18.326 72 72 72
10.116 0.000 -18.382 141 139 150
9.839 0.000 -18.437 53 51 52
9.561 0.000 -18.492 99 97 98
9.284 0.000 -18.548 127 127 127
9.006 0.000 -18.603 153 153 153
8.729 0.000 -18.659 167 167 167
8.452 0.000 -18.714 133 132 140
8.174 0.000 -18.770 0 0 4
7.897 0.000 -18.825 5 8 17
7.619 0.000 -18.881 45 43 54
7.342 0.000 -18.936 67 65 78
7.065 0.000 -18.992 68 72 83
6.787 0.000 -19.047 54 59 63
6.510 0.000 -19.103 8 16 39
6.233 0.000 -19.158 72 72 82
5.955 0.000 -19.214 27 0 5
5.678 0.000 -19.269 0 0 11
5.400 0.000 -19.325 36 38 63
5.123 0.000 -19.380 97 82 85
4.846 0.000 -19.436 43 43 53
4.568 0.000 -19.491 100 98 112
4.291 0.000 -19.546 33 34 52
4.014 0.000 -19.602 31 34 43
3.736 0.000 -19.657 105 93 103
3.459 0.000 -19.713 13 1 5
3.181 0.000 -19.768 69 65 66
2.904 0.000 -19.824 102 104 117
2.627 0.000 -19.879 65 62 53
2.349 0.000 -19.935 26 17 20
2.072 0.000 -19.990 130 129 127
1.795 0.000 -20.046 34 14 7
1.517 0.000 -20.101 69 56 48
1.240 0.000 -20.157 66 47 43
0.962 0.000 -20.212 38 28 29
0.685 0.000 -20.268 73 64 59
0.408 0.000 -20.323 106 91 84
0.130 0.000 -20.379 137 121 106
-0.147 0.000 -20.434 125 110 107
-0.424 0.000 -20.490 118 114 103
-0.702 0.000 -20.545 121 117 105
-0.979 0.000 -20.601 57 54 61
-1.257 0.000 -20.656 222 205 198
-1.534 0.000 -20.711 192 179 162
-1.811 0.000 -20.767 138 128 116
-2.089 0.000 -20.822 91 81 82
-2.366 0.000 -20.878 41 27 24
-2.643 0.000 -20.933 80 63 56
-2.921 0.000 -20.989 92 79 70
-3.198 0.000 -21.044 59 40 33
-3.476 0.000 -21.100 134 114 103
-3.753 0.000 -21.155 179 156 138
-4.030 0.000 -21.211 157 138 131
-4.308 0.000 -21.266 23 14 17
-4.585 0.000 -21.322 53 25 24
-4.862 0.000 -21.377 227 154 109
-5.140 0.000 -21.433 131 102 88
-5.417 0.000 -21.488 159 128 110
-5.695 0.000 -21.544 164 140 104
-5.972 0.000 -21.599 118 58 32
-6.249 0.000 -21.655 98 37 19
-6.527 0.000 -21.710 134 77 58
-6.804 0.000 -21.765 115 70 67
-7.081 0.000 -21.821 84 43 39
-7.359 0.000 -21.876 105 72 55
-7.636 0.000 -21.932 162 121 103
-7.914 0.000 -21.987 191 135 86
-8.191 0.000 -22.043 229 189 140
-8.468 0.000 -22.098 204 154 117
-8.746 0.000 -22.154 213 175 136
-9.023 0.000 -22.209 187 141 107
-9.300 0.000 -22.265 203 156 104
-9.578 0.000 -22.320 190 139 94
-9.855 0.000 -22.376 220 140 81
-10.133 0.000 -22.431 217 127 92
-10.410 0.000 -22.487 218 168 141
13.428 0.000 -18.214 145 159 162
13.160 0.000 -18.267 156 159 166
12.891 0.000 -18.321 125 115 126
12.623 0.000 -18.375 142 141 147
12.354 0.000 -18.428 172 171 176
12.086 0.000 -18.482 144 134 145
11.817 0.000 -18.536 141 154 137
11.549 0.000 -18.589 142 137 141
11.280 0.000 -18.643 191 190 196
11.012 0.000 -18.697 31 34 41
10.743 0.000 -18.751 97 90 98
10.475 0.000 -18.804 130 125 122
10.206 0.000 -18.858 221 212 215
9.938 0.000 -18.912 117 108 99
9.669 0.000 -18.965 255 254 253
9.401 0.000 -19.019 255 254 253
9.133 0.000 -19.073 1 2 4
8.864 0.000 -19.126 19 19 19
8.596 0.000 -19.180 15 11 8
8.327 0.000 -19.234 93 77 77
8.059 0.000 -19.287 45 54 63
7.790 0.000 -19.341 22 27 33
7.522 0.000 -19.395 76 77 81
7.253 0.000 -19.449 6 0 0
6.985 0.000 -19.502 107 69 20
6.716 0.000 -19.556 219 230 198
6.448 0.000 -19.610 41 39 27
6.179 0.000 -19.663 64 45 91
5.911 0.000 -19.717 3 3 11
5.642 0.000 -19.771 0 8 15
5.374 0.000 -19.824 61 61 61
5.106 0.000 -19.878 11 3 1
4.837 0.000 -19.932 112 107 103
4.569 0.000 -19.985 125 116 109
4.300 0.000 -20.039 11 13 26
4.032 0.000 -20.093 127 114 108
3.763 0.000 -20.147 22 18 15
3.495 0.000 -20.200 75 68 62
3.226 0.000 -20.254 255 255 253
2.958 0.000 -20.308 12 3 6
2.689 0.000 -20.361 208 203 207
2.421 0.000 -20.415 15 13 16
2.152 0.000 -20.469 255 254 248
1.884 0.000 -20.522 64 47 40
1.616 0.000 -20.576 59 42 24
1.347 0.000 -20.630 73 47 30
1.079 0.000 -20.683 178 151 121
0.810 0.000 -20.737 82 52 41
0.542 0.000 -20.791 162 136 121
0.273 0.000 -20.845 171 149 136
0.005 0.000 -20.898 118 99 92
-0.264 0.000 -20.952 74 61 53
-0.532 0.000 -21.006 7 11 12
-0.801 0.000 -21.059 6 6 6
-1.069 0.000 -21.113 255 251 246
-1.338 0.000 -21.167 136 129 123
-1.606 0.000 -21.220 135 129 113
-1.875 0.000 -21.274 13 2 6
-2.143 0.000 -21.328 87 76 70
-2.411 0.000 -21.381 6 0 0
-2.680 0.000 -21.435 14 11 6
-2.948 0.000 -21.489 8 0 4
-3.217 0.000 -21.543 15 13 14
-3.485 0.000 -21.596 8 0 0
-3.754 0.000 -21.650 5 5 5
-4.022 0.000 -21.704 1 0 0
-4.291 0.000 -21.757 16 10 12
-4.559 0.000 -21.811 64 50 47
-4.828 0.000 -21.865 12 15 22
-5.096 0.000 -21.918 37 39 34
-5.365 0.000 -21.972 36 15 10
-5.633 0.000 -22.026 174 153 122
-5.902 0.000 -22.079 32 18 9
-6.170 0.000 -22.133 94 83 89
-6.438 0.000 -22.187 132 100 85
-6.707 0.000 -22.241 119 96 102
-6.975 0.000 -22.294 127 107 108
-7.244 0.000 -22.348 120 92 80
-7.512 0.000 -22.402 105 68 49
-7.781 0.000 -22.455 229 196 179
-8.049 0.000 -22.509 17 0 6
-8.318 0.000 -22.563 118 104 117
-8.586 0.000 -22.616 37 37 29
-8.855 0.000 -22.670 15 13 0
-9.123 0.000 -22.724 188 158 106
-9.392 0.000 -22.778 36 10 0
-9.660 0.000 -22.831 35 5 0
-9.929 0.000 -22.885 22 0 0
13.153 0.000 -18.732 190 189 195
12.892 0.000 -18.784 100 104 113
12.632 0.000 -18.836 102 103 105
12.372 0.000 -18.888 202 208 224
12.112 0.000 -18.940 191 198 214
11.852 0.000 -18.993 55 47 36
11.592 0.000 -19.045 110 119 134
11.332 0.000 -19.097 13 2 0
11.072 0.000 -19.149 22 15 7
10.812 0.000 -19.201 38 38 48
10.551 0.000 -19.253 10 11 16
10.291 0.000 -19.305 10 8 13
10.031 0.000 -19.357 88 86 87
9.771 0.000 -19.409 97 80 73
9.511 0.000 -19.461 34 39 43
9.251 0.000 -19.513 54 43 39
8.991 0.000 -19.565 69 66 77
8.731 0.000 -19.617 56 77 96
8.471 0.000 -19.669 0 7 19
8.210 0.000 -19.721 65 83 83
7.950 0.000 -19.773 63 52 69
7.690 0.000 -19.825 23 3 15
7.430 0.000 -19.877 109 87 48
7.170 0.000 -19.929 28 19 22
6.910 0.000 -19.981 248 248 246
6.650 0.000 -20.033 147 146 152
6.390 0.000 -20.085 64 57 49
6.130 0.000 -20.137 183 170 164
5.869 0.000 -20.189 98 90 88
5.609 0.000 -20.241 31 23 21
5.349 0.000 -20.293 30 26 27
5.089 0.000 -20.345 141 127 127
4.829 0.000 -20.397 136 123 115
4.569 0.000 -20.449 138 131 123
4.309 0.000 -20.501 0 2 2
4.049 0.000 -20.553 165 150 153
3.789 0.000 -20.605 16 14 15
3.528 0.000 -20.657 190 178 178
3.268 0.000 -20.709 251 248 243
3.008 0.000 -20.761 77 66 64
2.748 0.000 -20.813 209 204 201
2.488 0.000 -20.865 135 132 127
2.228 0.000 -20.917 255 254 248
1.968 0.000 -20.969 146 141 138
1.708 0.000 -21.021 137 121 108
1.448 0.000 -21.073 69 50 35
1.187 0.000 -21.125 187 169 159
0.927 0.000 -21.177 76 47 29
0.667 0.000 -21.229 138 111 90
0.407 0.000 -21.281 92 68 56
0.147 0.000 -21.334 101 80 75
-0.113 0.000 -21.386 178 148 120
-0.373 0.000 -21.438 26 21 17
-0.633 0.000 -21.490 176 153 139
-0.893 0.000 -21.542 224 207 199
-1.154 0.000 -21.594 255 251 255
-1.414 0.000 -21.646 200 170 159
-1.674 0.000 -21.698 130 94 80
-1.934 0.000 -21.750 255 234 224
-2.194 0.000 -21.802 205 179 164
-2.454 0.000 -21.854 196 177 170
-2.714 0.000 -21.906 47 29 25
-2.974 0.000 -21.958 194 168 145
-3.234 0.000 -22.010 205 169 143
-3.495 0.000 -22.062 40 116 165
-3.755 0.000 -22.114 209 149 112
-4.015 0.000 -22.166 249 246 239
-4.275 0.000 -22.218 171 143 121
-4.535 0.000 -22.270 33 26 34
-4.795 0.000 -22.322 17 8 13
-5.055 0.000 -22.374 26 21 18
-5.315 0.000 -22.426 10 1 6
-5.575 0.000 -22.478 94 87 81
-5.836 0.000 -22.530 146 142 139
-6.096 0.000 -22.582 60 54 54
-6.356 0.000 -22.634 0 1 0
-6.616 0.000 -22.686 2 5 10
-6.876 0.000 -22.738 28 31 36
-7.136 0.000 -22.790 1 0 0
-7.396 0.000 -22.842 80 70 71
-7.656 0.000 -22.894 28 30 29
-7.916 0.000 -22.946 3 0 0
-8.177 0.000 -22.998 38 26 28
-8.437 0.000 -23.050 89 66 60
-8.697 0.000 -23.102 95 72 66
-8.957 0.000 -23.154 111 82 74
-9.217 0.000 -23.206 115 82 75
-9.477 0.000 -23.258 99 71 60
12.894 0.000 -19.220 229 235 249
12.641 0.000 -19.270 28 33 52
12.389 0.000 -19.321 26 32 56
12.137 0.000 -19.371 30 32 18
11.885 0.000 -19.422 19 14 10
11.632 0.000 -19.472 49 53 30
11.380 0.000 -19.523 18 28 27
11.128 0.000 -19.573 0 0 9
10.876 0.000 -19.624 1 0 5
10.623 0.000 -19.674 35 41 57
10.371 0.000 -19.724 37 42 48
10.119 0.000 -19.775 28 23 29
9.867 0.000 -19.825 82 68 67
9.614 0.000 -19.876 167 134 127
9.362 0.000 -19.926 6 0 0
9.110 0.000 -19.977 163 151 137
8.858 0.000 -20.027 125 114 108
8.605 0.000 -20.078 74 85 87
8.353 0.000 -20.128 24 27 42
8.101 0.000 -20.178 53 62 77
7.849 0.000 -20.229 78 86 107
7.596 0.000 -20.279 111 110 115
7.344 0.000 -20.330 97 88 93
7.092 0.000 -20.380 58 47 51
6.839 0.000 -20.431 218 210 197
6.587 0.000 -20.481 166 157 160
6.335 0.000 -20.532 67 62 66
6.083 0.000 -20.582 5 8 15
5.830 0.000 -20.633 10 11 5
5.578 0.000 -20.683 24 0 0
5.326 0.000 -20.733 29 32 39
5.074 0.000 -20.784 78 77 82
4.821 0.000 -20.834 100 94 94
4.569 0.000 -20.885 124 113 109
4.317 0.000 -20.935 114 113 119
4.065 0.000 -20.986 187 180 188
3.812 0.000 -21.036 29 26 35
3.560 0.000 -21.087 42 54 76
3.308 0.000 -21.137 255 255 255
3.056 0.000 -21.188 116 99 92
2.803 0.000 -21.238 145 139 141
2.551 0.000 -21.288 87 72 67
2.299 0.000 -21.339 107 96 90
2.047 0.000 -21.389 71 54 44
1.794 0.000 -21.440 137 114 98
1.542 0.000 -21.490 152 126 111
1.290 0.000 -21.541 189 160 142
1.037 0.000 -21.591 160 141 124
0.785 0.000 -21.642 122 85 66
0.533 0.000 -21.692 180 145 123
0.281 0.000 -21.742 147 120 101
0.028 0.000 -21.793 95 68 57
-0.224 0.000 -21.843 32 27 24
-0.476 0.000 -21.894 147 114 37
-0.728 0.000 -21.944 237 217 210
-0.981 0.000 -21.995 255 246 247
-1.233 0.000 -22.045 95 88 95
-1.485 0.000 -22.096 126 107 92
-1.737 0.000 -22.146 149 112 93
-1.990 0.000 -22.197 242 210 189
-2.242 0.000 -22.247 106 98 95
-2.494 0.000 -22.297 95 86 89
-2.746 0.000 -22.348 147 134 126
-2.999 0.000 -22.398 255 241 231
-3.251 0.000 -22.449 219 211 198
-3.503 0.000 -22.499 209 152 122
-3.755 0.000 -22.550 76 56 47
-4.008 0.000 -22.600 10 8 11
-4.260 0.000 -22.651 0 0 2
-4.512 0.000 -22.701 18 18 20
-4.765 0.000 -22.752 1 0 2
-5.017 0.000 -22.802 4 0 0
-5.269 0.000 -22.852 40 36 33
-5.521 0.000 -22.903 116 116 116
-5.774 0.000 -22.953 70 75 81
-6.026 0.000 -23.004 17 22 28
-6.278 0.000 -23.054 120 126 124
-6.530 0.000 -23.105 112 86 95
-6.783 0.000 -23.155 151 146 142
-7.035 0.000 -23.206 212 192 185
-7.287 0.000 -23.256 201 184 176
-7.539 0.000 -23.307 170 143 126
-7.792 0.000 -23.357 174 148 131
-8.044 0.000 -23.407 233 219 206
-8.296 0.000 -23.458 230 216 203
-8.548 0.000 -23.508 236 222 209
-8.801 0.000 -23.559 232 218 205
-9.053 0.000 -23.609 250 233 225
12.650 0.000 -19.679 37 11 20
12.405 0.000 -19.728 27 0 0
12.160 0.000 -19.777 26 0 18
11.915 0.000 -19.826 8 14 14
11.671 0.000 -19.875 13 12 18
11.426 0.000 -19.924 99 92 99
11.181 0.000 -19.973 91 84 91
10.936 0.000 -20.022 101 91 92
10.691 0.000 -20.071 101 97 98
10.446 0.000 -20.120 10 9 14
10.201 0.000 -20.169 130 125 129
9.957 0.000 -20.218 112 105 99
9.712 0.000 -20.267 64 56 54
9.467 0.000 -20.315 107 96 92
9.222 0.000 -20.364 88 79 80
8.977 0.000 -20.413 45 36 37
8.732 0.000 -20.462 84 85 89
8.487 0.000 -20.511 41 56 77
8.242 0.000 -20.560 72 82 107
7.998 0.000 -20.609 81 80 111
7.753 0.000 -20.658 66 79 98
7.508 0.000 -20.707 64 72 93
7.263 0.000 -20.756 73 71 82
7.018 0.000 -20.805 1 5 17
6.773 0.000 -20.854 33 37 49
6.528 0.000 -20.903 27 31 43
6.283 0.000 -20.952 21 23 35
6.039 0.000 -21.001 63 62 70
5.794 0.000 -21.050 87 79 77
5.549 0.000 -21.099 72 59 50
5.304 0.000 -21.148 84 75 78
5.059 0.000 -21.197 140 136 137
4.814 0.000 -21.246 153 158 154
4.569 0.000 -21.295 82 72 73
4.324 0.000 -21.344 67 72 68
4.080 0.000 -21.393 182 168 167
3.835 0.000 -21.442 48 66 76
3.590 0.000 -21.491 124 110 97
3.345 0.000 -21.540 205 183 172
3.100 0.000 -21.589 163 129 92
2.855 0.000 -21.638 67 33 0
2.610 0.000 -21.687 169 136 101
2.366 0.000 -21.736 102 73 41
2.121 0.000 -21.785 98 67 36
1.876 0.000 -21.834 95 62 29
1.631 0.000 -21.883 153 125 103
1.386 0.000 -21.932 173 146 125
1.141 0.000 -21.981 153 129 119
0.896 0.000 -22.030 193 166 149
0.651 0.000 -22.079 127 93 66
0.407 0.000 -22.128 53 27 10
0.162 0.000 -22.176 101 61 36
-0.083 0.000 -22.225 14 0 0
-0.328 0.000 -22.274 191 163 149
-0.573 0.000 -22.323 99 73 58
-0.818 0.000 -22.372 140 111 95
-1.063 0.000 -22.421 50 37 31
-1.308 0.000 -22.470 151 131 120
-1.552 0.000 -22.519 151 122 104
-1.797 0.000 -22.568 153 130 122
-2.042 0.000 -22.617 190 171 165
-2.287 0.000 -22.666 189 165 153
-2.532 0.000 -22.715 109 90 83
-2.777 0.000 -22.764 181 171 159
-3.022 0.000 -22.813 149 123 108
-3.267 0.000 -22.862 34 15 8
-3.511 0.000 -22.911 20 11 12
-3.756 0.000 -22.960 11 10 18
-4.001 0.000 -23.009 10 9 17
-4.246 0.000 -23.058 0 3 8
-4.491 0.000 -23.107 66 52 51
-4.736 0.000 -23.156 161 146 141
-4.981 0.000 -23.205 247 229 205
-5.225 0.000 -23.254 151 144 138
-5.470 0.000 -23.303 119 98 79
-5.715 0.000 -23.352 188 177 171
-5.960 0.000 -23.401 167 150 142
-6.205 0.000 -23.450 145 139 127
-6.450 0.000 -23.499 62 58 55
-6.695 0.000 -23.548 255 254 248
-6.940 0.000 -23.597 149 144 150
-7.184 0.000 -23.646 16 14 19
-7.429 0.000 -23.695 1 0 4
-7.674 0.000 -23.744 243 229 218
-7.919 0.000 -23.793 239 225 214
-8.164 0.000 -23.842 222 206 191
-8.409 0.000 -23.891 242 228 215
-8.654 0.000 -23.940 48 36 24
12.420 0.000 -20.112 27 21 21
12.182 0.000 -20.159 5 0 1
11.945 0.000 -20.207 32 25 32
11.707 0.000 -20.254 82 78 69
11.469 0.000 -20.302 81 75 79
11.231 0.000 -20.350 73 71 72
10.993 0.000 -20.397 160 158 159
10.755 0.000 -20.445 135 131 130
10.517 0.000 -20.492 123 115 112
10.279 0.000 -20.540 132 124 122
10.041 0.000 -20.587 87 82 86
9.803 0.000 -20.635 86 76 74
9.565 0.000 -20.683 131 122 123
9.328 0.000 -20.730 134 127 119
9.090 0.000 -20.778 126 117 110
8.852 0.000 -20.825 142 132 131
8.614 0.000 -20.873 123 115 126
8.376 0.000 -20.920 2 0 6
8.138 0.000 -20.968 18 18 20
7.900 0.000 -21.016 151 83 0
7.662 0.000 -21.063 16 7 0
7.424 0.000 -21.111 3 0 11
7.186 0.000 -21.158 21 19 24
6.949 0.000 -21.206 107 104 97
6.711 0.000 -21.254 126 122 123
6.473 0.000 -21.301 44 37 44
6.235 0.000 -21.349 174 164 162
5.997 0.000 -21.396 173 165 154
5.759 0.000 -21.444 104 105 97
5.521 0.000 -21.491 95 96 88
5.283 0.000 -21.539 145 124 121
5.045 0.000 -21.587 2 2 4
4.807 0.000 -21.634 15 17 14
4.570 0.000 -21.682 19 18 14
4.332 0.000 -21.729 16 15 11
4.094 0.000 -21.777 183 167 152
3.856 0.000 -21.825 134 127 117
3.618 0.000 -21.872 88 85 54
3.380 0.000 -21.920 254 230 184
3.142 0.000 -21.967 201 145 98
2.904 0.000 -22.015 173 140 109
2.666 0.000 -22.062 199 163 129
2.428 0.000 -22.110 215 182 149
2.191 0.000 -22.158 192 159 126
1.953 0.000 -22.205 174 157 141
1.715 0.000 -22.253 255 238 222
1.477 0.000 -22.300 168 148 137
1.239 0.000 -22.348 183 123 87
1.001 0.000 -22.395 209 169 134
0.763 0.000 -22.443 150 135 114
0.525 0.000 -22.491 229 197 156
0.287 0.000 -22.538 196 149 81
0.049 0.000 -22.586 35 0 0
-0.188 0.000 -22.633 255 225 199
-0.426 0.000 -22.681 208 188 138
-0.664 0.000 -22.729 128 101 71
-0.902 0.000 -22.776 71 40 12
-1.140 0.000 -22.824 157 131 106
-1.378 0.000 -22.871 22 0 0
-1.616 0.000 -22.919 23 5 0
-1.854 0.000 -22.966 228 189 172
-2.092 0.000 -23.014 172 165 157
-2.330 0.000 -23.062 127 116 114
-2.567 0.000 -23.109 102 75 68
-2.805 0.000 -23.157 10 0 0
-3.043 0.000 -23.204 34 25 28
-3.281 0.000 -23.252 14 11 18
-3.519 0.000 -23.299 4 4 14
-3.757 0.000 -23.347 8 2 4
-3.995 0.000 -23.395 28 12 12
-4.233 0.000 -23.442 91 77 76
-4.471 0.000 -23.490 137 125 135
-4.709 0.000 -23.537 139 129 130
-4.946 0.000 -23.585 145 134 132
-5.184 0.000 -23.633 104 99 105
-5.422 0.000 -23.680 50 50 58
-5.660 0.000 -23.728 95 86 91
-5.898 0.000 -23.775 67 58 63
-6.136 0.000 -23.823 86 76 75
-6.374 0.000 -23.870 179 166 158
-6.612 0.000 -23.918 72 62 61
-6.850 0.000 -23.966 81 72 75
-7.088 0.000 -24.013 79 70 73
-7.325 0.000 -24.061 103 97 101
-7.563 0.000 -24.108 54 42 42
-7.801 0.000 -24.156 62 53 54
-8.039 0.000 -24.204 48 43 39
-8.277 0.000 -24.251 28 17 15
12.203 0.000 -20.520 79 70 91
11.972 0.000 -20.567 102 96 100
11.741 0.000 -20.613 80 77 62
11.509 0.000 -20.659 58 52 56
11.278 0.000 -20.706 96 90 92
11.047 0.000 -20.752 87 85 86
10.815 0.000 -20.798 116 114 115
10.584 0.000 -20.844 102 98 97
10.353 0.000 -20.891 111 103 100
10.121 0.000 -20.937 91 80 76
9.890 0.000 -20.983 70 64 64
9.659 0.000 -21.029 40 39 45
9.427 0.000 -21.076 20 25 44
9.196 0.000 -21.122 12 19 29
8.965 0.000 -21.168 8 11 26
8.733 0.000 -21.214 9 13 22
8.502 0.000 -21.261 0 4 10
8.271 0.000 -21.307 105 102 109
8.040 0.000 -21.353 122 109 116
7.808 0.000 -21.399 152 131 146
7.577 0.000 -21.446 53 60 68
7.346 0.000 -21.492 67 70 89
7.114 0.000 -21.538 152 146 148
6.883 0.000 -21.585 166 156 144
6.652 0.000 -21.631 161 150 146
6.420 0.000 -21.677 106 94 96
6.189 0.000 -21.723 189 179 177
5.958 0.000 -21.770 58 50 39
5.726 0.000 -21.816 12 8 25
5.495 0.000 -21.862 106 104 105
5.264 0.000 -21.908 59 56 65
5.032 0.000 -21.955 23 24 29
4.801 0.000 -22.001 33 32 37
4.570 0.000 -22.047 18 16 21
4.338 0.000 -22.093 39 37 42
4.107 0.000 -22.140 86 68 58
3.876 0.000 -22.186 238 201 175
3.645 0.000 -22.232 178 135 93
3.413 0.000 -22.278 98 111 117
3.182 0.000 -22.325 34 75 105
2.951 0.000 -22.371 162 161 156
2.719 0.000 -22.417 148 130 110
2.488 0.000 -22.464 255 235 208
2.257 0.000 -22.510 251 225 198
2.025 0.000 -22.556 164 166 165
1.794 0.000 -22.602 230 232 231
1.563 0.000 -22.649 100 86 83
1.331 0.000 -22.695 186 179 171
1.100 0.000 -22.741 237 225 209
0.869 0.000 -22.787 26 6 0
0.637 0.000 -22.834 130 113 83
0.406 0.000 -22.880 7 2 0
0.175 0.000 -22.926 28 28 40
-0.057 0.000 -22.972 20 1 0
-0.288 0.000 -23.019 27 0 0
-0.519 0.000 -23.065 32 4 3
-0.751 0.000 -23.111 123 103 68
-0.982 0.000 -23.157 193 156 127
-1.213 0.000 -23.204 75 87 135
-1.444 0.000 -23.250 108 113 145
-1.676 0.000 -23.296 146 145 150
-1.907 0.000 -23.343 228 206 193
-2.138 0.000 -23.389 118 85 44
-2.370 0.000 -23.435 0 1 0
-2.601 0.000 -23.481 16 16 16
-2.832 0.000 -23.528 11 10 18
-3.064 0.000 -23.574 8 12 23
-3.295 0.000 -23.620 10 5 11
-3.526 0.000 -23.666 114 100 97
-3.758 0.000 -23.713 137 107 96
-3.989 0.000 -23.759 172 144 132
-4.220 0.000 -23.805 68 51 41
-4.452 0.000 -23.851 82 64 62
-4.683 0.000 -23.898 114 98 101
-4.914 0.000 -23.944 119 110 105
-5.146 0.000 -23.990 139 123 110
-5.377 0.000 -24.036 130 122 119
-5.608 0.000 -24.083 51 43 40
-5.839 0.000 -24.129 168 160 149
-6.071 0.000 -24.175 127 113 110
-6.302 0.000 -24.222 144 135 130
-6.533 0.000 -24.268 99 92 86
-6.765 0.000 -24.314 132 125 119
-6.996 0.000 -24.360 75 75 77
-7.227 0.000 -24.407 96 92 89
-7.459 0.000 -24.453 231 224 208
-7.690 0.000 -24.499 111 116 136
-7.921 0.000 -24.545 71 66 70
11.998 0.000 -20.907 81 76 72
11.773 0.000 -20.952 100 95 91
11.548 0.000 -20.997 103 98 94
11.323 0.000 -21.042 109 107 118
11.098 0.000 -21.087 130 129 134
10.872 0.000 -21.132 113 117 118
10.647 0.000 -21.177 7 9 21
10.422 0.000 -21.222 17 20 29
10.197 0.000 -21.267 9 12 21
9.972 0.000 -21.312 0 4 15
9.747 0.000 -21.357 13 17 28
9.522 0.000 -21.402 39 37 50
9.297 0.000 -21.448 96 91 97
9.072 0.000 -21.493 113 104 107
8.847 0.000 -21.538 168 162 162
8.622 0.000 -21.583 86 80 80
8.396 0.000 -21.628 156 145 141
8.171 0.000 -21.673 139 133 121
7.946 0.000 -21.718 118 111 101
7.721 0.000 -21.763 31 27 24
7.496 0.000 -21.808 36 32 33
7.271 0.000 -21.853 125 126 130
7.046 0.000 -21.898 97 86 94
6.821 0.000 -21.943 164 168 171
6.596 0.000 -21.988 54 54 62
6.371 0.000 -22.033 142 137 143
6.146 0.000 -22.078 0 0 5
5.920 0.000 -22.123 35 38 47
5.695 0.000 -22.168 49 48 54
5.470 0.000 -22.213 15 14 20
5.245 0.000 -22.258 20 19 25
5.020 0.000 -22.303 18 17 23
4.795 0.000 -22.348 29 30 35
4.570 0.000 -22.393 1 0 5
4.345 0.000 -22.438 10 3 11
4.120 0.000 -22.483 40 35 39
3.895 0.000 -22.528 241 216 196
3.670 0.000 -22.573 108 80 30
3.445 0.000 -22.618 94 68 67
3.219 0.000 -22.663 110 70 71
2.994 0.000 -22.708 61 74 65
2.769 0.000 -22.753 1 0 21
2.544 0.000 -22.798 223 215 204
2.319 0.000 -22.843 241 232 225
2.094 0.000 -22.888 173 171 172
1.869 0.000 -22.933 21 0 0
1.644 0.000 -22.978 78 46 7
1.419 0.000 -23.023 169 107 46
1.194 0.000 -23.068 189 146 101
0.969 0.000 -23.113 71 54 46
0.743 0.000 -23.158 98 73 66
0.518 0.000 -23.203 58 43 24
0.293 0.000 -23.248 0 0 9
0.068 0.000 -23.293 255 252 251
-0.157 0.000 -23.338 232 216 203
-0.382 0.000 -23.383 181 158 140
-0.607 0.000 -23.428 255 244 221
-0.832 0.000 -23.473 232 203 173
-1.057 0.000 -23.518 235 210 203
-1.282 0.000 -23.563 42 12 12
-1.507 0.000 -23.608 136 102 75
-1.732 0.000 -23.653 228 182 167
-1.958 0.000 -23.698 42 0 0
-2.183 0.000 -23.743 35 39 38
-2.408 0.000 -23.788 14 20 20
-2.633 0.000 -23.833 17 16 22
-2.858 0.000 -23.878 24 22 35
-3.083 0.000 -23.923 18 18 30
-3.308 0.000 -23.968 112 95 85
-3.533 0.000 -24.014 98 88 79
-3.758 0.000 -24.059 253 227 212
-3.983 0.000 -24.104 169 134 115
-4.208 0.000 -24.149 140 121 107
-4.434 0.000 -24.194 127 117 105
-4.659 0.000 -24.239 212 203 204
-4.884 0.000 -24.284 8 6 19
-5.109 0.000 -24.329 43 80 133
-5.334 0.000 -24.374 10 59 115
-5.559 0.000 -24.419 114 118 129
-5.784 0.000 -24.464 76 58 54
-6.009 0.000 -24.509 121 104 94
-6.234 0.000 -24.554 121 104 96
-6.459 0.000 -24.599 146 124 110
-6.684 0.000 -24.644 116 98 96
-6.909 0.000 -24.689 132 119 111
-7.135 0.000 -24.734 235 229 213
-7.360 0.000 -24.779 180 184 183
-7.585 0.000 -24.824 153 153 155
11.803 0.000 -21.274 144 139 145
11.584 0.000 -21.318 0 0 9
11.365 0.000 -21.362 34 41 59
11.146 0.000 -21.405 15 15 25
10.927 0.000 -21.449 6 0 0
10.707 0.000 -21.493 60 59 67
10.488 0.000 -21.537 12 11 19
10.269 0.000 -21.581 77 75 80
10.050 0.000 -21.625 116 114 115
9.831 0.000 -21.668 76 75 73
9.611 0.000 -21.712 81 81 89
9.392 0.000 -21.756 107 98 99
9.173 0.000 -21.800 110 105 102
8.954 0.000 -21.844 149 136 128
8.735 0.000 -21.888 167 159 156
8.515 0.000 -21.931 21 21 31
8.296 0.000 -21.975 10 9 17
8.077 0.000 -22.019 149 158 157
7.858 0.000 -22.063 183 182 188
7.639 0.000 -22.107 151 141 139
7.420 0.000 -22.151 116 106 107
7.200 0.000 -22.194 94 89 83
6.981 0.000 -22.238 104 98 98
6.762 0.000 -22.282 20 19 27
6.543 0.000 -22.326 13 12 20
6.324 0.000 -22.370 19 18 26
6.104 0.000 -22.414 19 18 26
5.885 0.000 -22.457 16 15 23
5.666 0.000 -22.501 15 14 20
5.447 0.000 -22.545 7 6 12
5.228 0.000 -22.589 15 13 14
5.009 0.000 -22.633 10 8 13
4.789 0.000 -22.677 17 16 22
4.570 0.000 -22.720 4 0 0
4.351 0.000 -22.764 157 146 126
4.132 0.000 -22.808 65 58 48
3.913 0.000 -22.852 122 114 111
3.693 0.000 -22.896 154 144 135
3.474 0.000 -22.940 196 187 170
3.255 0.000 -22.983 170 156 147
3.036 0.000 -23.027 253 246 240
2.817 0.000 -23.071 83 68 65
2.597 0.000 -23.115 92 73 58
2.378 0.000 -23.159 174 153 134
2.159 0.000 -23.203 228 222 190
1.940 0.000 -23.247 222 195 184
1.721 0.000 -23.290 124 103 48
1.502 0.000 -23.334 219 193 144
1.282 0.000 -23.378 205 188 160
1.063 0.000 -23.422 17 0 0
0.844 0.000 -23.466 106 89 81
0.625 0.000 -23.510 28 17 11
0.406 0.000 -23.553 4 0 0
0.186 0.000 -23.597 0 1 11
-0.033 0.000 -23.641 37 40 45
-0.252 0.000 -23.685 0 4 0
-0.471 0.000 -23.729 189 183 185
-0.690 0.000 -23.773 3 0 22
-0.909 0.000 -23.816 0 8 17
-1.129 0.000 -23.860 0 18 29
-1.348 0.000 -23.904 178 140 121
-1.567 0.000 -23.948 55 44 52
-1.786 0.000 -23.992 103 94 89
-2.005 0.000 -24.036 46 36 37
-2.225 0.000 -24.079 25 23 28
-2.444 0.000 -24.123 20 18 21
-2.663 0.000 -24.167 19 17 20
-2.882 0.000 -24.211 76 53 39
-3.101 0.000 -24.255 152 128 118
-3.320 0.000 -24.299 115 107 58
-3.540 0.000 -24.342 163 126 82
-3.759 0.000 -24.386 158 128 104
-3.978 0.000 -24.430 119 92 83
-4.197 0.000 -24.474 113 109 108
-4.416 0.000 -24.518 109 108 116
-4.636 0.000 -24.562 16 4 6
-4.855 0.000 -24.605 68 50 50
-5.074 0.000 -24.649 182 166 151
-5.293 0.000 -24.693 169 143 130
-5.512 0.000 -24.737 116 109 103
-5.732 0.000 -24.781 104 90 81
-5.951 0.000 -24.825 164 149 146
-6.170 0.000 -24.868 183 180 171
-6.389 0.000 -24.912 227 224 217
-6.608 0.000 -24.956 255 249 237
-6.827 0.000 -25.000 150 138 124
-7.047 0.000 -25.044 207 208 200
-7.266 0.000 -25.088 165 167 162
11.619 0.000 -21.622 8 7 15
11.405 0.000 -21.664 3 2 8
11.191 0.000 -21.707 6 6 6
10.978 0.000 -21.750 44 39 43
10.764 0.000 -21.793 118 113 117
10.551 0.000 -21.835 81 81 83
10.337 0.000 -21.878 61 55 55
10.124 0.000 -21.921 49 69 102
9.910 0.000 -21.963 73 92 132
9.696 0.000 -22.006 6 12 28
9.483 0.000 -22.049 84 125 157
9.269 0.000 -22.092 10 15 35
9.056 0.000 -22.134 193 201 214
8.842 0.000 -22.177 51 59 72
8.628 0.000 -22.220 128 140 140
8.415 0.000 -22.262 19 4 11
8.201 0.000 -22.305 77 77 85
7.988 0.000 -22.348 93 82 78
7.774 0.000 -22.391 8 3 0
7.561 0.000 -22.433 117 112 109
7.347 0.000 -22.476 49 47 48
7.133 0.000 -22.519 25 24 30
6.920 0.000 -22.561 14 13 19
6.706 0.000 -22.604 22 21 27
6.493 0.000 -22.647 16 15 21
6.279 0.000 -22.690 22 19 26
6.065 0.000 -22.732 3 0 2
5.852 0.000 -22.775 22 17 21
5.638 0.000 -22.818 13 11 14
5.425 0.000 -22.860 88 80 78
5.211 0.000 -22.903 78 60 58
4.997 0.000 -22.946 79 49 47
4.784 0.000 -22.989 121 95 80
4.570 0.000 -23.031 143 115 104
4.357 0.000 -23.074 188 140 120
4.143 0.000 -23.117 183 145 134
3.930 0.000 -23.159 124 93 88
3.716 0.000 -23.202 193 179 176
3.502 0.000 -23.245 201 183 169
3.289 0.000 -23.288 240 221 207
3.075 0.000 -23.330 208 189 175
2.862 0.000 -23.373 209 189 178
2.648 0.000 -23.416 114 101 95
2.434 0.000 -23.458 83 74 69
2.221 0.000 -23.501 18 7 11
2.007 0.000 -23.544 232 225 207
1.794 0.000 -23.587 20 12 9
1.580 0.000 -23.629 224 212 198
1.367 0.000 -23.672 27 17 7
1.153 0.000 -23.715 8 0 0
0.939 0.000 -23.757 185 175 165
0.726 0.000 -23.800 175 143 128
0.512 0.000 -23.843 12 0 0
0.299 0.000 -23.886 248 232 219
0.085 0.000 -23.928 150 151 135
-0.129 0.000 -23.971 203 195 174
-0.342 0.000 -24.014 106 97 80
-0.556 0.000 -24.057 215 203 191
-0.769 0.000 -24.099 209 188 171
-0.983 0.000 -24.142 151 128 96
-1.196 0.000 -24.185 151 117 89
-1.410 0.000 -24.227 176 151 144
-1.624 0.000 -24.270 145 130 123
-1.837 0.000 -24.313 36 36 44
-2.051 0.000 -24.356 0 0 4
-2.264 0.000 -24.398 53 52 57
-2.478 0.000 -24.441 117 116 121
-2.692 0.000 -24.484 66 62 53
-2.905 0.000 -24.526 94 86 75
-3.119 0.000 -24.569 143 135 124
-3.332 0.000 -24.612 196 192 183
-3.546 0.000 -24.655 154 144 152
-3.759 0.000 -24.697 151 126 104
-3.973 0.000 -24.740 152 119 110
-4.187 0.000 -24.783 118 100 100
-4.400 0.000 -24.825 131 115 116
-4.614 0.000 -24.868 115 96 90
-4.827 0.000 -24.911 108 84 80
-5.041 0.000 -24.954 190 184 184
-5.255 0.000 -24.996 158 154 155
-5.468 0.000 -25.039 235 231 228
-5.682 0.000 -25.082 108 94 83
-5.895 0.000 -25.124 143 121 100
-6.109 0.000 -25.167 132 117 110
-6.322 0.000 -25.210 120 105 98
-6.536 0.000 -25.253 101 88 80
-6.750 0.000 -25.295 176 164 150
-6.963 0.000 -25.338 120 114 66
11.443 0.000 -21.952 76 74 75
11.235 0.000 -21.994 73 71 72
11.027 0.000 -22.035 97 95 96
10.818 0.000 -22.077 110 106 103
10.610 0.000 -22.119 130 125 121
10.402 0.000 -22.160 37 36 34
10.194 0.000 -22.202 222 215 209
9.985 0.000 -22.244 174 157 141
9.777 0.000 -22.285 69 64 60
9.569 0.000 -22.327 123 124 129
9.361 0.000 -22.369 39 30 31
9.152 0.000 -22.410 123 118 122
8.944 0.000 -22.452 128 128 128
8.736 0.000 -22.494 133 133 133
8.527 0.000 -22.535 17 142 198
8.319 0.000 -22.577 24 32 45
8.111 0.000 -22.619 18 0 0
7.903 0.000 -22.660 193 202 209
7.694 0.000 -22.702 4 0 11
7.486 0.000 -22.744 12 0 20
7.278 0.000 -22.785 49 41 64
7.070 0.000 -22.827 62 48 63
6.861 0.000 -22.868 70 56 71
6.653 0.000 -22.910 41 23 23
6.445 0.000 -22.952 164 144 135
6.237 0.000 -22.993 60 47 30
6.028 0.000 -23.035 69 35 25
5.820 0.000 -23.077 91 51 52
5.612 0.000 -23.118 132 118 117
5.404 0.000 -23.160 23 27 36
5.195 0.000 -23.202 193 185 182
4.987 0.000 -23.243 106 78 64
4.779 0.000 -23.285 216 197 182
4.570 0.000 -23.327 98 85 79
4.362 0.000 -23.368 59 50 53
4.154 0.000 -23.410 41 27 24
3.946 0.000 -23.452 129 112 102
3.737 0.000 -23.493 153 142 136
3.529 0.000 -23.535 127 113 102
3.321 0.000 -23.577 165 156 149
3.113 0.000 -23.618 70 65 62
2.904 0.000 -23.660 73 68 74
2.696 0.000 -23.702 81 72 73
2.488 0.000 -23.743 79 70 71
2.280 0.000 -23.785 65 54 58
2.071 0.000 -23.826 247 230 220
1.863 0.000 -23.868 135 123 107
1.655 0.000 -23.910 48 45 66
1.447 0.000 -23.951 64 59 63
1.238 0.000 -23.993 42 36 38
1.030 0.000 -24.035 3 0 0
0.822 0.000 -24.076 69 65 64
0.614 0.000 -24.118 29 24 28
0.405 0.000 -24.160 75 67 65
0.197 0.000 -24.201 138 116 103
-0.011 0.000 -24.243 31 10 5
-0.220 0.000 -24.285 110 92 72
-0.428 0.000 -24.326 34 16 0
-0.636 0.000 -24.368 105 84 63
-0.844 0.000 -24.410 168 146 148
-1.053 0.000 -24.451 123 108 85
-1.261 0.000 -24.493 42 32 41
-1.469 0.000 -24.535 227 216 214
-1.677 0.000 -24.576 145 144 152
-1.886 0.000 -24.618 37 40 57
-2.094 0.000 -24.660 40 34 36
-2.302 0.000 -24.701 119 103 90
-2.510 0.000 -24.743 158 147 143
-2.719 0.000 -24.784 123 78 55
-2.927 0.000 -24.826 83 70 64
-3.135 0.000 -24.868 145 125 124
-3.343 0.000 -24.909 111 110 106
-3.552 0.000 -24.951 195 152 83
-3.760 0.000 -24.993 78 79 73
-3.968 0.000 -25.034 77 69 67
-4.177 0.000 -25.076 222 214 212
-4.385 0.000 -25.118 206 202 199
-4.593 0.000 -25.159 176 172 169
-4.801 0.000 -25.201 144 136 133
-5.010 0.000 -25.243 123 114 109
-5.218 0.000 -25.284 105 96 91
-5.426 0.000 -25.326 149 140 135
-5.634 0.000 -25.368 108 99 94
-5.843 0.000 -25.409 80 79 77
-6.051 0.000 -25.451 90 89 87
-6.259 0.000 -25.493 159 153 153
-6.467 0.000 -25.534 222 217 211
-6.676 0.000 -25.576 60 57 24
11.276 0.000 -22.267 83 81 84
11.073 0.000 -22.307 25 23 26
10.870 0.000 -22.348 109 107 110
10.667 0.000 -22.388 109 109 111
10.463 0.000 -22.429 99 99 101
10.260 0.000 -22.470 120 120 122
10.057 0.000 -22.510 107 107 109
9.854 0.000 -22.551 114 115 120
9.651 0.000 -22.592 112 113 118
9.447 0.000 -22.632 122 123 128
9.244 0.000 -22.673 111 112 117
9.041 0.000 -22.714 103 104 109
8.838 0.000 -22.754 96 95 93
8.635 0.000 -22.795 112 103 96
8.431 0.000 -22.835 208 156 116
8.228 0.000 -22.876 217 193 189
8.025 0.000 -22.917 13 13 5
7.822 0.000 -22.957 46 46 54
7.619 0.000 -22.998 245 237 226
7.415 0.000 -23.039 74 51 0
7.212 0.000 -23.079 17 15 2
7.009 0.000 -23.120 135 128 122
6.806 0.000 -23.161 152 140 124
6.603 0.000 -23.201 50 46 45
6.399 0.000 -23.242 122 114 111
6.196 0.000 -23.283 156 145 141
5.993 0.000 -23.323 177 170 164
5.790 0.000 -23.364 170 161 162
5.587 0.000 -23.404 120 109 107
5.383 0.000 -23.445 163 142 139
5.180 0.000 -23.486 182 168 168
4.977 0.000 -23.526 37 12 8
4.774 0.000 -23.567 71 60 54
4.571 0.000 -23.608 174 155 148
4.367 0.000 -23.648 133 123 121
4.164 0.000 -23.689 122 109 100
3.961 0.000 -23.730 183 175 164
3.758 0.000 -23.770 153 148 144
3.555 0.000 -23.811 131 118 109
3.351 0.000 -23.851 156 152 141
3.148 0.000 -23.892 58 53 50
2.945 0.000 -23.933 75 69 73
2.742 0.000 -23.973 22 20 23
2.539 0.000 -24.014 19 17 20
2.335 0.000 -24.055 33 22 18
2.132 0.000 -24.095 255 223 187
1.929 0.000 -24.136 206 196 187
1.726 0.000 -24.177 248 244 243
1.523 0.000 -24.217 29 28 33
1.319 0.000 -24.258 67 68 73
1.116 0.000 -24.299 198 188 176
0.913 0.000 -24.339 223 211 199
0.710 0.000 -24.380 7 0 0
0.507 0.000 -24.420 156 142 133
0.303 0.000 -24.461 116 106 97
0.100 0.000 -24.502 78 73 69
-0.103 0.000 -24.542 108 99 92
-0.306 0.000 -24.583 109 93 80
-0.509 0.000 -24.624 121 107 96
-0.713 0.000 -24.664 116 107 102
-0.916 0.000 -24.705 157 154 149
-1.119 0.000 -24.746 73 55 51
-1.322 0.000 -24.786 83 65 65
-1.525 0.000 -24.827 169 145 143
-1.729 0.000 -24.867 139 116 108
-1.932 0.000 -24.908 190 167 161
-2.135 0.000 -24.949 80 59 58
-2.338 0.000 -24.989 115 98 91
-2.541 0.000 -25.030 172 159 151
-2.745 0.000 -25.071 208 200 197
-2.948 0.000 -25.111 221 218 213
-3.151 0.000 -25.152 190 185 181
-3.354 0.000 -25.193 202 197 193
-3.557 0.000 -25.233 218 210 207
-3.761 0.000 -25.274 234 225 220
-3.964 0.000 -25.315 111 102 97
-4.167 0.000 -25.355 107 98 93
-4.370 0.000 -25.396 132 123 118
-4.573 0.000 -25.436 142 134 132
-4.776 0.000 -25.477 135 127 125
-4.980 0.000 -25.518 90 85 79
-5.183 0.000 -25.558 83 72 76
-5.386 0.000 -25.599 190 179 175
-5.589 0.000 -25.640 104 65 60
-5.792 0.000 -25.680 60 54 54
-5.996 0.000 -25.721 73 63 62
-6.199 0.000 -25.762 74 64 63
-6.402 0.000 -25.802 70 61 56
