ply
format ascii 1.0
element vertex 9000
property float x
property float y
property float z
property uchar red
property uchar green
property uchar blue
end_header
-50.358 0.000 -33.602 121 151 175
-49.807 0.000 -33.602 121 151 175
-49.255 0.000 -33.602 121 151 175
-48.704 0.000 -33.602 121 151 175
-48.153 0.000 -33.602 121 151 175
-47.602 0.000 -33.602 121 151 175
-47.051 0.000 -33.602 121 151 175
-46.499 0.000 -33.602 121 151 175
-45.948 0.000 -33.602 121 151 175
-45.397 -0.000 -33.602 121 151 175
-44.846 0.000 -33.602 121 151 175
-44.294 0.000 -33.602 121 151 175
-43.743 0.000 -33.602 121 151 175
-43.192 0.000 -33.602 121 151 175
-42.641 0.000 -33.602 121 151 175
-42.090 0.000 -33.602 121 151 175
-41.538 0.000 -33.602 121 151 175
-40.987 -0.000 -33.602 121 151 175
-40.436 0.000 -33.602 121 151 175
-39.885 -0.000 -33.602 121 151 175
-39.333 0.000 -33.602 121 151 175
-38.782 0.000 -33.602 121 151 175
-38.231 0.000 -33.602 121 151 175
-37.680 0.000 -33.602 121 151 175
-37.129 0.000 -33.602 121 151 175
-36.577 0.000 -33.602 121 151 175
-36.026 0.000 -33.602 121 151 175
-35.475 0.000 -33.602 121 151 175
-34.924 0.000 -33.602 121 151 175
-34.372 0.000 -33.602 121 151 175
-33.821 0.000 -33.602 121 151 175
-33.270 0.000 -33.602 121 151 175
-32.719 0.000 -33.602 121 151 175
-32.168 0.000 -33.602 121 151 175
-31.616 0.000 -33.602 121 151 175
-31.065 0.000 -33.602 121 151 175
-30.514 0.000 -33.602 121 151 175
-29.963 -0.000 -33.602 121 151 175
-29.411 0.000 -33.602 121 151 175
-28.860 0.000 -33.602 121 151 175
-28.309 0.000 -33.602 121 151 175
-27.758 -0.000 -33.602 121 151 175
-27.207 -0.000 -33.602 121 151 175
-26.655 0.000 -33.602 121 151 175
-26.104 0.000 -33.602 121 151 175
-25.553 0.000 -33.602 121 151 175
-25.002 0.000 -33.602 121 151 175
-24.451 0.000 -33.602 121 151 175
-23.899 0.000 -33.602 121 151 175
-23.348 0.000 -33.602 121 151 175
-22.797 0.000 -33.602 121 151 175
-22.246 0.000 -33.602 121 151 175
-21.694 -0.000 -33.602 121 151 175
-21.143 0.000 -33.602 121 151 175
-20.592 0.000 -33.602 121 151 175
-20.041 0.000 -33.602 121 151 175
-19.490 0.000 -33.602 121 151 175
-18.938 0.000 -33.602 121 151 175
-18.387 0.000 -33.602 121 151 175
-17.836 0.000 -33.602 121 151 175
-17.285 0.000 -33.602 121 151 175
-16.733 0.000 -33.602 121 151 175
-16.182 0.000 -33.602 121 151 175
-15.631 0.000 -33.602 121 151 175
-15.080 0.000 -33.602 121 151 175
-14.529 0.000 -33.602 121 151 175
-13.977 0.000 -33.602 121 151 175
-13.426 0.000 -33.602 121 151 175
-12.875 0.000 -33.602 121 151 175
-12.324 0.000 -33.602 121 151 175
-11.772 0.000 -33.602 121 151 175
-11.221 0.000 -33.602 121 151 175
-10.670 0.000 -33.602 121 151 175
-10.119 0.000 -33.602 121 151 175
-9.568 0.000 -33.602 121 151 175
-9.016 0.000 -33.602 121 151 175
-8.465 0.000 -33.602 121 151 175
-7.914 0.000 -33.602 121 151 175
-7.363 0.000 -33.602 121 151 175
-6.811 0.000 -33.602 121 151 175
-6.260 0.000 -33.602 121 151 175
-5.709 0.000 -33.602 121 151 175
-5.158 0.000 -33.602 121 151 175
-4.607 0.000 -33.602 121 151 175
-4.055 0.000 -33.602 121 151 175
-3.504 0.000 -33.602 121 151 175
-2.953 0.000 -33.602 121 151 175
-2.402 0.000 -33.602 121 151 175
-1.851 0.000 -33.602 121 151 175
-1.299 0.000 -33.602 121 151 175
-0.748 0.000 -33.602 121 151 175
-0.197 0.000 -33.602 121 151 175
0.354 0.000 -33.602 121 151 175
0.906 0.000 -33.602 121 151 175
1.457 0.000 -33.602 121 151 175
2.008 0.000 -33.602 121 151 175
2.559 0.000 -33.602 121 151 175
3.110 0.000 -33.602 121 151 175
3.662 0.000 -33.602 121 151 175
4.213 0.000 -33.602 121 151 175
4.764 0.000 -33.602 121 151 175
5.315 0.000 -33.602 121 151 175
5.867 0.000 -33.602 121 151 175
6.418 0.000 -33.602 121 151 175
6.969 0.000 -33.602 121 151 175
7.520 0.000 -33.602 121 151 175
8.071 0.000 -33.602 121 151 175
8.623 0.000 -33.602 121 151 175
9.174 0.000 -33.602 121 151 175
9.725 0.000 -33.602 121 151 175
10.276 0.000 -33.602 121 151 175
10.828 0.000 -33.602 121 151 175
11.379 0.000 -33.602 121 151 175
11.930 0.000 -33.602 121 151 175
12.481 0.000 -33.602 121 151 175
13.032 0.000 -33.602 121 151 175
13.584 0.000 -33.602 121 151 175
14.135 0.000 -33.602 120 152 177
14.686 0.000 -33.602 120 151 180
15.237 0.000 -33.602 123 151 172
15.788 0.000 -33.602 123 151 173
16.340 0.000 -33.602 123 151 172
16.891 0.000 -33.602 123 151 173
17.442 0.000 -33.602 123 151 172
17.993 0.000 -33.602 123 151 173
18.545 0.000 -33.602 123 151 172
19.096 0.000 -33.602 123 151 173
19.647 0.000 -33.602 123 151 172
20.198 0.000 -33.602 123 151 173
20.749 -0.000 -33.602 123 151 172
21.301 0.000 -33.602 123 151 173
21.852 0.000 -33.602 123 151 172
22.403 0.000 -33.602 123 151 173
22.954 0.000 -33.602 123 151 172
23.506 0.000 -33.602 123 151 173
24.057 0.000 -33.602 123 151 172
24.608 0.000 -33.602 123 151 173
25.159 0.000 -33.602 123 151 172
25.710 0.000 -33.602 123 151 173
26.262 0.000 -33.602 123 151 172
26.813 0.000 -33.602 123 151 173
27.364 0.000 -33.602 123 151 172
27.915 0.000 -33.602 123 151 173
28.467 -0.000 -33.602 123 151 172
29.018 0.000 -33.602 123 151 173
29.569 0.000 -33.602 123 151 172
30.120 0.000 -33.602 123 151 173
30.671 0.000 -33.602 123 151 172
31.223 0.000 -33.602 123 151 173
31.774 0.000 -33.602 123 151 172
32.325 0.000 -33.602 123 151 173
32.876 -0.000 -33.602 123 151 172
33.428 0.000 -33.602 123 151 173
33.979 0.000 -33.602 123 151 172
34.530 0.000 -33.602 123 151 173
35.081 0.000 -33.602 123 151 172
35.632 0.000 -33.602 123 151 173
36.184 0.000 -33.602 123 151 172
36.735 0.000 -33.602 123 151 173
37.286 0.000 -33.602 123 151 172
37.837 0.000 -33.602 123 151 173
38.388 0.000 -33.602 123 151 172
38.940 0.000 -33.602 123 151 173
39.491 0.000 -33.602 123 151 172
40.042 0.000 -33.602 123 151 173
40.593 -0.000 -33.602 123 151 172
41.145 -0.000 -33.602 123 151 173
41.696 0.000 -33.602 124 150 175
42.247 0.000 -33.602 120 151 180
42.798 0.000 -33.602 121 151 179
43.349 0.000 -33.602 121 151 175
43.901 0.000 -33.602 121 151 175
44.452 0.000 -33.602 121 151 175
45.003 0.000 -33.602 121 151 175
45.554 0.000 -33.602 121 151 175
46.106 0.000 -33.602 121 151 175
46.657 0.000 -33.602 121 151 175
47.208 0.000 -33.602 121 151 175
47.759 0.000 -33.602 121 151 175
48.310 0.000 -33.602 121 151 175
48.862 0.000 -33.602 121 151 175
49.413 0.000 -33.602 121 151 175
49.964 0.000 -33.602 121 151 175
-48.403 0.000 -31.036 125 153 177
-47.873 0.000 -31.036 125 153 177
-47.343 0.000 -31.036 125 153 177
-46.813 0.000 -31.036 125 153 177
-46.284 0.000 -31.036 125 153 177
-45.754 0.000 -31.036 125 153 177
-45.224 0.000 -31.036 125 153 177
-44.694 0.000 -31.036 125 153 177
-44.164 0.000 -31.036 125 153 177
-43.634 0.000 -31.036 125 153 177
-43.105 -0.000 -31.036 125 153 177
-42.575 0.000 -31.036 125 153 177
-42.045 0.000 -31.036 125 153 177
-41.515 0.000 -31.036 125 153 177
-40.985 0.000 -31.036 125 153 177
-40.456 0.000 -31.036 125 153 177
-39.926 0.000 -31.036 125 153 177
-39.396 0.000 -31.036 125 153 177
-38.866 0.000 -31.036 125 153 177
-38.336 0.000 -31.036 125 153 177
-37.806 0.000 -31.036 125 153 177
-37.277 -0.000 -31.036 125 153 177
-36.747 0.000 -31.036 125 153 177
-36.217 0.000 -31.036 125 153 177
-35.687 0.000 -31.036 125 153 177
-35.157 0.000 -31.036 125 153 177
-34.628 0.000 -31.036 125 153 177
-34.098 0.000 -31.036 125 153 177
-33.568 0.000 -31.036 125 153 177
-33.038 0.000 -31.036 125 153 177
-32.508 0.000 -31.036 125 153 177
-31.978 0.000 -31.036 125 153 177
-31.449 0.000 -31.036 125 153 177
-30.919 0.000 -31.036 125 153 177
-30.389 0.000 -31.036 125 153 177
-29.859 0.000 -31.036 125 153 177
-29.329 0.000 -31.036 125 153 177
-28.799 0.000 -31.036 125 153 177
-28.270 0.000 -31.036 125 153 177
-27.740 0.000 -31.036 125 153 177
-27.210 -0.000 -31.036 125 153 177
-26.680 -0.000 -31.036 125 153 177
-26.150 0.000 -31.036 125 153 177
-25.621 0.000 -31.036 125 153 177
-25.091 0.000 -31.036 125 153 177
-24.561 0.000 -31.036 125 153 177
-24.031 0.000 -31.036 125 153 177
-23.501 0.000 -31.036 125 153 177
-22.971 0.000 -31.036 125 153 177
-22.442 0.000 -31.036 125 153 177
-21.912 0.000 -31.036 125 153 177
-21.382 0.000 -31.036 125 153 177
-20.852 0.000 -31.036 125 153 177
-20.322 0.000 -31.036 125 153 177
-19.793 0.000 -31.036 125 153 177
-19.263 0.000 -31.036 125 153 177
-18.733 0.000 -31.036 125 153 177
-18.203 0.000 -31.036 125 153 177
-17.673 0.000 -31.036 125 153 177
-17.143 0.000 -31.036 125 153 177
-16.614 0.000 -31.036 125 153 177
-16.084 0.000 -31.036 125 153 177
-15.554 0.000 -31.036 125 153 177
-15.024 0.000 -31.036 125 153 177
-14.494 0.000 -31.036 125 153 177
-13.965 0.000 -31.036 125 153 177
-13.435 0.000 -31.036 125 153 177
-12.905 0.000 -31.036 125 153 177
-12.375 0.000 -31.036 125 153 177
-11.845 0.000 -31.036 125 153 177
-11.315 0.000 -31.036 125 153 177
-10.786 0.000 -31.036 125 153 177
-10.256 0.000 -31.036 125 153 177
-9.726 0.000 -31.036 125 153 177
-9.196 0.000 -31.036 125 153 177
-8.666 0.000 -31.036 125 153 177
-8.137 0.000 -31.036 125 153 177
-7.607 0.000 -31.036 125 153 177
-7.077 0.000 -31.036 125 153 177
-6.547 0.000 -31.036 125 153 177
-6.017 0.000 -31.036 125 153 177
-5.487 0.000 -31.036 125 153 177
-4.958 0.000 -31.036 125 153 177
-4.428 0.000 -31.036 125 153 177
-3.898 0.000 -31.036 125 153 177
-3.368 0.000 -31.036 125 153 177
-2.838 0.000 -31.036 125 153 177
-2.309 0.000 -31.036 125 153 177
-1.779 0.000 -31.036 125 153 177
-1.249 0.000 -31.036 125 153 177
-0.719 0.000 -31.036 125 153 177
-0.189 0.000 -31.036 125 153 177
0.341 0.000 -31.036 125 153 177
0.870 0.000 -31.036 125 153 177
1.400 0.000 -31.036 125 153 177
1.930 0.000 -31.036 125 153 177
2.460 0.000 -31.036 125 153 177
2.990 0.000 -31.036 125 153 177
3.520 0.000 -31.036 125 153 177
4.049 0.000 -31.036 125 153 177
4.579 0.000 -31.036 125 153 177
5.109 0.000 -31.036 125 153 177
5.639 0.000 -31.036 125 153 177
6.169 0.000 -31.036 125 153 177
6.698 0.000 -31.036 125 153 177
7.228 0.000 -31.036 125 153 177
7.758 0.000 -31.036 125 153 177
8.288 0.000 -31.036 125 153 177
8.818 0.000 -31.036 125 153 177
9.348 0.000 -31.036 125 153 177
9.877 0.000 -31.036 125 153 177
10.407 0.000 -31.036 125 153 177
10.937 0.000 -31.036 125 153 177
11.467 0.000 -31.036 125 153 177
11.997 0.000 -31.036 125 153 177
12.526 0.000 -31.036 125 153 177
13.056 0.000 -31.036 125 153 177
13.586 0.000 -31.036 131 150 165
14.116 0.000 -31.036 55 59 62
14.646 0.000 -31.036 55 59 58
15.176 0.000 -31.036 55 59 58
15.705 0.000 -31.036 55 59 58
16.235 0.000 -31.036 55 59 58
16.765 0.000 -31.036 55 59 58
17.295 0.000 -31.036 55 59 58
17.825 0.000 -31.036 55 59 58
18.354 0.000 -31.036 55 59 58
18.884 0.000 -31.036 55 59 58
19.414 0.000 -31.036 55 59 58
19.944 0.000 -31.036 55 59 58
20.474 0.000 -31.036 55 59 58
21.004 0.000 -31.036 55 59 58
21.533 0.000 -31.036 55 59 58
22.063 0.000 -31.036 55 59 58
22.593 0.000 -31.036 55 59 58
23.123 0.000 -31.036 55 59 58
23.653 0.000 -31.036 55 59 58
24.182 0.000 -31.036 55 59 58
24.712 0.000 -31.036 55 59 58
25.242 0.000 -31.036 55 59 58
25.772 0.000 -31.036 55 59 58
26.302 0.000 -31.036 55 59 58
26.832 0.000 -31.036 55 59 58
27.361 -0.000 -31.036 55 59 58
27.891 0.000 -31.036 55 59 58
28.421 -0.000 -31.036 55 59 58
28.951 0.000 -31.036 55 59 58
29.481 0.000 -31.036 55 59 58
30.011 0.000 -31.036 55 59 58
30.540 0.000 -31.036 55 59 58
31.070 0.000 -31.036 55 59 58
31.600 0.000 -31.036 55 59 58
32.130 0.000 -31.036 55 59 58
32.660 0.000 -31.036 55 59 58
33.189 0.000 -31.036 55 59 58
33.719 0.000 -31.036 55 59 58
34.249 -0.000 -31.036 55 59 58
34.779 0.000 -31.036 55 59 58
35.309 0.000 -31.036 55 59 58
35.839 -0.000 -31.036 55 59 58
36.368 0.000 -31.036 55 59 58
36.898 0.000 -31.036 55 59 58
37.428 0.000 -31.036 55 59 58
37.958 0.000 -31.036 55 59 58
38.488 0.000 -31.036 55 59 58
39.017 0.000 -31.036 55 59 58
39.547 0.000 -31.036 55 59 58
40.077 0.000 -31.036 55 59 62
40.607 0.000 -31.036 56 56 58
41.137 0.000 -31.036 125 149 173
41.667 -0.000 -31.036 125 153 177
42.196 0.000 -31.036 125 153 177
42.726 0.000 -31.036 125 153 177
43.256 0.000 -31.036 125 153 177
43.786 0.000 -31.036 125 153 177
44.316 0.000 -31.036 125 153 177
44.845 0.000 -31.036 125 153 177
45.375 0.000 -31.036 125 153 177
45.905 0.000 -31.036 125 153 177
46.435 0.000 -31.036 125 153 177
46.965 0.000 -31.036 125 153 177
47.495 0.000 -31.036 125 153 177
48.024 0.000 -31.036 125 153 177
-46.594 0.000 -28.661 126 154 176
-46.084 0.000 -28.661 126 154 176
-45.574 0.000 -28.661 126 154 176
-45.064 0.000 -28.661 126 154 176
-44.554 0.000 -28.661 126 154 176
-44.044 0.000 -28.661 126 154 176
-43.534 0.000 -28.661 126 154 176
-43.024 0.000 -28.661 126 154 176
-42.514 0.000 -28.661 126 154 176
-42.004 0.000 -28.661 126 154 176
-41.494 0.000 -28.661 126 154 176
-40.984 0.000 -28.661 126 154 176
-40.474 0.000 -28.661 126 154 176
-39.964 0.000 -28.661 126 154 176
-39.454 0.000 -28.661 126 154 176
-38.944 0.000 -28.661 126 154 176
-38.434 0.000 -28.661 126 154 176
-37.924 0.000 -28.661 126 154 176
-37.414 0.000 -28.661 126 154 176
-36.904 -0.000 -28.661 126 154 176
-36.394 0.000 -28.661 126 154 176
-35.884 0.000 -28.661 126 154 176
-35.374 0.000 -28.661 126 154 176
-34.863 0.000 -28.661 126 154 176
-34.353 -0.000 -28.661 126 154 176
-33.843 0.000 -28.661 126 154 176
-33.333 0.000 -28.661 126 154 176
-32.823 0.000 -28.661 126 154 176
-32.313 -0.000 -28.661 126 154 176
-31.803 -0.000 -28.661 126 154 176
-31.293 0.000 -28.661 126 154 176
-30.783 0.000 -28.661 126 154 176
-30.273 0.000 -28.661 126 154 176
-29.763 0.000 -28.661 126 154 176
-29.253 0.000 -28.661 126 154 176
-28.743 0.000 -28.661 126 154 176
-28.233 0.000 -28.661 126 154 176
-27.723 0.000 -28.661 126 154 176
-27.213 0.000 -28.661 126 154 176
-26.703 0.000 -28.661 126 154 176
-26.193 0.000 -28.661 126 154 176
-25.683 0.000 -28.661 126 154 176
-25.173 0.000 -28.661 126 154 176
-24.663 0.000 -28.661 126 154 176
-24.153 0.000 -28.661 126 154 176
-23.643 0.000 -28.661 126 154 176
-23.133 0.000 -28.661 126 154 176
-22.623 0.000 -28.661 126 154 176
-22.113 0.000 -28.661 126 154 176
-21.603 0.000 -28.661 126 154 176
-21.093 0.000 -28.661 126 154 176
-20.583 0.000 -28.661 126 154 176
-20.073 0.000 -28.661 126 154 176
-19.563 0.000 -28.661 126 154 176
-19.053 0.000 -28.661 126 154 176
-18.543 0.000 -28.661 126 154 176
-18.033 0.000 -28.661 126 154 176
-17.523 0.000 -28.661 126 154 176
-17.013 0.000 -28.661 126 154 176
-16.503 0.000 -28.661 126 154 176
-15.993 0.000 -28.661 126 154 176
-15.483 0.000 -28.661 126 154 176
-14.973 0.000 -28.661 126 154 176
-14.463 0.000 -28.661 126 154 176
-13.953 0.000 -28.661 126 154 176
-13.443 0.000 -28.661 126 154 176
-12.933 0.000 -28.661 126 154 176
-12.423 0.000 -28.661 126 154 176
-11.913 0.000 -28.661 126 154 176
-11.403 0.000 -28.661 126 154 176
-10.893 0.000 -28.661 126 154 176
-10.383 0.000 -28.661 126 154 176
-9.873 0.000 -28.661 126 154 176
-9.363 0.000 -28.661 126 154 176
-8.852 0.000 -28.661 126 154 176
-8.342 0.000 -28.661 126 154 176
-7.832 0.000 -28.661 126 154 176
-7.322 0.000 -28.661 126 154 176
-6.812 0.000 -28.661 126 154 176
-6.302 0.000 -28.661 126 154 176
-5.792 0.000 -28.661 126 154 176
-5.282 0.000 -28.661 126 154 176
-4.772 0.000 -28.661 126 154 176
-4.262 0.000 -28.661 126 154 176
-3.752 0.000 -28.661 126 154 176
-3.242 0.000 -28.661 126 154 176
-2.732 0.000 -28.661 126 154 176
-2.222 0.000 -28.661 126 154 176
-1.712 0.000 -28.661 126 154 176
-1.202 0.000 -28.661 126 154 176
-0.692 0.000 -28.661 126 154 176
-0.182 0.000 -28.661 126 154 176
0.328 0.000 -28.661 126 154 176
0.838 0.000 -28.661 126 154 176
1.348 0.000 -28.661 126 154 176
1.858 0.000 -28.661 126 154 176
2.368 0.000 -28.661 126 154 176
2.878 0.000 -28.661 126 154 176
3.388 0.000 -28.661 126 154 176
3.898 0.000 -28.661 126 154 176
4.408 0.000 -28.661 126 154 176
4.918 0.000 -28.661 126 154 176
5.428 0.000 -28.661 126 154 176
5.938 0.000 -28.661 126 154 176
6.448 0.000 -28.661 126 154 176
6.958 0.000 -28.661 126 154 176
7.468 0.000 -28.661 126 154 176
7.978 0.000 -28.661 126 154 176
8.488 0.000 -28.661 126 154 176
8.998 0.000 -28.661 126 154 176
9.508 0.000 -28.661 126 154 176
10.018 0.000 -28.661 126 154 176
10.528 0.000 -28.661 126 154 176
11.038 0.000 -28.661 126 154 176
11.548 0.000 -28.661 126 154 176
12.058 0.000 -28.661 126 154 176
12.568 0.000 -28.661 126 154 176
13.078 0.000 -28.661 129 152 168
13.588 0.000 -28.661 176 160 144
14.098 0.000 -28.661 173 162 144
14.608 0.000 -28.661 174 161 142
15.118 0.000 -28.661 176 161 142
15.628 0.000 -28.661 176 160 144
16.138 0.000 -28.661 176 160 144
16.649 0.000 -28.661 176 160 144
17.159 0.000 -28.661 176 160 144
17.669 0.000 -28.661 177 160 144
18.179 0.000 -28.661 174 161 144
18.689 0.000 -28.661 176 160 145
19.199 0.000 -28.661 174 161 144
19.709 0.000 -28.661 176 161 142
20.219 0.000 -28.661 176 160 144
20.729 0.000 -28.661 176 160 144
21.239 0.000 -28.661 176 160 144
21.749 0.000 -28.661 176 160 144
22.259 0.000 -28.661 177 160 142
22.769 0.000 -28.661 176 160 145
23.279 0.000 -28.661 174 160 149
23.789 0.000 -28.661 176 160 145
24.299 0.000 -28.661 176 160 144
24.809 0.000 -28.661 176 160 144
25.319 0.000 -28.661 176 160 144
25.829 0.000 -28.661 176 160 144
26.339 0.000 -28.661 176 160 144
26.849 0.000 -28.661 174 161 144
27.359 0.000 -28.661 174 162 140
27.869 0.000 -28.661 174 161 142
28.379 0.000 -28.661 176 160 144
28.889 0.000 -28.661 176 160 144
29.399 0.000 -28.661 176 160 144
29.909 0.000 -28.661 176 160 144
30.419 0.000 -28.661 176 160 144
30.929 0.000 -28.661 176 160 144
31.439 0.000 -28.661 174 161 144
31.949 0.000 -28.661 173 162 142
32.459 0.000 -28.661 174 161 142
32.969 0.000 -28.661 176 160 144
33.479 -0.000 -28.661 176 160 144
33.989 0.000 -28.661 176 160 144
34.499 0.000 -28.661 176 160 144
35.009 0.000 -28.661 176 160 144
35.519 0.000 -28.661 174 161 142
36.029 -0.000 -28.661 176 160 145
36.539 0.000 -28.661 173 162 144
37.049 0.000 -28.661 177 160 144
37.559 0.000 -28.661 176 160 144
38.069 0.000 -28.661 176 160 144
38.579 0.000 -28.661 177 160 144
39.089 0.000 -28.661 174 161 145
39.599 0.000 -28.661 125 153 174
40.109 0.000 -28.661 126 154 176
40.619 0.000 -28.661 126 154 176
41.129 0.000 -28.661 126 154 176
41.639 0.000 -28.661 126 154 176
42.149 0.000 -28.661 126 154 176
42.660 0.000 -28.661 126 154 176
43.170 0.000 -28.661 126 154 176
43.680 0.000 -28.661 126 154 176
44.190 0.000 -28.661 126 154 176
44.700 -0.000 -28.661 126 154 176
45.210 0.000 -28.661 126 154 176
45.720 0.000 -28.661 126 154 176
46.230 0.000 -28.661 126 154 176
-44.915 0.000 -26.458 127 155 177
-44.424 0.000 -26.458 127 155 177
-43.932 0.000 -26.458 127 155 177
-43.440 -0.000 -26.458 127 155 177
-42.949 0.000 -26.458 127 155 177
-42.457 0.000 -26.458 127 155 177
-41.966 0.000 -26.458 127 155 177
-41.474 0.000 -26.458 127 155 177
-40.982 0.000 -26.458 127 155 177
-40.491 0.000 -26.458 127 155 177
-39.999 0.000 -26.458 127 155 177
-39.507 0.000 -26.458 127 155 177
-39.016 0.000 -26.458 127 155 177
-38.524 0.000 -26.458 127 155 177
-38.032 0.000 -26.458 127 155 177
-37.541 0.000 -26.458 127 155 177
-37.049 0.000 -26.458 127 155 177
-36.557 0.000 -26.458 127 155 177
-36.066 0.000 -26.458 127 155 177
-35.574 0.000 -26.458 127 155 177
-35.082 0.000 -26.458 127 155 177
-34.591 0.000 -26.458 127 155 177
-34.099 0.000 -26.458 127 155 177
-33.608 0.000 -26.458 127 155 177
-33.116 0.000 -26.458 127 155 177
-32.624 0.000 -26.458 127 155 177
-32.133 0.000 -26.458 127 155 177
-31.641 0.000 -26.458 127 155 177
-31.149 0.000 -26.458 127 155 177
-30.658 0.000 -26.458 127 155 177
-30.166 0.000 -26.458 127 155 177
-29.674 0.000 -26.458 127 155 177
-29.183 0.000 -26.458 127 155 177
-28.691 0.000 -26.458 127 155 177
-28.199 0.000 -26.458 127 155 177
-27.708 0.000 -26.458 127 155 177
-27.216 0.000 -26.458 127 155 177
-26.724 0.000 -26.458 127 155 177
-26.233 0.000 -26.458 127 155 177
-25.741 0.000 -26.458 127 155 177
-25.250 0.000 -26.458 127 155 177
-24.758 0.000 -26.458 127 155 177
-24.266 0.000 -26.458 127 155 177
-23.775 0.000 -26.458 127 155 177
-23.283 0.000 -26.458 127 155 177
-22.791 0.000 -26.458 127 155 177
-22.300 0.000 -26.458 127 155 177
-21.808 0.000 -26.458 127 155 177
-21.316 0.000 -26.458 127 155 177
-20.825 0.000 -26.458 127 155 177
-20.333 0.000 -26.458 127 155 177
-19.841 0.000 -26.458 127 155 177
-19.350 0.000 -26.458 127 155 177
-18.858 0.000 -26.458 127 155 177
-18.366 0.000 -26.458 127 155 177
-17.875 0.000 -26.458 127 155 177
-17.383 0.000 -26.458 127 155 177
-16.892 0.000 -26.458 127 155 177
-16.400 0.000 -26.458 127 155 177
-15.908 0.000 -26.458 127 155 177
-15.417 0.000 -26.458 127 155 177
-14.925 0.000 -26.458 127 155 177
-14.433 0.000 -26.458 127 155 177
-13.942 0.000 -26.458 127 155 177
-13.450 0.000 -26.458 127 155 177
-12.958 0.000 -26.458 127 155 177
-12.467 0.000 -26.458 127 155 177
-11.975 0.000 -26.458 127 155 177
-11.483 0.000 -26.458 127 155 177
-10.992 0.000 -26.458 127 155 177
-10.500 0.000 -26.458 127 155 177
-10.009 0.000 -26.458 127 155 177
-9.517 0.000 -26.458 127 155 177
-9.025 0.000 -26.458 127 155 177
-8.534 0.000 -26.458 127 155 177
-8.042 0.000 -26.458 127 155 177
-7.550 0.000 -26.458 127 155 177
-7.059 0.000 -26.458 127 155 177
-6.567 0.000 -26.458 127 155 177
-6.075 0.000 -26.458 127 155 177
-5.584 0.000 -26.458 127 155 177
-5.092 0.000 -26.458 127 155 177
-4.600 0.000 -26.458 127 155 177
-4.109 0.000 -26.458 127 155 177
-3.617 0.000 -26.458 127 155 177
-3.125 0.000 -26.458 127 155 177
-2.634 0.000 -26.458 127 155 177
-2.142 0.000 -26.458 127 155 177
-1.651 0.000 -26.458 127 155 177
-1.159 0.000 -26.458 127 155 177
-0.667 0.000 -26.458 127 155 177
-0.176 0.000 -26.458 127 155 177
0.316 0.000 -26.458 127 155 177
0.808 0.000 -26.458 127 155 177
1.299 0.000 -26.458 127 155 177
1.791 0.000 -26.458 127 155 177
2.283 0.000 -26.458 127 155 177
2.774 0.000 -26.458 127 155 177
3.266 0.000 -26.458 127 155 177
3.758 0.000 -26.458 127 155 177
4.249 0.000 -26.458 127 155 177
4.741 0.000 -26.458 127 155 177
5.233 0.000 -26.458 127 155 177
5.724 0.000 -26.458 127 155 177
6.216 0.000 -26.458 127 155 177
6.707 0.000 -26.458 127 155 177
7.199 0.000 -26.458 127 155 177
7.691 0.000 -26.458 127 155 177
8.182 0.000 -26.458 127 155 177
8.674 0.000 -26.458 127 155 177
9.166 0.000 -26.458 127 155 177
9.657 0.000 -26.458 127 155 177
10.149 0.000 -26.458 127 155 177
10.641 0.000 -26.458 127 155 177
11.132 0.000 -26.458 127 155 177
11.624 0.000 -26.458 127 155 177
12.116 0.000 -26.458 127 155 177
12.607 0.000 -26.458 130 153 169
13.099 0.000 -26.458 176 160 144
13.591 0.000 -26.458 175 162 143
14.082 0.000 -26.458 174 163 145
14.574 0.000 -26.458 180 164 141
15.065 0.000 -26.458 176 160 144
15.557 0.000 -26.458 176 160 144
16.049 0.000 -26.458 176 160 144
16.540 0.000 -26.458 176 160 144
17.032 0.000 -26.458 174 161 144
17.524 0.000 -26.458 178 158 134
18.015 0.000 -26.458 175 163 151
18.507 0.000 -26.458 178 162 147
18.999 0.000 -26.458 174 160 147
19.490 0.000 -26.458 176 160 144
19.982 0.000 -26.458 176 160 144
20.474 0.000 -26.458 176 160 144
20.965 0.000 -26.458 176 160 144
21.457 0.000 -26.458 173 161 149
21.948 0.000 -26.458 174 162 146
22.440 0.000 -26.458 174 163 145
22.932 0.000 -26.458 176 158 138
23.423 0.000 -26.458 176 161 142
23.915 0.000 -26.458 176 160 144
24.407 0.000 -26.458 176 160 144
24.898 0.000 -26.458 176 160 144
25.390 0.000 -26.458 176 160 144
25.882 0.000 -26.458 179 159 132
26.373 0.000 -26.458 171 164 148
26.865 0.000 -26.458 179 164 141
27.357 0.000 -26.458 176 160 144
27.848 0.000 -26.458 176 160 144
28.340 0.000 -26.458 176 160 144
28.832 0.000 -26.458 176 160 144
29.323 0.000 -26.458 176 160 144
29.815 0.000 -26.458 176 160 144
30.306 0.000 -26.458 176 160 144
30.798 0.000 -26.458 174 163 145
31.290 0.000 -26.458 174 159 136
31.781 0.000 -26.458 176 160 144
32.273 0.000 -26.458 176 160 144
32.765 0.000 -26.458 176 160 144
33.256 0.000 -26.458 176 160 144
33.748 0.000 -26.458 176 161 142
34.240 0.000 -26.458 176 161 140
34.731 0.000 -26.458 174 164 154
35.223 0.000 -26.458 170 157 148
35.715 0.000 -26.458 176 161 142
36.206 -0.000 -26.458 176 160 144
36.698 0.000 -26.458 176 160 144
37.190 0.000 -26.458 177 160 144
37.681 0.000 -26.458 174 161 145
38.173 0.000 -26.458 127 155 176
38.664 0.000 -26.458 127 155 177
39.156 0.000 -26.458 127 155 177
39.648 -0.000 -26.458 127 155 177
40.139 -0.000 -26.458 127 155 177
40.631 0.000 -26.458 127 155 177
41.123 0.000 -26.458 127 155 177
41.614 0.000 -26.458 127 155 177
42.106 0.000 -26.458 127 155 177
42.598 0.000 -26.458 127 155 177
43.089 0.000 -26.458 127 155 177
43.581 0.000 -26.458 127 155 177
44.073 0.000 -26.458 127 155 177
44.564 -0.000 -26.458 127 155 177
-43.354 0.000 -24.408 129 155 178
-42.879 0.000 -24.408 129 155 178
-42.404 0.000 -24.408 129 155 178
-41.930 0.000 -24.408 129 155 178
-41.455 0.000 -24.408 129 155 178
-40.981 0.000 -24.408 129 155 178
-40.506 0.000 -24.408 129 155 178
-40.032 0.000 -24.408 129 155 178
-39.557 0.000 -24.408 129 155 178
-39.083 0.000 -24.408 129 155 178
-38.608 -0.000 -24.408 129 155 178
-38.134 -0.000 -24.408 129 155 178
-37.659 0.000 -24.408 129 155 178
-37.184 0.000 -24.408 129 155 178
-36.710 0.000 -24.408 129 155 178
-36.235 0.000 -24.408 129 155 178
-35.761 0.000 -24.408 129 155 178
-35.286 0.000 -24.408 129 155 178
-34.812 0.000 -24.408 129 155 178
-34.337 0.000 -24.408 129 155 178
-33.863 0.000 -24.408 129 155 178
-33.388 0.000 -24.408 129 155 178
-32.913 0.000 -24.408 129 155 178
-32.439 0.000 -24.408 129 155 178
-31.964 0.000 -24.408 129 155 178
-31.490 0.000 -24.408 129 155 178
-31.015 0.000 -24.408 129 155 178
-30.541 0.000 -24.408 129 155 178
-30.066 0.000 -24.408 129 155 178
-29.592 0.000 -24.408 129 155 178
-29.117 0.000 -24.408 129 155 178
-28.643 0.000 -24.408 129 155 178
-28.168 0.000 -24.408 129 155 178
-27.693 0.000 -24.408 129 155 178
-27.219 0.000 -24.408 129 155 178
-26.744 0.000 -24.408 129 155 178
-26.270 0.000 -24.408 129 155 178
-25.795 0.000 -24.408 129 155 178
-25.321 0.000 -24.408 129 155 178
-24.846 0.000 -24.408 129 155 178
-24.372 0.000 -24.408 129 155 178
-23.897 0.000 -24.408 129 155 178
-23.422 0.000 -24.408 129 155 178
-22.948 0.000 -24.408 129 155 178
-22.473 0.000 -24.408 129 155 178
-21.999 0.000 -24.408 129 155 178
-21.524 0.000 -24.408 129 155 178
-21.050 0.000 -24.408 129 155 178
-20.575 0.000 -24.408 129 155 178
-20.101 0.000 -24.408 129 155 178
-19.626 0.000 -24.408 129 155 178
-19.152 0.000 -24.408 129 155 178
-18.677 0.000 -24.408 129 155 178
-18.202 0.000 -24.408 129 155 178
-17.728 0.000 -24.408 129 155 178
-17.253 0.000 -24.408 129 155 178
-16.779 0.000 -24.408 129 155 178
-16.304 0.000 -24.408 129 155 178
-15.830 0.000 -24.408 129 155 178
-15.355 0.000 -24.408 129 155 178
-14.881 0.000 -24.408 129 155 178
-14.406 0.000 -24.408 129 155 178
-13.931 0.000 -24.408 129 155 178
-13.457 0.000 -24.408 129 155 178
-12.982 0.000 -24.408 129 155 178
-12.508 0.000 -24.408 129 155 178
-12.033 0.000 -24.408 129 155 178
-11.559 0.000 -24.408 129 155 178
-11.084 0.000 -24.408 129 155 178
-10.610 0.000 -24.408 129 155 178
-10.135 0.000 -24.408 129 155 178
-9.660 0.000 -24.408 129 155 178
-9.186 0.000 -24.408 129 155 178
-8.711 0.000 -24.408 129 155 178
-8.237 0.000 -24.408 129 155 178
-7.762 0.000 -24.408 129 155 178
-7.288 0.000 -24.408 129 155 178
-6.813 0.000 -24.408 129 155 178
-6.339 0.000 -24.408 129 155 178
-5.864 0.000 -24.408 129 155 178
-5.390 0.000 -24.408 129 155 178
-4.915 0.000 -24.408 129 155 178
-4.440 0.000 -24.408 129 155 178
-3.966 0.000 -24.408 129 155 178
-3.491 0.000 -24.408 129 155 178
-3.017 0.000 -24.408 129 155 178
-2.542 0.000 -24.408 129 155 178
-2.068 0.000 -24.408 129 155 178
-1.593 0.000 -24.408 129 155 178
-1.119 0.000 -24.408 129 155 178
-0.644 0.000 -24.408 129 155 178
-0.169 0.000 -24.408 129 155 178
0.305 0.000 -24.408 129 155 178
0.780 0.000 -24.408 129 155 178
1.254 0.000 -24.408 129 155 178
1.729 0.000 -24.408 129 155 178
2.203 0.000 -24.408 129 155 178
2.678 0.000 -24.408 129 155 178
3.152 0.000 -24.408 129 155 178
3.627 0.000 -24.408 129 155 178
4.101 0.000 -24.408 129 155 178
4.576 0.000 -24.408 129 155 178
5.051 0.000 -24.408 129 155 178
5.525 0.000 -24.408 129 155 178
6.000 0.000 -24.408 129 155 178
6.474 0.000 -24.408 129 155 178
6.949 0.000 -24.408 129 155 178
7.423 0.000 -24.408 129 155 178
7.898 0.000 -24.408 129 155 178
8.372 0.000 -24.408 129 155 178
8.847 0.000 -24.408 129 155 178
9.322 0.000 -24.408 129 155 178
9.796 0.000 -24.408 129 155 178
10.271 0.000 -24.408 129 155 178
10.745 0.000 -24.408 129 155 178
11.220 0.000 -24.408 129 155 178
11.694 0.000 -24.408 129 155 178
12.169 0.000 -24.408 132 154 168
12.643 0.000 -24.408 176 160 144
13.118 0.000 -24.408 48 62 75
13.592 0.000 -24.408 48 62 75
14.067 0.000 -24.408 177 161 138
14.542 0.000 -24.408 176 160 144
15.016 0.000 -24.408 176 160 144
15.491 0.000 -24.408 176 160 144
15.965 0.000 -24.408 176 160 144
16.440 0.000 -24.408 173 161 149
16.914 0.000 -24.408 177 160 140
17.389 0.000 -24.408 45 62 80
17.863 0.000 -24.408 164 163 159
18.338 0.000 -24.408 173 161 147
18.813 0.000 -24.408 176 160 144
19.287 0.000 -24.408 176 160 144
19.762 0.000 -24.408 176 160 144
20.236 0.000 -24.408 176 160 144
20.711 0.000 -24.408 176 160 144
21.185 0.000 -24.408 52 60 71
21.660 0.000 -24.408 48 61 80
22.134 0.000 -24.408 178 160 140
22.609 0.000 -24.408 174 161 144
23.083 0.000 -24.408 176 160 144
23.558 0.000 -24.408 176 160 144
24.033 0.000 -24.408 176 160 144
24.507 0.000 -24.408 176 160 144
24.982 0.000 -24.408 174 161 145
25.456 0.000 -24.408 38 65 82
25.931 0.000 -24.408 58 59 64
26.405 0.000 -24.408 176 160 144
26.880 0.000 -24.408 176 160 144
27.354 0.000 -24.408 176 160 144
27.829 0.000 -24.408 176 160 144
28.304 0.000 -24.408 176 160 144
28.778 0.000 -24.408 176 160 144
29.253 0.000 -24.408 170 161 152
29.727 0.000 -24.408 44 62 82
30.202 0.000 -24.408 171 162 145
30.676 0.000 -24.408 176 160 144
31.151 0.000 -24.408 176 160 144
31.625 0.000 -24.408 176 160 144
32.100 0.000 -24.408 176 160 144
32.575 0.000 -24.408 178 159 144
33.049 0.000 -24.408 177 160 140
33.524 0.000 -24.408 42 63 82
33.998 0.000 -24.408 49 62 71
34.473 0.000 -24.408 178 159 142
34.947 0.000 -24.408 176 160 144
35.422 0.000 -24.408 176 160 144
35.896 0.000 -24.408 176 160 144
36.371 0.000 -24.408 174 161 145
36.845 0.000 -24.408 128 155 176
37.320 0.000 -24.408 129 155 178
37.795 0.000 -24.408 129 155 178
38.269 0.000 -24.408 129 155 178
38.744 0.000 -24.408 129 155 178
39.218 0.000 -24.408 129 155 178
39.693 0.000 -24.408 129 155 178
40.167 0.000 -24.408 129 155 178
40.642 -0.000 -24.408 129 155 178
41.116 0.000 -24.408 129 155 178
41.591 -0.000 -24.408 129 155 178
42.066 -0.000 -24.408 129 155 178
42.540 0.000 -24.408 129 155 178
43.015 0.000 -24.408 129 155 178
-41.897 0.000 -22.496 130 157 178
-41.438 0.000 -22.496 130 157 178
-40.980 0.000 -22.496 130 157 178
-40.521 -0.000 -22.496 130 157 178
-40.062 0.000 -22.496 130 157 178
-39.604 0.000 -22.496 130 157 178
-39.145 0.000 -22.496 130 157 178
-38.687 0.000 -22.496 130 157 178
-38.228 0.000 -22.496 130 157 178
-37.769 0.000 -22.496 130 157 178
-37.311 0.000 -22.496 130 157 178
-36.852 0.000 -22.496 130 157 178
-36.393 0.000 -22.496 130 157 178
-35.935 0.000 -22.496 130 157 178
-35.476 0.000 -22.496 130 157 178
-35.018 0.000 -22.496 130 157 178
-34.559 0.000 -22.496 130 157 178
-34.100 0.000 -22.496 130 157 178
-33.642 0.000 -22.496 130 157 178
-33.183 0.000 -22.496 130 157 178
-32.725 0.000 -22.496 130 157 178
-32.266 0.000 -22.496 130 157 178
-31.807 0.000 -22.496 130 157 178
-31.349 0.000 -22.496 130 157 178
-30.890 0.000 -22.496 130 157 178
-30.432 0.000 -22.496 130 157 178
-29.973 0.000 -22.496 130 157 178
-29.514 0.000 -22.496 130 157 178
-29.056 0.000 -22.496 130 157 178
-28.597 0.000 -22.496 130 157 178
-28.139 0.000 -22.496 130 157 178
-27.680 0.000 -22.496 130 157 178
-27.221 0.000 -22.496 130 157 178
-26.763 0.000 -22.496 130 157 178
-26.304 0.000 -22.496 130 157 178
-25.846 0.000 -22.496 130 157 178
-25.387 0.000 -22.496 130 157 178
-24.928 0.000 -22.496 130 157 178
-24.470 0.000 -22.496 130 157 178
-24.011 0.000 -22.496 130 157 178
-23.553 0.000 -22.496 130 157 178
-23.094 0.000 -22.496 130 157 178
-22.635 0.000 -22.496 130 157 178
-22.177 0.000 -22.496 130 157 178
-21.718 0.000 -22.496 130 157 178
-21.260 0.000 -22.496 130 157 178
-20.801 0.000 -22.496 130 157 178
-20.342 0.000 -22.496 130 157 178
-19.884 0.000 -22.496 130 157 178
-19.425 0.000 -22.496 130 157 178
-18.967 0.000 -22.496 130 157 178
-18.508 0.000 -22.496 130 157 178
-18.049 0.000 -22.496 130 157 178
-17.591 0.000 -22.496 130 157 178
-17.132 0.000 -22.496 130 157 178
-16.674 0.000 -22.496 130 157 178
-16.215 0.000 -22.496 130 157 178
-15.756 0.000 -22.496 130 157 178
-15.298 0.000 -22.496 130 157 178
-14.839 0.000 -22.496 130 157 178
-14.381 0.000 -22.496 130 157 178
-13.922 0.000 -22.496 130 157 178
-13.463 0.000 -22.496 130 157 178
-13.005 0.000 -22.496 130 157 178
-12.546 0.000 -22.496 130 157 178
-12.087 0.000 -22.496 130 157 178
-11.629 0.000 -22.496 130 157 178
-11.170 0.000 -22.496 130 157 178
-10.712 0.000 -22.496 130 157 178
-10.253 0.000 -22.496 130 157 178
-9.794 0.000 -22.496 130 157 178
-9.336 0.000 -22.496 130 157 178
-8.877 0.000 -22.496 130 157 178
-8.419 0.000 -22.496 130 157 178
-7.960 0.000 -22.496 130 157 178
-7.501 0.000 -22.496 130 157 178
-7.043 0.000 -22.496 130 157 178
-6.584 0.000 -22.496 130 157 178
-6.126 0.000 -22.496 130 157 178
-5.667 0.000 -22.496 130 157 178
-5.208 0.000 -22.496 130 157 178
-4.750 0.000 -22.496 130 157 178
-4.291 0.000 -22.496 130 157 178
-3.833 0.000 -22.496 130 157 178
-3.374 0.000 -22.496 130 157 178
-2.915 0.000 -22.496 130 157 178
-2.457 0.000 -22.496 130 157 178
-1.998 0.000 -22.496 130 157 178
-1.540 0.000 -22.496 130 157 178
-1.081 0.000 -22.496 130 157 178
-0.622 0.000 -22.496 130 157 178
-0.164 0.000 -22.496 130 157 178
0.295 0.000 -22.496 130 157 178
0.753 0.000 -22.496 130 157 178
1.212 0.000 -22.496 130 157 178
1.671 0.000 -22.496 130 157 178
2.129 0.000 -22.496 130 157 178
2.588 0.000 -22.496 130 157 178
3.046 0.000 -22.496 130 157 178
3.505 0.000 -22.496 130 157 178
3.964 0.000 -22.496 130 157 178
4.422 0.000 -22.496 130 157 178
4.881 0.000 -22.496 130 157 178
5.339 0.000 -22.496 130 157 178
5.798 0.000 -22.496 130 157 178
6.257 0.000 -22.496 130 157 178
6.715 0.000 -22.496 130 157 178
7.174 0.000 -22.496 130 157 178
7.632 0.000 -22.496 130 157 178
8.091 0.000 -22.496 130 157 178
8.550 0.000 -22.496 130 157 178
9.008 0.000 -22.496 130 157 178
9.467 0.000 -22.496 130 157 178
9.925 0.000 -22.496 130 157 178
10.384 0.000 -22.496 130 157 178
10.843 0.000 -22.496 130 157 178
11.301 0.000 -22.496 130 157 178
11.760 0.000 -22.496 136 158 172
12.219 0.000 -22.496 176 160 144
12.677 0.000 -22.496 56 60 61
13.136 0.000 -22.496 60 60 60
13.594 0.000 -22.496 175 159 143
14.053 0.000 -22.496 176 160 144
14.512 0.000 -22.496 176 160 144
14.970 0.000 -22.496 176 160 144
15.429 0.000 -22.496 176 160 144
15.887 0.000 -22.496 174 160 147
16.346 0.000 -22.496 170 157 141
16.805 0.000 -22.496 57 58 63
17.263 0.000 -22.496 170 161 154
17.722 0.000 -22.496 176 160 144
18.180 0.000 -22.496 176 160 144
18.639 0.000 -22.496 176 160 144
19.098 0.000 -22.496 176 160 144
19.556 0.000 -22.496 176 160 144
20.015 0.000 -22.496 174 161 144
20.473 0.000 -22.496 59 59 59
20.932 0.000 -22.496 58 59 64
21.391 0.000 -22.496 173 160 143
21.849 0.000 -22.496 176 160 144
22.308 0.000 -22.496 176 160 144
22.766 0.000 -22.496 176 160 144
23.225 0.000 -22.496 176 160 144
23.684 0.000 -22.496 176 160 144
24.142 0.000 -22.496 179 164 145
24.601 0.000 -22.496 52 57 63
25.059 0.000 -22.496 63 60 55
25.518 0.000 -22.496 176 160 144
25.977 0.000 -22.496 176 160 144
26.435 0.000 -22.496 176 160 144
26.894 0.000 -22.496 176 160 144
27.352 0.000 -22.496 176 160 144
27.811 0.000 -22.496 176 160 144
28.270 0.000 -22.496 171 161 149
28.728 0.000 -22.496 56 60 63
29.187 0.000 -22.496 174 160 147
29.645 0.000 -22.496 176 160 144
30.104 0.000 -22.496 176 160 144
30.563 0.000 -22.496 176 160 144
31.021 0.000 -22.496 176 160 144
31.480 0.000 -22.496 177 160 144
31.938 0.000 -22.496 174 161 144
32.397 0.000 -22.496 60 64 65
32.856 0.000 -22.496 60 56 55
33.314 0.000 -22.496 176 160 144
33.773 0.000 -22.496 176 160 144
34.231 0.000 -22.496 176 160 144
34.690 0.000 -22.496 176 160 144
35.149 0.000 -22.496 174 161 145
35.607 0.000 -22.496 131 158 179
36.066 0.000 -22.496 130 157 178
36.525 0.000 -22.496 130 157 178
36.983 0.000 -22.496 130 157 178
37.442 0.000 -22.496 130 157 178
37.900 0.000 -22.496 130 157 178
38.359 0.000 -22.496 130 157 178
38.818 0.000 -22.496 130 157 178
39.276 0.000 -22.496 130 157 178
39.735 0.000 -22.496 130 157 178
40.193 0.000 -22.496 130 157 178
40.652 0.000 -22.496 130 157 178
41.111 -0.000 -22.496 130 157 178
41.569 0.000 -22.496 130 157 178
-40.535 0.000 -20.708 132 159 180
-40.091 0.000 -20.708 132 159 180
-39.647 0.000 -20.708 132 159 180
-39.204 0.000 -20.708 132 159 180
-38.760 0.000 -20.708 132 159 180
-38.316 0.000 -20.708 132 159 180
-37.872 0.000 -20.708 132 159 180
-37.429 0.000 -20.708 132 159 180
-36.985 0.000 -20.708 132 159 180
-36.541 0.000 -20.708 132 159 180
-36.098 0.000 -20.708 132 159 180
-35.654 0.000 -20.708 132 159 180
-35.210 0.000 -20.708 132 159 180
-34.767 0.000 -20.708 132 159 180
-34.323 0.000 -20.708 132 159 180
-33.879 0.000 -20.708 132 159 180
-33.436 0.000 -20.708 132 159 180
-32.992 0.000 -20.708 132 159 180
-32.548 0.000 -20.708 132 159 180
-32.104 0.000 -20.708 132 159 180
-31.661 0.000 -20.708 132 159 180
-31.217 0.000 -20.708 132 159 180
-30.773 0.000 -20.708 132 159 180
-30.330 0.000 -20.708 132 159 180
-29.886 0.000 -20.708 132 159 180
-29.442 0.000 -20.708 132 159 180
-28.999 0.000 -20.708 132 159 180
-28.555 0.000 -20.708 132 159 180
-28.111 0.000 -20.708 132 159 180
-27.667 0.000 -20.708 132 159 180
-27.224 0.000 -20.708 132 159 180
-26.780 0.000 -20.708 132 159 180
-26.336 0.000 -20.708 132 159 180
-25.893 0.000 -20.708 132 159 180
-25.449 0.000 -20.708 132 159 180
-25.005 0.000 -20.708 132 159 180
-24.562 0.000 -20.708 132 159 180
-24.118 0.000 -20.708 132 159 180
-23.674 0.000 -20.708 132 159 180
-23.231 0.000 -20.708 132 159 180
-22.787 0.000 -20.708 132 159 180
-22.343 0.000 -20.708 132 159 180
-21.899 0.000 -20.708 132 159 180
-21.456 0.000 -20.708 132 159 180
-21.012 0.000 -20.708 132 159 180
-20.568 0.000 -20.708 132 159 180
-20.125 0.000 -20.708 132 159 180
-19.681 0.000 -20.708 132 159 180
-19.237 0.000 -20.708 132 159 180
-18.794 0.000 -20.708 132 159 180
-18.350 0.000 -20.708 132 159 180
-17.906 0.000 -20.708 132 159 180
-17.463 0.000 -20.708 132 159 180
-17.019 0.000 -20.708 132 159 180
-16.575 0.000 -20.708 132 159 180
-16.131 0.000 -20.708 132 159 180
-15.688 0.000 -20.708 132 159 180
-15.244 0.000 -20.708 132 159 180
-14.800 0.000 -20.708 132 159 180
-14.357 0.000 -20.708 132 159 180
-13.913 0.000 -20.708 132 159 180
-13.469 0.000 -20.708 132 159 180
-13.026 0.000 -20.708 132 159 180
-12.582 0.000 -20.708 132 159 180
-12.138 0.000 -20.708 132 159 180
-11.695 0.000 -20.708 132 159 180
-11.251 0.000 -20.708 132 159 180
-10.807 0.000 -20.708 132 159 180
-10.363 0.000 -20.708 132 159 180
-9.920 0.000 -20.708 132 159 180
-9.476 0.000 -20.708 132 159 180
-9.032 0.000 -20.708 132 159 180
-8.589 0.000 -20.708 132 159 180
-8.145 0.000 -20.708 132 159 180
-7.701 0.000 -20.708 132 159 180
-7.258 0.000 -20.708 132 159 180
-6.814 0.000 -20.708 132 159 180
-6.370 0.000 -20.708 132 159 180
-5.926 0.000 -20.708 132 159 180
-5.483 0.000 -20.708 132 159 180
-5.039 0.000 -20.708 132 159 180
-4.595 0.000 -20.708 132 159 180
-4.152 0.000 -20.708 132 159 180
-3.708 0.000 -20.708 132 159 180
-3.264 0.000 -20.708 132 159 180
-2.821 0.000 -20.708 132 159 180
-2.377 0.000 -20.708 132 159 180
-1.933 0.000 -20.708 132 159 180
-1.490 0.000 -20.708 132 159 180
-1.046 0.000 -20.708 132 159 180
-0.602 0.000 -20.708 132 159 180
-0.158 0.000 -20.708 132 159 180
0.285 0.000 -20.708 132 159 180
0.729 0.000 -20.708 132 159 180
1.173 0.000 -20.708 132 159 180
1.616 0.000 -20.708 132 159 180
2.060 0.000 -20.708 132 159 180
2.504 0.000 -20.708 132 159 180
2.947 0.000 -20.708 132 159 180
3.391 0.000 -20.708 132 159 180
3.835 0.000 -20.708 132 159 180
4.278 0.000 -20.708 132 159 180
4.722 0.000 -20.708 132 159 180
5.166 0.000 -20.708 132 159 180
5.610 0.000 -20.708 132 159 180
6.053 0.000 -20.708 132 159 180
6.497 0.000 -20.708 132 159 180
6.941 0.000 -20.708 132 159 180
7.384 0.000 -20.708 132 159 180
7.828 0.000 -20.708 132 159 180
8.272 0.000 -20.708 132 159 180
8.715 0.000 -20.708 132 159 180
9.159 0.000 -20.708 132 159 180
9.603 0.000 -20.708 132 159 180
10.046 0.000 -20.708 132 159 180
10.490 0.000 -20.708 132 159 180
10.934 0.000 -20.708 132 159 180
11.378 0.000 -20.708 137 159 173
11.821 0.000 -20.708 176 160 144
12.265 0.000 -20.708 174 161 145
12.709 0.000 -20.708 174 158 143
13.152 0.000 -20.708 175 158 140
13.596 0.000 -20.708 176 160 144
14.040 0.000 -20.708 176 160 144
14.483 0.000 -20.708 176 160 144
14.927 0.000 -20.708 176 160 144
15.371 0.000 -20.708 173 161 145
15.815 0.000 -20.708 178 162 146
16.258 0.000 -20.708 174 159 140
16.702 0.000 -20.708 178 161 143
17.146 0.000 -20.708 176 160 144
17.589 0.000 -20.708 176 160 144
18.033 0.000 -20.708 176 160 144
18.477 0.000 -20.708 176 160 144
18.920 0.000 -20.708 176 160 144
19.364 0.000 -20.708 177 159 145
19.808 0.000 -20.708 171 162 147
20.251 0.000 -20.708 174 162 140
20.695 0.000 -20.708 175 160 141
21.139 0.000 -20.708 176 160 144
21.583 0.000 -20.708 176 160 144
22.026 0.000 -20.708 176 160 144
22.470 0.000 -20.708 176 160 144
22.914 0.000 -20.708 176 160 144
23.357 0.000 -20.708 176 158 144
23.801 0.000 -20.708 177 161 138
24.245 0.000 -20.708 181 163 149
24.688 0.000 -20.708 176 160 144
25.132 0.000 -20.708 176 160 144
25.576 0.000 -20.708 176 160 144
26.019 0.000 -20.708 176 160 144
26.463 0.000 -20.708 176 160 144
26.907 0.000 -20.708 176 160 144
27.351 0.000 -20.708 176 160 144
27.794 0.000 -20.708 174 161 144
28.238 0.000 -20.708 179 162 142
28.682 0.000 -20.708 176 160 144
29.125 0.000 -20.708 176 160 144
29.569 0.000 -20.708 176 160 144
30.013 0.000 -20.708 176 160 144
30.456 0.000 -20.708 174 161 144
30.900 0.000 -20.708 174 161 145
31.344 0.000 -20.708 174 156 142
31.788 0.000 -20.708 175 160 141
32.231 0.000 -20.708 176 160 145
32.675 0.000 -20.708 176 160 144
33.119 0.000 -20.708 176 160 144
33.562 0.000 -20.708 176 160 144
34.006 0.000 -20.708 176 160 145
34.450 0.000 -20.708 132 159 180
34.893 0.000 -20.708 132 159 180
35.337 0.000 -20.708 132 159 180
35.781 0.000 -20.708 132 159 180
36.224 0.000 -20.708 132 159 180
36.668 0.000 -20.708 132 159 180
37.112 0.000 -20.708 132 159 180
37.556 0.000 -20.708 132 159 180
37.999 0.000 -20.708 132 159 180
38.443 0.000 -20.708 132 159 180
38.887 0.000 -20.708 132 159 180
39.330 0.000 -20.708 132 159 180
39.774 0.000 -20.708 132 159 180
40.218 0.000 -20.708 132 159 180
-39.258 0.000 -19.032 134 161 180
-38.829 0.000 -19.032 134 161 180
-38.399 0.000 -19.032 134 161 180
-37.969 0.000 -19.032 134 161 180
-37.539 0.000 -19.032 134 161 180
-37.110 0.000 -19.032 134 161 180
-36.680 0.000 -19.032 134 161 180
-36.250 0.000 -19.032 134 161 180
-35.820 0.000 -19.032 134 161 180
-35.391 0.000 -19.032 134 161 180
-34.961 0.000 -19.032 134 161 180
-34.531 0.000 -19.032 134 161 180
-34.102 0.000 -19.032 134 161 180
-33.672 0.000 -19.032 134 161 180
-33.242 0.000 -19.032 134 161 180
-32.812 0.000 -19.032 134 161 180
-32.383 0.000 -19.032 134 161 180
-31.953 0.000 -19.032 134 161 180
-31.523 0.000 -19.032 134 161 180
-31.094 0.000 -19.032 134 161 180
-30.664 0.000 -19.032 134 161 180
-30.234 0.000 -19.032 134 161 180
-29.804 0.000 -19.032 134 161 180
-29.375 0.000 -19.032 134 161 180
-28.945 0.000 -19.032 134 161 180
-28.515 0.000 -19.032 134 161 180
-28.085 0.000 -19.032 134 161 180
-27.656 0.000 -19.032 134 161 180
-27.226 0.000 -19.032 134 161 180
-26.796 0.000 -19.032 134 161 180
-26.367 0.000 -19.032 134 161 180
-25.937 0.000 -19.032 134 161 180
-25.507 0.000 -19.032 134 161 180
-25.077 0.000 -19.032 134 161 180
-24.648 0.000 -19.032 134 161 180
-24.218 0.000 -19.032 134 161 180
-23.788 0.000 -19.032 134 161 180
-23.359 0.000 -19.032 134 161 180
-22.929 0.000 -19.032 134 161 180
-22.499 0.000 -19.032 134 161 180
-22.069 0.000 -19.032 134 161 180
-21.640 0.000 -19.032 134 161 180
-21.210 0.000 -19.032 134 161 180
-20.780 0.000 -19.032 134 161 180
-20.350 0.000 -19.032 134 161 180
-19.921 0.000 -19.032 134 161 180
-19.491 0.000 -19.032 134 161 180
-19.061 0.000 -19.032 134 161 180
-18.632 0.000 -19.032 134 161 180
-18.202 0.000 -19.032 134 161 180
-17.772 0.000 -19.032 134 161 180
-17.342 0.000 -19.032 134 161 180
-16.913 0.000 -19.032 134 161 180
-16.483 0.000 -19.032 134 161 180
-16.053 0.000 -19.032 134 161 180
-15.624 0.000 -19.032 134 161 180
-15.194 0.000 -19.032 134 161 180
-14.764 0.000 -19.032 134 161 180
-14.334 0.000 -19.032 134 161 180
-13.905 0.000 -19.032 134 161 180
-13.475 0.000 -19.032 134 161 180
-13.045 0.000 -19.032 134 161 180
-12.615 0.000 -19.032 134 161 180
-12.186 0.000 -19.032 134 161 180
-11.756 0.000 -19.032 134 161 180
-11.326 0.000 -19.032 134 161 180
-10.897 0.000 -19.032 134 161 180
-10.467 0.000 -19.032 134 161 180
-10.037 0.000 -19.032 134 161 180
-9.607 0.000 -19.032 134 161 180
-9.178 0.000 -19.032 134 161 180
-8.748 0.000 -19.032 134 161 180
-8.318 0.000 -19.032 134 161 180
-7.888 0.000 -19.032 134 161 180
-7.459 0.000 -19.032 134 161 180
-7.029 0.000 -19.032 134 161 180
-6.599 0.000 -19.032 134 161 180
-6.170 0.000 -19.032 134 161 180
-5.740 0.000 -19.032 134 161 180
-5.310 0.000 -19.032 134 161 180
-4.880 0.000 -19.032 134 161 180
-4.451 0.000 -19.032 134 161 180
-4.021 0.000 -19.032 134 161 180
-3.591 0.000 -19.032 134 161 180
-3.162 0.000 -19.032 134 161 180
-2.732 0.000 -19.032 134 161 180
-2.302 0.000 -19.032 134 161 180
-1.872 0.000 -19.032 134 161 180
-1.443 0.000 -19.032 134 161 180
-1.013 0.000 -19.032 134 161 180
-0.583 0.000 -19.032 134 161 180
-0.153 0.000 -19.032 134 161 180
0.276 0.000 -19.032 134 161 180
0.706 0.000 -19.032 134 161 180
1.136 0.000 -19.032 134 161 180
1.565 0.000 -19.032 134 161 180
1.995 0.000 -19.032 134 161 180
2.425 0.000 -19.032 134 161 180
2.855 0.000 -19.032 134 161 180
3.284 0.000 -19.032 134 161 180
3.714 0.000 -19.032 134 161 180
4.144 0.000 -19.032 134 161 180
4.573 0.000 -19.032 134 161 180
5.003 0.000 -19.032 134 161 180
5.433 0.000 -19.032 134 161 180
5.863 0.000 -19.032 134 161 180
6.292 0.000 -19.032 134 161 180
6.722 0.000 -19.032 134 161 180
7.152 0.000 -19.032 134 161 180
7.582 0.000 -19.032 134 161 180
8.011 0.000 -19.032 134 161 180
8.441 0.000 -19.032 134 161 180
8.871 0.000 -19.032 134 161 180
9.300 0.000 -19.032 134 161 180
9.730 0.000 -19.032 134 161 180
10.160 0.000 -19.032 134 161 180
10.590 0.000 -19.032 134 161 180
11.019 0.000 -19.032 138 160 173
11.449 0.000 -19.032 176 160 144
11.879 0.000 -19.032 46 61 80
12.308 0.000 -19.032 42 60 82
12.738 0.000 -19.032 171 159 145
13.168 0.000 -19.032 176 160 144
13.598 0.000 -19.032 176 160 144
14.027 0.000 -19.032 176 160 144
14.457 0.000 -19.032 176 160 144
14.887 0.000 -19.032 176 160 144
15.317 0.000 -19.032 177 161 145
15.746 0.000 -19.032 48 61 80
16.176 0.000 -19.032 167 163 160
16.606 0.000 -19.032 176 161 142
17.035 0.000 -19.032 176 160 144
17.465 0.000 -19.032 176 160 144
17.895 0.000 -19.032 176 160 144
18.325 0.000 -19.032 176 160 144
18.754 0.000 -19.032 174 161 142
19.184 0.000 -19.032 52 60 71
19.614 0.000 -19.032 44 62 84
20.044 0.000 -19.032 176 160 145
20.473 0.000 -19.032 176 160 145
20.903 0.000 -19.032 176 160 144
21.333 0.000 -19.032 176 160 144
21.762 0.000 -19.032 176 160 144
22.192 0.000 -19.032 176 160 144
22.622 0.000 -19.032 175 159 143
23.052 0.000 -19.032 47 62 81
23.481 0.000 -19.032 56 63 69
23.911 0.000 -19.032 176 160 144
24.341 0.000 -19.032 176 160 144
24.770 0.000 -19.032 176 160 144
25.200 0.000 -19.032 176 160 144
25.630 0.000 -19.032 176 160 144
26.060 0.000 -19.032 176 160 144
26.489 0.000 -19.032 169 162 154
26.919 0.000 -19.032 42 63 80
27.349 0.000 -19.032 172 160 144
27.779 0.000 -19.032 176 160 144
28.208 0.000 -19.032 176 160 144
28.638 0.000 -19.032 176 160 144
29.068 0.000 -19.032 176 160 144
29.497 0.000 -19.032 174 161 145
29.927 0.000 -19.032 176 161 140
30.357 0.000 -19.032 45 61 77
30.787 0.000 -19.032 51 63 77
31.216 0.000 -19.032 173 162 144
31.646 0.000 -19.032 176 160 144
32.076 0.000 -19.032 176 160 144
32.505 0.000 -19.032 177 160 142
32.935 0.000 -19.032 175 159 144
33.365 0.000 -19.032 133 160 179
33.795 0.000 -19.032 134 161 180
34.224 0.000 -19.032 134 161 180
34.654 0.000 -19.032 134 161 180
35.084 0.000 -19.032 134 161 180
35.514 0.000 -19.032 134 161 180
35.943 0.000 -19.032 134 161 180
36.373 0.000 -19.032 134 161 180
36.803 0.000 -19.032 134 161 180
37.232 0.000 -19.032 134 161 180
37.662 0.000 -19.032 134 161 180
38.092 0.000 -19.032 134 161 180
38.522 0.000 -19.032 134 161 180
38.951 0.000 -19.032 134 161 180
-38.060 0.000 -17.459 134 161 180
-37.643 0.000 -17.459 134 161 180
-37.227 0.000 -17.459 134 161 180
-36.810 0.000 -17.459 134 161 180
-36.393 0.000 -17.459 134 161 180
-35.977 0.000 -17.459 134 161 180
-35.560 0.000 -17.459 134 161 180
-35.144 0.000 -17.459 134 161 180
-34.727 0.000 -17.459 134 161 180
-34.310 0.000 -17.459 134 161 180
-33.894 0.000 -17.459 134 161 180
-33.477 0.000 -17.459 134 161 180
-33.061 0.000 -17.459 134 161 180
-32.644 0.000 -17.459 134 161 180
-32.227 0.000 -17.459 134 161 180
-31.811 0.000 -17.459 134 161 180
-31.394 0.000 -17.459 134 161 180
-30.978 0.000 -17.459 134 161 180
-30.561 0.000 -17.459 134 161 180
-30.144 0.000 -17.459 134 161 180
-29.728 0.000 -17.459 134 161 180
-29.311 0.000 -17.459 134 161 180
-28.895 0.000 -17.459 134 161 180
-28.478 0.000 -17.459 134 161 180
-28.061 0.000 -17.459 134 161 180
-27.645 0.000 -17.459 134 161 180
-27.228 0.000 -17.459 134 161 180
-26.812 0.000 -17.459 134 161 180
-26.395 0.000 -17.459 134 161 180
-25.978 0.000 -17.459 134 161 180
-25.562 0.000 -17.459 134 161 180
-25.145 0.000 -17.459 134 161 180
-24.728 0.000 -17.459 134 161 180
-24.312 0.000 -17.459 134 161 180
-23.895 0.000 -17.459 134 161 180
-23.479 0.000 -17.459 134 161 180
-23.062 0.000 -17.459 134 161 180
-22.645 0.000 -17.459 134 161 180
-22.229 0.000 -17.459 134 161 180
-21.812 0.000 -17.459 134 161 180
-21.396 0.000 -17.459 134 161 180
-20.979 0.000 -17.459 134 161 180
-20.562 0.000 -17.459 134 161 180
-20.146 0.000 -17.459 134 161 180
-19.729 0.000 -17.459 134 161 180
-19.313 0.000 -17.459 134 161 180
-18.896 0.000 -17.459 134 161 180
-18.479 0.000 -17.459 134 161 180
-18.063 0.000 -17.459 134 161 180
-17.646 0.000 -17.459 134 161 180
-17.230 0.000 -17.459 134 161 180
-16.813 0.000 -17.459 134 161 180
-16.396 0.000 -17.459 134 161 180
-15.980 0.000 -17.459 134 161 180
-15.563 0.000 -17.459 134 161 180
-15.147 0.000 -17.459 134 161 180
-14.730 0.000 -17.459 134 161 180
-14.313 0.000 -17.459 134 161 180
-13.897 0.000 -17.459 134 161 180
-13.480 0.000 -17.459 134 161 180
-13.064 0.000 -17.459 134 161 180
-12.647 0.000 -17.459 134 161 180
-12.230 0.000 -17.459 134 161 180
-11.814 0.000 -17.459 134 161 180
-11.397 0.000 -17.459 134 161 180
-10.981 0.000 -17.459 134 161 180
-10.564 0.000 -17.459 134 161 180
-10.147 0.000 -17.459 134 161 180
-9.731 0.000 -17.459 134 161 180
-9.314 0.000 -17.459 134 161 180
-8.897 0.000 -17.459 134 161 180
-8.481 0.000 -17.459 134 161 180
-8.064 0.000 -17.459 134 161 180
-7.648 0.000 -17.459 134 161 180
-7.231 0.000 -17.459 134 161 180
-6.814 0.000 -17.459 134 161 180
-6.398 0.000 -17.459 134 161 180
-5.981 0.000 -17.459 134 161 180
-5.565 0.000 -17.459 134 161 180
-5.148 0.000 -17.459 134 161 180
-4.731 0.000 -17.459 134 161 180
-4.315 0.000 -17.459 134 161 180
-3.898 0.000 -17.459 134 161 180
-3.482 0.000 -17.459 134 161 180
-3.065 0.000 -17.459 134 161 180
-2.648 0.000 -17.459 134 161 180
-2.232 0.000 -17.459 134 161 180
-1.815 0.000 -17.459 134 161 180
-1.399 0.000 -17.459 134 161 180
-0.982 0.000 -17.459 134 161 180
-0.565 0.000 -17.459 134 161 180
-0.149 0.000 -17.459 134 161 180
0.268 0.000 -17.459 134 161 180
0.684 0.000 -17.459 134 161 180
1.101 0.000 -17.459 134 161 180
1.518 0.000 -17.459 134 161 180
1.934 0.000 -17.459 134 161 180
2.351 0.000 -17.459 134 161 180
2.767 -0.000 -17.459 134 161 180
3.184 0.000 -17.459 134 161 180
3.601 0.000 -17.459 134 161 180
4.017 0.000 -17.459 134 161 180
4.434 0.000 -17.459 134 161 180
4.850 0.000 -17.459 134 161 180
5.267 0.000 -17.459 134 161 180
5.684 0.000 -17.459 134 161 180
6.100 0.000 -17.459 134 161 180
6.517 -0.000 -17.459 134 161 180
6.933 0.000 -17.459 134 161 180
7.350 0.000 -17.459 134 161 180
7.767 0.000 -17.459 134 161 180
8.183 0.000 -17.459 134 161 180
8.600 0.000 -17.459 134 161 180
9.017 0.000 -17.459 134 161 180
9.433 0.000 -17.459 134 161 180
9.850 0.000 -17.459 134 161 180
10.266 0.000 -17.459 134 161 180
10.683 0.000 -17.459 139 161 174
11.100 0.000 -17.459 176 160 144
11.516 0.000 -17.459 44 61 77
11.933 0.000 -17.459 49 62 79
12.349 0.000 -17.459 173 161 147
12.766 0.000 -17.459 176 160 144
13.183 0.000 -17.459 176 160 144
13.599 0.000 -17.459 176 160 144
14.016 0.000 -17.459 176 160 144
14.432 0.000 -17.459 178 159 142
14.849 0.000 -17.459 174 158 143
15.266 0.000 -17.459 50 59 76
15.682 0.000 -17.459 175 167 164
16.099 0.000 -17.459 176 161 142
16.515 0.000 -17.459 176 160 144
16.932 0.000 -17.459 176 160 144
17.349 0.000 -17.459 176 160 144
17.765 0.000 -17.459 176 160 144
18.182 0.000 -17.459 177 160 142
18.598 0.000 -17.459 54 58 67
19.015 0.000 -17.459 47 60 77
19.432 0.000 -17.459 174 158 143
19.848 0.000 -17.459 177 160 142
20.265 0.000 -17.459 176 160 144
20.681 0.000 -17.459 176 160 144
21.098 0.000 -17.459 176 160 144
21.515 0.000 -17.459 176 160 144
21.931 0.000 -17.459 175 159 143
22.348 0.000 -17.459 47 64 74
22.764 0.000 -17.459 54 53 59
23.181 0.000 -17.459 176 160 144
23.598 0.000 -17.459 176 160 144
24.014 0.000 -17.459 176 160 144
24.431 0.000 -17.459 176 160 144
24.848 0.000 -17.459 176 160 144
25.264 0.000 -17.459 176 160 144
25.681 0.000 -17.459 169 162 152
26.097 0.000 -17.459 44 62 72
26.514 0.000 -17.459 175 164 146
26.931 0.000 -17.459 176 160 144
27.347 0.000 -17.459 176 160 144
27.764 0.000 -17.459 176 160 144
28.180 0.000 -17.459 176 160 144
28.597 0.000 -17.459 177 160 144
29.014 0.000 -17.459 176 160 144
29.430 0.000 -17.459 54 64 76
29.847 0.000 -17.459 52 60 73
30.263 0.000 -17.459 174 161 144
30.680 0.000 -17.459 176 160 144
31.097 0.000 -17.459 176 160 144
31.513 0.000 -17.459 177 160 142
31.930 0.000 -17.459 176 160 145
32.346 0.000 -17.459 134 161 180
32.763 0.000 -17.459 134 161 180
33.180 0.000 -17.459 134 161 180
33.596 0.000 -17.459 134 161 180
34.013 0.000 -17.459 134 161 180
34.429 0.000 -17.459 134 161 180
34.846 0.000 -17.459 134 161 180
35.263 0.000 -17.459 134 161 180
35.679 0.000 -17.459 134 161 180
36.096 0.000 -17.459 134 161 180
36.512 0.000 -17.459 134 161 180
36.929 0.000 -17.459 134 161 180
37.346 0.000 -17.459 134 161 180
37.762 0.000 -17.459 134 161 180
-36.932 0.000 -15.979 137 162 182
-36.528 0.000 -15.979 137 162 182
-36.124 0.000 -15.979 137 162 182
-35.720 0.000 -15.979 137 162 182
-35.315 0.000 -15.979 137 162 182
-34.911 0.000 -15.979 137 162 182
-34.507 0.000 -15.979 137 162 182
-34.103 0.000 -15.979 137 162 182
-33.698 0.000 -15.979 137 162 182
-33.294 0.000 -15.979 137 162 182
-32.890 0.000 -15.979 137 162 182
-32.486 0.000 -15.979 137 162 182
-32.081 0.000 -15.979 137 162 182
-31.677 0.000 -15.979 137 162 182
-31.273 0.000 -15.979 137 162 182
-30.868 0.000 -15.979 137 162 182
-30.464 0.000 -15.979 137 162 182
-30.060 0.000 -15.979 137 162 182
-29.656 0.000 -15.979 137 162 182
-29.251 0.000 -15.979 137 162 182
-28.847 0.000 -15.979 137 162 182
-28.443 0.000 -15.979 137 162 182
-28.039 0.000 -15.979 137 162 182
-27.634 0.000 -15.979 137 162 182
-27.230 0.000 -15.979 137 162 182
-26.826 0.000 -15.979 137 162 182
-26.422 0.000 -15.979 137 162 182
-26.017 0.000 -15.979 137 162 182
-25.613 0.000 -15.979 137 162 182
-25.209 0.000 -15.979 137 162 182
-24.805 0.000 -15.979 137 162 182
-24.400 0.000 -15.979 137 162 182
-23.996 0.000 -15.979 137 162 182
-23.592 0.000 -15.979 137 162 182
-23.187 0.000 -15.979 137 162 182
-22.783 0.000 -15.979 137 162 182
-22.379 0.000 -15.979 137 162 182
-21.975 0.000 -15.979 137 162 182
-21.570 0.000 -15.979 137 162 182
-21.166 0.000 -15.979 137 162 182
-20.762 0.000 -15.979 137 162 182
-20.358 0.000 -15.979 137 162 182
-19.953 0.000 -15.979 137 162 182
-19.549 0.000 -15.979 137 162 182
-19.145 0.000 -15.979 137 162 182
-18.741 0.000 -15.979 137 162 182
-18.336 0.000 -15.979 137 162 182
-17.932 0.000 -15.979 137 162 182
-17.528 0.000 -15.979 137 162 182
-17.123 0.000 -15.979 137 162 182
-16.719 0.000 -15.979 137 162 182
-16.315 0.000 -15.979 137 162 182
-15.911 0.000 -15.979 137 162 182
-15.506 0.000 -15.979 137 162 182
-15.102 0.000 -15.979 137 162 182
-14.698 0.000 -15.979 137 162 182
-14.294 0.000 -15.979 137 162 182
-13.889 0.000 -15.979 137 162 182
-13.485 0.000 -15.979 137 162 182
-13.081 0.000 -15.979 137 162 182
-12.677 0.000 -15.979 137 162 182
-12.272 0.000 -15.979 137 162 182
-11.868 0.000 -15.979 137 162 182
-11.464 0.000 -15.979 137 162 182
-11.060 0.000 -15.979 137 162 182
-10.655 0.000 -15.979 137 162 182
-10.251 0.000 -15.979 137 162 182
-9.847 0.000 -15.979 137 162 182
-9.442 0.000 -15.979 137 162 182
-9.038 0.000 -15.979 137 162 182
-8.634 0.000 -15.979 137 162 182
-8.230 0.000 -15.979 137 162 182
-7.825 0.000 -15.979 137 162 182
-7.421 0.000 -15.979 137 162 182
-7.017 0.000 -15.979 137 162 182
-6.613 -0.000 -15.979 137 162 182
-6.208 0.000 -15.979 137 162 182
-5.804 0.000 -15.979 137 162 182
-5.400 0.000 -15.979 137 162 182
-4.996 0.000 -15.979 137 162 182
-4.591 0.000 -15.979 137 162 182
-4.187 0.000 -15.979 137 162 182
-3.783 0.000 -15.979 137 162 182
-3.378 0.000 -15.979 137 162 182
-2.974 -0.000 -15.979 137 162 182
-2.570 0.000 -15.979 137 162 182
-2.166 0.000 -15.979 137 162 182
-1.761 0.000 -15.979 137 162 182
-1.357 0.000 -15.979 137 162 182
-0.953 0.000 -15.979 137 162 182
-0.549 0.000 -15.979 137 162 182
-0.144 0.000 -15.979 137 162 182
0.260 0.000 -15.979 137 162 182
0.664 0.000 -15.979 137 162 182
1.068 0.000 -15.979 137 162 182
1.473 0.000 -15.979 137 162 182
1.877 0.000 -15.979 137 162 182
2.281 0.000 -15.979 137 162 182
2.685 0.000 -15.979 137 162 182
3.090 0.000 -15.979 137 162 182
3.494 0.000 -15.979 137 162 182
3.898 0.000 -15.979 137 162 182
4.303 0.000 -15.979 137 162 182
4.707 0.000 -15.979 137 162 182
5.111 -0.000 -15.979 137 162 182
5.515 0.000 -15.979 137 162 182
5.920 0.000 -15.979 137 162 182
6.324 0.000 -15.979 137 162 182
6.728 0.000 -15.979 137 162 182
7.132 0.000 -15.979 137 162 182
7.537 0.000 -15.979 137 162 182
7.941 0.000 -15.979 137 162 182
8.345 0.000 -15.979 137 162 182
8.749 0.000 -15.979 137 162 182
9.154 0.000 -15.979 137 162 182
9.558 0.000 -15.979 137 162 182
9.962 0.000 -15.979 137 162 182
10.366 0.000 -15.979 142 162 171
10.771 -0.000 -15.979 177 160 144
11.175 0.000 -15.979 178 160 140
11.579 0.000 -15.979 174 161 145
11.984 0.000 -15.979 174 161 144
12.388 0.000 -15.979 176 160 144
12.792 0.000 -15.979 176 160 144
13.196 0.000 -15.979 176 160 144
13.601 0.000 -15.979 176 160 144
14.005 0.000 -15.979 176 160 147
14.409 0.000 -15.979 177 160 142
14.813 0.000 -15.979 177 160 142
15.218 0.000 -15.979 177 160 140
15.622 0.000 -15.979 174 161 144
16.026 0.000 -15.979 176 160 144
16.430 0.000 -15.979 176 160 144
16.835 0.000 -15.979 176 160 144
17.239 0.000 -15.979 176 160 144
17.643 0.000 -15.979 174 161 145
18.048 0.000 -15.979 174 160 147
18.452 0.000 -15.979 177 160 142
18.856 0.000 -15.979 178 159 142
19.260 0.000 -15.979 174 161 145
19.665 0.000 -15.979 176 160 144
20.069 0.000 -15.979 176 160 144
20.473 0.000 -15.979 176 160 144
20.877 0.000 -15.979 176 160 144
21.282 0.000 -15.979 174 160 149
21.686 0.000 -15.979 173 162 142
22.090 0.000 -15.979 178 159 144
22.494 0.000 -15.979 176 160 144
22.899 0.000 -15.979 176 160 144
23.303 0.000 -15.979 176 160 144
23.707 0.000 -15.979 176 160 144
24.111 0.000 -15.979 176 160 144
24.516 0.000 -15.979 176 160 144
24.920 0.000 -15.979 176 160 144
25.324 0.000 -15.979 176 160 145
25.729 0.000 -15.979 173 162 144
26.133 0.000 -15.979 176 160 144
26.537 0.000 -15.979 176 160 144
26.941 0.000 -15.979 176 160 144
27.346 0.000 -15.979 176 160 144
27.750 0.000 -15.979 174 161 144
28.154 0.000 -15.979 177 160 144
28.558 0.000 -15.979 178 160 140
28.963 0.000 -15.979 177 160 140
29.367 0.000 -15.979 174 161 144
29.771 0.000 -15.979 176 160 144
30.175 0.000 -15.979 176 160 144
30.580 0.000 -15.979 176 161 142
30.984 0.000 -15.979 176 160 145
31.388 0.000 -15.979 137 162 182
31.793 0.000 -15.979 137 162 182
32.197 0.000 -15.979 137 162 182
32.601 0.000 -15.979 137 162 182
33.005 0.000 -15.979 137 162 182
33.410 0.000 -15.979 137 162 182
33.814 0.000 -15.979 137 162 182
34.218 0.000 -15.979 137 162 182
34.622 0.000 -15.979 137 162 182
35.027 0.000 -15.979 137 162 182
35.431 0.000 -15.979 137 162 182
35.835 0.000 -15.979 137 162 182
36.239 0.000 -15.979 137 162 182
36.644 0.000 -15.979 137 162 182
-35.870 0.000 -14.584 138 164 181
-35.477 0.000 -14.584 138 164 181
-35.085 0.000 -14.584 138 164 181
-34.692 0.000 -14.584 138 164 181
-34.299 0.000 -14.584 138 164 181
-33.907 0.000 -14.584 138 164 181
-33.514 0.000 -14.584 138 164 181
-33.121 0.000 -14.584 138 164 181
-32.729 0.000 -14.584 138 164 181
-32.336 0.000 -14.584 138 164 181
-31.944 0.000 -14.584 138 164 181
-31.551 0.000 -14.584 138 164 181
-31.158 0.000 -14.584 138 164 181
-30.766 0.000 -14.584 138 164 181
-30.373 0.000 -14.584 138 164 181
-29.980 0.000 -14.584 138 164 181
-29.588 0.000 -14.584 138 164 181
-29.195 0.000 -14.584 138 164 181
-28.802 0.000 -14.584 138 164 181
-28.410 0.000 -14.584 138 164 181
-28.017 0.000 -14.584 138 164 181
-27.625 0.000 -14.584 138 164 181
-27.232 0.000 -14.584 138 164 181
-26.839 0.000 -14.584 138 164 181
-26.447 0.000 -14.584 138 164 181
-26.054 0.000 -14.584 138 164 181
-25.661 0.000 -14.584 138 164 181
-25.269 0.000 -14.584 138 164 181
-24.876 0.000 -14.584 138 164 181
-24.484 0.000 -14.584 138 164 181
-24.091 0.000 -14.584 138 164 181
-23.698 0.000 -14.584 138 164 181
-23.306 0.000 -14.584 138 164 181
-22.913 0.000 -14.584 138 164 181
-22.520 0.000 -14.584 138 164 181
-22.128 0.000 -14.584 138 164 181
-21.735 0.000 -14.584 138 164 181
-21.342 0.000 -14.584 138 164 181
-20.950 0.000 -14.584 138 164 181
-20.557 0.000 -14.584 138 164 181
-20.165 0.000 -14.584 138 164 181
-19.772 0.000 -14.584 138 164 181
-19.379 0.000 -14.584 138 164 181
-18.987 0.000 -14.584 138 164 181
-18.594 0.000 -14.584 138 164 181
-18.201 0.000 -14.584 138 164 181
-17.809 0.000 -14.584 138 164 181
-17.416 0.000 -14.584 138 164 181
-17.023 0.000 -14.584 138 164 181
-16.631 0.000 -14.584 138 164 181
-16.238 0.000 -14.584 138 164 181
-15.846 -0.000 -14.584 138 164 181
-15.453 0.000 -14.584 138 164 181
-15.060 0.000 -14.584 138 164 181
-14.668 0.000 -14.584 138 164 181
-14.275 0.000 -14.584 138 164 181
-13.882 0.000 -14.584 138 164 181
-13.490 0.000 -14.584 138 164 181
-13.097 0.000 -14.584 138 164 181
-12.705 -0.000 -14.584 138 164 181
-12.312 0.000 -14.584 138 164 181
-11.919 0.000 -14.584 138 164 181
-11.527 0.000 -14.584 138 164 181
-11.134 0.000 -14.584 138 164 181
-10.741 0.000 -14.584 138 164 181
-10.349 0.000 -14.584 138 164 181
-9.956 0.000 -14.584 138 164 181
-9.563 0.000 -14.584 138 164 181
-9.171 0.000 -14.584 138 164 181
-8.778 0.000 -14.584 138 164 181
-8.386 0.000 -14.584 138 164 181
-7.993 0.000 -14.584 138 164 181
-7.600 -0.000 -14.584 138 164 181
-7.208 0.000 -14.584 138 164 181
-6.815 0.000 -14.584 138 164 181
-6.422 0.000 -14.584 138 164 181
-6.030 0.000 -14.584 138 164 181
-5.637 0.000 -14.584 138 164 181
-5.244 0.000 -14.584 138 164 181
-4.852 0.000 -14.584 138 164 181
-4.459 0.000 -14.584 138 164 181
-4.067 0.000 -14.584 138 164 181
-3.674 0.000 -14.584 138 164 181
-3.281 0.000 -14.584 138 164 181
-2.889 0.000 -14.584 138 164 181
-2.496 0.000 -14.584 138 164 181
-2.103 0.000 -14.584 138 164 181
-1.711 0.000 -14.584 138 164 181
-1.318 -0.000 -14.584 138 164 181
-0.925 0.000 -14.584 138 164 181
-0.533 0.000 -14.584 138 164 181
-0.140 0.000 -14.584 138 164 181
0.252 0.000 -14.584 138 164 181
0.645 0.000 -14.584 138 164 181
1.038 0.000 -14.584 138 164 181
1.430 0.000 -14.584 138 164 181
1.823 0.000 -14.584 138 164 181
2.216 0.000 -14.584 138 164 181
2.608 0.000 -14.584 138 164 181
3.001 0.000 -14.584 138 164 181
3.393 0.000 -14.584 138 164 181
3.786 0.000 -14.584 138 164 181
4.179 -0.000 -14.584 138 164 181
4.571 0.000 -14.584 138 164 181
4.964 0.000 -14.584 138 164 181
5.357 -0.000 -14.584 138 164 181
5.749 0.000 -14.584 138 164 181
6.142 0.000 -14.584 138 164 181
6.535 0.000 -14.584 138 164 181
6.927 0.000 -14.584 138 164 181
7.320 -0.000 -14.584 138 164 181
7.712 0.000 -14.584 138 164 181
8.105 0.000 -14.584 138 164 181
8.498 0.000 -14.584 138 164 181
8.890 0.000 -14.584 138 164 181
9.283 0.000 -14.584 138 164 181
9.676 0.000 -14.584 138 164 181
10.068 0.000 -14.584 143 163 172
10.461 0.000 -14.584 177 160 144
10.854 0.000 -14.584 45 62 80
11.246 0.000 -14.584 51 60 77
11.639 0.000 -14.584 178 160 140
12.031 -0.000 -14.584 176 160 144
12.424 0.000 -14.584 176 160 144
12.817 0.000 -14.584 176 160 144
13.209 0.000 -14.584 176 160 144
13.602 0.000 -14.584 176 160 145
13.995 0.000 -14.584 173 161 147
14.387 0.000 -14.584 42 63 84
14.780 0.000 -14.584 163 163 163
15.172 0.000 -14.584 176 160 145
15.565 0.000 -14.584 176 160 144
15.958 0.000 -14.584 176 160 144
16.350 0.000 -14.584 176 160 144
16.743 0.000 -14.584 176 160 144
17.136 0.000 -14.584 174 162 140
17.528 0.000 -14.584 52 61 70
17.921 0.000 -14.584 44 62 82
18.314 0.000 -14.584 176 160 145
18.706 0.000 -14.584 176 161 142
19.099 0.000 -14.584 176 160 144
19.491 0.000 -14.584 176 160 144
19.884 0.000 -14.584 176 160 144
20.277 0.000 -14.584 176 160 144
20.669 0.000 -14.584 174 161 142
21.062 0.000 -14.584 44 61 89
21.455 0.000 -14.584 53 61 64
21.847 0.000 -14.584 176 160 144
22.240 0.000 -14.584 176 160 144
22.633 0.000 -14.584 176 160 144
23.025 0.000 -14.584 176 160 144
23.418 0.000 -14.584 176 160 144
23.810 0.000 -14.584 176 160 144
24.203 0.000 -14.584 169 162 154
24.596 0.000 -14.584 45 61 84
24.988 0.000 -14.584 176 160 147
25.381 0.000 -14.584 176 160 144
25.774 0.000 -14.584 176 160 144
26.166 0.000 -14.584 176 160 144
26.559 0.000 -14.584 176 160 144
26.951 0.000 -14.584 177 160 140
27.344 0.000 -14.584 176 160 145
27.737 0.000 -14.584 44 62 82
28.129 0.000 -14.584 49 61 73
28.522 0.000 -14.584 178 159 142
28.915 0.000 -14.584 176 160 144
29.307 0.000 -14.584 176 160 144
29.700 0.000 -14.584 176 161 142
30.093 0.000 -14.584 176 160 145
30.485 0.000 -14.584 138 163 183
30.878 0.000 -14.584 138 164 181
31.270 0.000 -14.584 138 164 181
31.663 0.000 -14.584 138 164 181
32.056 0.000 -14.584 138 164 181
32.448 0.000 -14.584 138 164 181
32.841 0.000 -14.584 138 164 181
33.234 0.000 -14.584 138 164 181
33.626 0.000 -14.584 138 164 181
34.019 0.000 -14.584 138 164 181
34.412 0.000 -14.584 138 164 181
34.804 0.000 -14.584 138 164 181
35.197 0.000 -14.584 138 164 181
35.589 0.000 -14.584 138 164 181
-34.867 0.000 -13.268 141 164 182
-34.485 0.000 -13.268 141 164 182
-34.103 0.000 -13.268 141 164 182
-33.722 0.000 -13.268 141 164 182
-33.340 0.000 -13.268 141 164 182
-32.959 0.000 -13.268 141 164 182
-32.577 0.000 -13.268 141 164 182
-32.195 0.000 -13.268 141 164 182
-31.814 0.000 -13.268 141 164 182
-31.432 0.000 -13.268 141 164 182
-31.050 0.000 -13.268 141 164 182
-30.669 0.000 -13.268 141 164 182
-30.287 0.000 -13.268 141 164 182
-29.905 0.000 -13.268 141 164 182
-29.524 0.000 -13.268 141 164 182
-29.142 0.000 -13.268 141 164 182
-28.760 0.000 -13.268 141 164 182
-28.379 0.000 -13.268 141 164 182
-27.997 0.000 -13.268 141 164 182
-27.615 0.000 -13.268 141 164 182
-27.234 0.000 -13.268 141 164 182
-26.852 0.000 -13.268 141 164 182
-26.470 0.000 -13.268 141 164 182
-26.089 0.000 -13.268 141 164 182
-25.707 0.000 -13.268 141 164 182
-25.325 0.000 -13.268 141 164 182
-24.944 0.000 -13.268 141 164 182
-24.562 0.000 -13.268 141 164 182
-24.180 0.000 -13.268 141 164 182
-23.799 0.000 -13.268 141 164 182
-23.417 0.000 -13.268 141 164 182
-23.036 0.000 -13.268 141 164 182
-22.654 0.000 -13.268 141 164 182
-22.272 0.000 -13.268 141 164 182
-21.891 0.000 -13.268 141 164 182
-21.509 -0.000 -13.268 141 164 182
-21.127 0.000 -13.268 141 164 182
-20.746 0.000 -13.268 141 164 182
-20.364 0.000 -13.268 141 164 182
-19.982 0.000 -13.268 141 164 182
-19.601 0.000 -13.268 141 164 182
-19.219 0.000 -13.268 141 164 182
-18.837 0.000 -13.268 141 164 182
-18.456 0.000 -13.268 141 164 182
-18.074 0.000 -13.268 141 164 182
-17.692 0.000 -13.268 141 164 182
-17.311 0.000 -13.268 141 164 182
-16.929 0.000 -13.268 141 164 182
-16.547 0.000 -13.268 141 164 182
-16.166 0.000 -13.268 141 164 182
-15.784 0.000 -13.268 141 164 182
-15.402 0.000 -13.268 141 164 182
-15.021 0.000 -13.268 141 164 182
-14.639 0.000 -13.268 141 164 182
-14.257 0.000 -13.268 141 164 182
-13.876 0.000 -13.268 141 164 182
-13.494 0.000 -13.268 141 164 182
-13.113 0.000 -13.268 141 164 182
-12.731 0.000 -13.268 141 164 182
-12.349 0.000 -13.268 141 164 182
-11.968 0.000 -13.268 141 164 182
-11.586 0.000 -13.268 141 164 182
-11.204 -0.000 -13.268 141 164 182
-10.823 0.000 -13.268 141 164 182
-10.441 0.000 -13.268 141 164 182
-10.059 0.000 -13.268 141 164 182
-9.678 0.000 -13.268 141 164 182
-9.296 -0.000 -13.268 141 164 182
-8.914 0.000 -13.268 141 164 182
-8.533 0.000 -13.268 141 164 182
-8.151 0.000 -13.268 141 164 182
-7.769 0.000 -13.268 141 164 182
-7.388 0.000 -13.268 141 164 182
-7.006 -0.000 -13.268 141 164 182
-6.624 0.000 -13.268 141 164 182
-6.243 0.000 -13.268 141 164 182
-5.861 0.000 -13.268 141 164 182
-5.479 0.000 -13.268 141 164 182
-5.098 0.000 -13.268 141 164 182
-4.716 0.000 -13.268 141 164 182
-4.334 0.000 -13.268 141 164 182
-3.953 0.000 -13.268 141 164 182
-3.571 0.000 -13.268 141 164 182
-3.190 0.000 -13.268 141 164 182
-2.808 0.000 -13.268 141 164 182
-2.426 0.000 -13.268 141 164 182
-2.045 0.000 -13.268 141 164 182
-1.663 0.000 -13.268 141 164 182
-1.281 0.000 -13.268 141 164 182
-0.900 0.000 -13.268 141 164 182
-0.518 0.000 -13.268 141 164 182
-0.136 0.000 -13.268 141 164 182
0.245 0.000 -13.268 141 164 182
0.627 0.000 -13.268 141 164 182
1.009 0.000 -13.268 141 164 182
1.390 0.000 -13.268 141 164 182
1.772 0.000 -13.268 141 164 182
2.154 0.000 -13.268 141 164 182
2.535 0.000 -13.268 141 164 182
2.917 0.000 -13.268 141 164 182
3.299 0.000 -13.268 141 164 182
3.680 0.000 -13.268 141 164 182
4.062 0.000 -13.268 141 164 182
4.444 0.000 -13.268 141 164 182
4.825 0.000 -13.268 141 164 182
5.207 0.000 -13.268 141 164 182
5.588 0.000 -13.268 141 164 182
5.970 0.000 -13.268 141 164 182
6.352 0.000 -13.268 141 164 182
6.733 0.000 -13.268 141 164 182
7.115 0.000 -13.268 141 164 182
7.497 0.000 -13.268 141 164 182
7.878 0.000 -13.268 141 164 182
8.260 0.000 -13.268 141 164 182
8.642 0.000 -13.268 141 164 182
9.023 0.000 -13.268 141 164 182
9.405 0.000 -13.268 141 164 182
9.787 0.000 -13.268 146 163 173
10.168 0.000 -13.268 178 159 142
10.550 0.000 -13.268 41 64 80
10.932 0.000 -13.268 51 63 75
11.313 0.000 -13.268 178 161 141
11.695 0.000 -13.268 176 160 144
12.077 0.000 -13.268 176 160 144
12.458 0.000 -13.268 176 160 144
12.840 0.000 -13.268 176 160 144
13.222 0.000 -13.268 174 161 142
13.603 0.000 -13.268 174 160 147
13.985 0.000 -13.268 42 64 88
14.367 0.000 -13.268 162 162 160
14.748 0.000 -13.268 176 161 142
15.130 0.000 -13.268 176 160 144
15.511 0.000 -13.268 176 160 144
15.893 0.000 -13.268 176 160 144
16.275 0.000 -13.268 176 160 144
16.656 0.000 -13.268 176 160 145
17.038 0.000 -13.268 53 60 70
17.420 0.000 -13.268 44 63 80
17.801 0.000 -13.268 178 165 146
18.183 0.000 -13.268 174 161 144
18.565 0.000 -13.268 176 160 144
18.946 0.000 -13.268 176 160 144
19.328 0.000 -13.268 176 160 144
19.710 0.000 -13.268 176 160 144
20.091 0.000 -13.268 171 160 142
20.473 0.000 -13.268 44 64 89
20.855 0.000 -13.268 57 63 63
21.236 0.000 -13.268 176 160 144
21.618 0.000 -13.268 176 160 144
22.000 0.000 -13.268 176 160 144
22.381 0.000 -13.268 176 160 144
22.763 0.000 -13.268 176 160 144
23.145 0.000 -13.268 176 160 144
23.526 0.000 -13.268 169 162 154
23.908 0.000 -13.268 44 63 80
24.290 0.000 -13.268 172 159 143
24.671 0.000 -13.268 176 160 144
25.053 0.000 -13.268 176 160 144
25.434 0.000 -13.268 176 160 144
25.816 0.000 -13.268 176 160 144
26.198 0.000 -13.268 174 161 142
26.579 0.000 -13.268 177 160 140
26.961 0.000 -13.268 48 61 80
27.343 0.000 -13.268 49 62 71
27.724 0.000 -13.268 177 160 142
28.106 0.000 -13.268 176 160 144
28.488 0.000 -13.268 176 160 144
28.869 0.000 -13.268 177 160 142
29.251 0.000 -13.268 175 162 145
29.633 0.000 -13.268 139 165 182
30.014 0.000 -13.268 141 164 182
30.396 0.000 -13.268 141 164 182
30.778 0.000 -13.268 141 164 182
31.159 0.000 -13.268 141 164 182
31.541 0.000 -13.268 141 164 182
31.923 0.000 -13.268 141 164 182
32.304 0.000 -13.268 141 164 182
32.686 0.000 -13.268 141 164 182
33.068 0.000 -13.268 141 164 182
33.449 0.000 -13.268 141 164 182
33.831 0.000 -13.268 141 164 182
34.213 0.000 -13.268 141 164 182
34.594 0.000 -13.268 141 164 182
-33.918 0.000 -12.023 142 165 181
-33.547 0.000 -12.023 142 165 181
-33.176 0.000 -12.023 142 165 181
-32.804 0.000 -12.023 142 165 181
-32.433 0.000 -12.023 142 165 181
-32.062 0.000 -12.023 142 165 181
-31.691 0.000 -12.023 142 165 181
-31.319 0.000 -12.023 142 165 181
-30.948 0.000 -12.023 142 165 181
-30.577 0.000 -12.023 142 165 181
-30.206 0.000 -12.023 142 165 181
-29.834 0.000 -12.023 142 165 181
-29.463 0.000 -12.023 142 165 181
-29.092 0.000 -12.023 142 165 181
-28.720 0.000 -12.023 142 165 181
-28.349 0.000 -12.023 142 165 181
-27.978 0.000 -12.023 142 165 181
-27.607 0.000 -12.023 142 165 181
-27.235 0.000 -12.023 142 165 181
-26.864 0.000 -12.023 142 165 181
-26.493 0.000 -12.023 142 165 181
-26.122 0.000 -12.023 142 165 181
-25.750 0.000 -12.023 142 165 181
-25.379 0.000 -12.023 142 165 181
-25.008 0.000 -12.023 142 165 181
-24.636 0.000 -12.023 142 165 181
-24.265 0.000 -12.023 142 165 181
-23.894 0.000 -12.023 142 165 181
-23.523 0.000 -12.023 142 165 181
-23.151 0.000 -12.023 142 165 181
-22.780 0.000 -12.023 142 165 181
-22.409 -0.000 -12.023 142 165 181
-22.038 0.000 -12.023 142 165 181
-21.666 0.000 -12.023 142 165 181
-21.295 0.000 -12.023 142 165 181
-20.924 0.000 -12.023 142 165 181
-20.552 0.000 -12.023 142 165 181
-20.181 0.000 -12.023 142 165 181
-19.810 0.000 -12.023 142 165 181
-19.439 -0.000 -12.023 142 165 181
-19.067 0.000 -12.023 142 165 181
-18.696 0.000 -12.023 142 165 181
-18.325 0.000 -12.023 142 165 181
-17.954 0.000 -12.023 142 165 181
-17.582 0.000 -12.023 142 165 181
-17.211 0.000 -12.023 142 165 181
-16.840 0.000 -12.023 142 165 181
-16.469 0.000 -12.023 142 165 181
-16.097 0.000 -12.023 142 165 181
-15.726 0.000 -12.023 142 165 181
-15.355 0.000 -12.023 142 165 181
-14.983 0.000 -12.023 142 165 181
-14.612 0.000 -12.023 142 165 181
-14.241 0.000 -12.023 142 165 181
-13.870 0.000 -12.023 142 165 181
-13.498 0.000 -12.023 142 165 181
-13.127 0.000 -12.023 142 165 181
-12.756 0.000 -12.023 142 165 181
-12.385 0.000 -12.023 142 165 181
-12.013 -0.000 -12.023 142 165 181
-11.642 0.000 -12.023 142 165 181
-11.271 0.000 -12.023 142 165 181
-10.899 0.000 -12.023 142 165 181
-10.528 0.000 -12.023 142 165 181
-10.157 0.000 -12.023 142 165 181
-9.786 0.000 -12.023 142 165 181
-9.414 0.000 -12.023 142 165 181
-9.043 0.000 -12.023 142 165 181
-8.672 -0.000 -12.023 142 165 181
-8.301 0.000 -12.023 142 165 181
-7.929 -0.000 -12.023 142 165 181
-7.558 0.000 -12.023 142 165 181
-7.187 0.000 -12.023 142 165 181
-6.815 0.000 -12.023 142 165 181
-6.444 0.000 -12.023 142 165 181
-6.073 0.000 -12.023 142 165 181
-5.702 0.000 -12.023 142 165 181
-5.330 0.000 -12.023 142 165 181
-4.959 0.000 -12.023 142 165 181
-4.588 -0.000 -12.023 142 165 181
-4.217 0.000 -12.023 142 165 181
-3.845 0.000 -12.023 142 165 181
-3.474 0.000 -12.023 142 165 181
-3.103 0.000 -12.023 142 165 181
-2.731 -0.000 -12.023 142 165 181
-2.360 0.000 -12.023 142 165 181
-1.989 0.000 -12.023 142 165 181
-1.618 0.000 -12.023 142 165 181
-1.246 0.000 -12.023 142 165 181
-0.875 0.000 -12.023 142 165 181
-0.504 -0.000 -12.023 142 165 181
-0.133 0.000 -12.023 142 165 181
0.239 0.000 -12.023 142 165 181
0.610 0.000 -12.023 142 165 181
0.981 0.000 -12.023 142 165 181
1.352 0.000 -12.023 142 165 181
1.724 0.000 -12.023 142 165 181
2.095 -0.000 -12.023 142 165 181
2.466 0.000 -12.023 142 165 181
2.838 0.000 -12.023 142 165 181
3.209 0.000 -12.023 142 165 181
3.580 0.000 -12.023 142 165 181
3.951 0.000 -12.023 142 165 181
4.323 -0.000 -12.023 142 165 181
4.694 0.000 -12.023 142 165 181
5.065 0.000 -12.023 142 165 181
5.436 0.000 -12.023 142 165 181
5.808 0.000 -12.023 142 165 181
6.179 0.000 -12.023 142 165 181
6.550 0.000 -12.023 142 165 181
6.922 0.000 -12.023 142 165 181
7.293 0.000 -12.023 142 165 181
7.664 0.000 -12.023 142 165 181
8.035 0.000 -12.023 142 165 181
8.407 0.000 -12.023 142 165 181
8.778 0.000 -12.023 142 165 181
9.149 0.000 -12.023 142 165 181
9.520 0.000 -12.023 147 164 174
9.892 -0.000 -12.023 178 159 142
10.263 0.000 -12.023 176 160 145
10.634 0.000 -12.023 177 161 146
11.006 0.000 -12.023 180 163 145
11.377 0.000 -12.023 176 160 144
11.748 -0.000 -12.023 176 160 144
12.119 0.000 -12.023 176 160 144
12.491 0.000 -12.023 176 160 144
12.862 0.000 -12.023 174 162 138
13.233 0.000 -12.023 177 159 139
13.604 -0.000 -12.023 178 161 145
13.976 0.000 -12.023 173 161 145
14.347 0.000 -12.023 176 160 144
14.718 0.000 -12.023 176 160 144
15.090 0.000 -12.023 176 160 144
15.461 0.000 -12.023 176 160 144
15.832 0.000 -12.023 176 160 144
16.203 0.000 -12.023 177 160 144
16.575 0.000 -12.023 176 160 145
16.946 0.000 -12.023 173 161 147
17.317 0.000 -12.023 176 159 143
17.688 0.000 -12.023 176 160 145
18.060 0.000 -12.023 176 160 144
18.431 0.000 -12.023 176 160 144
18.802 0.000 -12.023 176 160 144
19.173 0.000 -12.023 176 160 144
19.545 -0.000 -12.023 175 162 143
19.916 -0.000 -12.023 175 158 148
20.287 0.000 -12.023 173 158 137
20.659 0.000 -12.023 176 160 144
21.030 0.000 -12.023 176 160 144
21.401 0.000 -12.023 176 160 144
21.772 0.000 -12.023 176 160 144
22.144 0.000 -12.023 176 160 144
22.515 0.000 -12.023 176 160 144
22.886 0.000 -12.023 176 160 144
23.257 0.000 -12.023 176 160 145
23.629 0.000 -12.023 178 161 145
24.000 0.000 -12.023 176 160 144
24.371 0.000 -12.023 176 160 144
24.743 0.000 -12.023 176 160 144
25.114 0.000 -12.023 176 160 144
25.485 0.000 -12.023 176 161 138
25.856 0.000 -12.023 177 160 142
26.228 0.000 -12.023 178 161 145
26.599 0.000 -12.023 169 160 145
26.970 0.000 -12.023 177 160 142
27.341 0.000 -12.023 176 160 144
27.713 0.000 -12.023 176 160 144
28.084 0.000 -12.023 177 160 142
28.455 0.000 -12.023 175 162 145
28.827 0.000 -12.023 140 166 183
29.198 0.000 -12.023 142 165 181
29.569 0.000 -12.023 142 165 181
29.940 0.000 -12.023 142 165 181
30.312 0.000 -12.023 142 165 181
30.683 0.000 -12.023 142 165 181
31.054 0.000 -12.023 142 165 181
31.425 0.000 -12.023 142 165 181
31.797 0.000 -12.023 142 165 181
32.168 0.000 -12.023 142 165 181
32.539 0.000 -12.023 142 165 181
32.911 0.000 -12.023 142 165 181
33.282 0.000 -12.023 142 165 181
33.653 0.000 -12.023 142 165 181
-33.020 0.000 -10.843 144 167 183
-32.659 0.000 -10.843 144 167 183
-32.297 0.000 -10.843 144 167 183
-31.936 0.000 -10.843 144 167 183
-31.574 0.000 -10.843 144 167 183
-31.213 0.000 -10.843 144 167 183
-30.851 0.000 -10.843 144 167 183
-30.490 0.000 -10.843 144 167 183
-30.128 0.000 -10.843 144 167 183
-29.767 0.000 -10.843 144 167 183
-29.406 0.000 -10.843 144 167 183
-29.044 0.000 -10.843 144 167 183
-28.683 0.000 -10.843 144 167 183
-28.321 0.000 -10.843 144 167 183
-27.960 0.000 -10.843 144 167 183
-27.598 0.000 -10.843 144 167 183
-27.237 0.000 -10.843 144 167 183
-26.875 0.000 -10.843 144 167 183
-26.514 0.000 -10.843 144 167 183
-26.153 0.000 -10.843 144 167 183
-25.791 0.000 -10.843 144 167 183
-25.430 0.000 -10.843 144 167 183
-25.068 0.000 -10.843 144 167 183
-24.707 0.000 -10.843 144 167 183
-24.345 0.000 -10.843 144 167 183
-23.984 -0.000 -10.843 144 167 183
-23.623 0.000 -10.843 144 167 183
-23.261 0.000 -10.843 144 167 183
-22.900 0.000 -10.843 144 167 183
-22.538 0.000 -10.843 144 167 183
-22.177 -0.000 -10.843 144 167 183
-21.815 0.000 -10.843 144 167 183
-21.454 0.000 -10.843 144 167 183
-21.092 0.000 -10.843 144 167 183
-20.731 0.000 -10.843 144 167 183
-20.370 -0.000 -10.843 144 167 183
-20.008 0.000 -10.843 144 167 183
-19.647 0.000 -10.843 144 167 183
-19.285 0.000 -10.843 144 167 183
-18.924 0.000 -10.843 144 167 183
-18.562 0.000 -10.843 144 167 183
-18.201 0.000 -10.843 144 167 183
-17.840 0.000 -10.843 144 167 183
-17.478 0.000 -10.843 144 167 183
-17.117 0.000 -10.843 144 167 183
-16.755 0.000 -10.843 144 167 183
-16.394 0.000 -10.843 144 167 183
-16.032 0.000 -10.843 144 167 183
-15.671 0.000 -10.843 144 167 183
-15.309 0.000 -10.843 144 167 183
-14.948 0.000 -10.843 144 167 183
-14.587 0.000 -10.843 144 167 183
-14.225 -0.000 -10.843 144 167 183
-13.864 -0.000 -10.843 144 167 183
-13.502 -0.000 -10.843 144 167 183
-13.141 0.000 -10.843 144 167 183
-12.779 0.000 -10.843 144 167 183
-12.418 -0.000 -10.843 144 167 183
-12.057 0.000 -10.843 144 167 183
-11.695 0.000 -10.843 144 167 183
-11.334 0.000 -10.843 144 167 183
-10.972 0.000 -10.843 144 167 183
-10.611 0.000 -10.843 144 167 183
-10.249 0.000 -10.843 144 167 183
-9.888 -0.000 -10.843 144 167 183
-9.526 0.000 -10.843 144 167 183
-9.165 0.000 -10.843 144 167 183
-8.804 -0.000 -10.843 144 167 183
-8.442 0.000 -10.843 144 167 183
-8.081 0.000 -10.843 144 167 183
-7.719 0.000 -10.843 144 167 183
-7.358 -0.000 -10.843 144 167 183
-6.996 -0.000 -10.843 144 167 183
-6.635 0.000 -10.843 144 167 183
-6.274 0.000 -10.843 144 167 183
-5.912 0.000 -10.843 144 167 183
-5.551 0.000 -10.843 144 167 183
-5.189 0.000 -10.843 144 167 183
-4.828 0.000 -10.843 144 167 183
-4.466 0.000 -10.843 144 167 183
-4.105 -0.000 -10.843 144 167 183
-3.743 0.000 -10.843 144 167 183
-3.382 0.000 -10.843 144 167 183
-3.021 0.000 -10.843 144 167 183
-2.659 0.000 -10.843 144 167 183
-2.298 0.000 -10.843 144 167 183
-1.936 0.000 -10.843 144 167 183
-1.575 0.000 -10.843 144 167 183
-1.213 0.000 -10.843 144 167 183
-0.852 0.000 -10.843 144 167 183
-0.491 0.000 -10.843 144 167 183
-0.129 0.000 -10.843 144 167 183
0.232 0.000 -10.843 144 167 183
0.594 0.000 -10.843 144 167 183
0.955 0.000 -10.843 144 167 183
1.317 0.000 -10.843 144 167 183
1.678 0.000 -10.843 144 167 183
2.040 0.000 -10.843 144 167 183
2.401 0.000 -10.843 144 167 183
2.762 0.000 -10.843 144 167 183
3.124 0.000 -10.843 144 167 183
3.485 -0.000 -10.843 144 167 183
3.847 0.000 -10.843 144 167 183
4.208 0.000 -10.843 144 167 183
4.570 0.000 -10.843 144 167 183
4.931 0.000 -10.843 144 167 183
5.292 0.000 -10.843 144 167 183
5.654 0.000 -10.843 144 167 183
6.015 0.000 -10.843 144 167 183
6.377 0.000 -10.843 144 167 183
6.738 0.000 -10.843 144 167 183
7.100 0.000 -10.843 144 167 183
7.461 0.000 -10.843 144 167 183
7.823 0.000 -10.843 144 167 183
8.184 0.000 -10.843 144 167 183
8.545 0.000 -10.843 144 167 183
8.907 0.000 -10.843 144 167 183
9.268 -0.000 -10.843 148 165 173
9.630 0.000 -10.843 178 160 140
9.991 0.000 -10.843 46 61 82
10.353 0.000 -10.843 51 60 75
10.714 0.000 -10.843 177 159 145
11.075 0.000 -10.843 176 160 144
11.437 0.000 -10.843 176 160 144
11.798 0.000 -10.843 176 160 144
12.160 -0.000 -10.843 176 160 144
12.521 0.000 -10.843 177 160 142
12.883 0.000 -10.843 176 160 144
13.244 0.000 -10.843 46 62 77
13.606 0.000 -10.843 164 163 161
13.967 0.000 -10.843 174 161 145
14.328 0.000 -10.843 176 160 144
14.690 0.000 -10.843 176 160 144
15.051 -0.000 -10.843 176 160 144
15.413 0.000 -10.843 176 160 144
15.774 0.000 -10.843 176 160 144
16.136 0.000 -10.843 53 60 68
16.497 0.000 -10.843 48 62 75
16.859 0.000 -10.843 178 159 142
17.220 0.000 -10.843 177 160 142
17.581 0.000 -10.843 176 160 144
17.943 0.000 -10.843 176 160 144
18.304 0.000 -10.843 176 160 144
18.666 0.000 -10.843 176 160 144
19.027 0.000 -10.843 173 160 151
19.389 0.000 -10.843 45 61 86
19.750 0.000 -10.843 56 59 66
20.111 0.000 -10.843 176 160 144
20.473 0.000 -10.843 176 160 144
20.834 0.000 -10.843 176 160 144
21.196 0.000 -10.843 176 160 144
21.557 0.000 -10.843 176 160 144
21.919 0.000 -10.843 176 160 144
22.280 0.000 -10.843 169 162 154
22.642 0.000 -10.843 46 61 82
23.003 0.000 -10.843 173 160 152
23.364 0.000 -10.843 176 160 144
23.726 0.000 -10.843 176 160 144
24.087 0.000 -10.843 176 160 144
24.449 0.000 -10.843 176 160 144
24.810 0.000 -10.843 178 159 142
25.172 0.000 -10.843 173 162 144
25.533 0.000 -10.843 48 61 78
25.894 0.000 -10.843 51 61 71
26.256 0.000 -10.843 178 160 140
26.617 0.000 -10.843 176 160 144
26.979 0.000 -10.843 176 160 144
27.340 0.000 -10.843 176 160 144
27.702 0.000 -10.843 174 161 145
28.063 0.000 -10.843 144 167 183
28.425 0.000 -10.843 144 167 183
28.786 0.000 -10.843 144 167 183
29.147 0.000 -10.843 144 167 183
29.509 0.000 -10.843 144 167 183
29.870 0.000 -10.843 144 167 183
30.232 0.000 -10.843 144 167 183
30.593 0.000 -10.843 144 167 183
30.955 0.000 -10.843 144 167 183
31.316 0.000 -10.843 144 167 183
31.677 0.000 -10.843 144 167 183
32.039 0.000 -10.843 144 167 183
32.400 0.000 -10.843 144 167 183
32.762 0.000 -10.843 144 167 183
-32.168 0.000 -9.725 145 168 182
-31.816 0.000 -9.725 145 168 182
-31.464 0.000 -9.725 145 168 182
-31.112 0.000 -9.725 145 168 182
-30.760 0.000 -9.725 145 168 182
-30.407 0.000 -9.725 145 168 182
-30.055 0.000 -9.725 145 168 182
-29.703 0.000 -9.725 145 168 182
-29.351 0.000 -9.725 145 168 182
-28.999 0.000 -9.725 145 168 182
-28.647 0.000 -9.725 145 168 182
-28.295 0.000 -9.725 145 168 182
-27.943 0.000 -9.725 145 168 182
-27.591 0.000 -9.725 145 168 182
-27.238 0.000 -9.725 145 168 182
-26.886 0.000 -9.725 145 168 182
-26.534 0.000 -9.725 145 168 182
-26.182 0.000 -9.725 145 168 182
-25.830 0.000 -9.725 145 168 182
-25.478 0.000 -9.725 145 168 182
-25.126 0.000 -9.725 145 168 182
-24.774 0.000 -9.725 145 168 182
-24.422 0.000 -9.725 145 168 182
-24.069 0.000 -9.725 145 168 182
-23.717 0.000 -9.725 145 168 182
-23.365 0.000 -9.725 145 168 182
-23.013 0.000 -9.725 145 168 182
-22.661 0.000 -9.725 145 168 182
-22.309 0.000 -9.725 145 168 182
-21.957 0.000 -9.725 145 168 182
-21.605 0.000 -9.725 145 168 182
-21.253 0.000 -9.725 145 168 182
-20.900 0.000 -9.725 145 168 182
-20.548 0.000 -9.725 145 168 182
-20.196 0.000 -9.725 145 168 182
-19.844 0.000 -9.725 145 168 182
-19.492 0.000 -9.725 145 168 182
-19.140 0.000 -9.725 145 168 182
-18.788 0.000 -9.725 145 168 182
-18.436 0.000 -9.725 145 168 182
-18.083 0.000 -9.725 145 168 182
-17.731 0.000 -9.725 145 168 182
-17.379 0.000 -9.725 145 168 182
-17.027 0.000 -9.725 145 168 182
-16.675 0.000 -9.725 145 168 182
-16.323 0.000 -9.725 145 168 182
-15.971 0.000 -9.725 145 168 182
-15.619 -0.000 -9.725 145 168 182
-15.267 0.000 -9.725 145 168 182
-14.914 0.000 -9.725 145 168 182
-14.562 0.000 -9.725 145 168 182
-14.210 0.000 -9.725 145 168 182
-13.858 0.000 -9.725 145 168 182
-13.506 0.000 -9.725 145 168 182
-13.154 0.000 -9.725 145 168 182
-12.802 0.000 -9.725 145 168 182
-12.450 0.000 -9.725 145 168 182
-12.098 -0.000 -9.725 145 168 182
-11.745 0.000 -9.725 145 168 182
-11.393 0.000 -9.725 145 168 182
-11.041 0.000 -9.725 145 168 182
-10.689 0.000 -9.725 145 168 182
-10.337 0.000 -9.725 145 168 182
-9.985 0.000 -9.725 145 168 182
-9.633 0.000 -9.725 145 168 182
-9.281 0.000 -9.725 145 168 182
-8.929 0.000 -9.725 145 168 182
-8.576 0.000 -9.725 145 168 182
-8.224 0.000 -9.725 145 168 182
-7.872 0.000 -9.725 145 168 182
-7.520 0.000 -9.725 145 168 182
-7.168 0.000 -9.725 145 168 182
-6.816 0.000 -9.725 145 168 182
-6.464 0.000 -9.725 145 168 182
-6.112 0.000 -9.725 145 168 182
-5.760 0.000 -9.725 145 168 182
-5.407 0.000 -9.725 145 168 182
-5.055 0.000 -9.725 145 168 182
-4.703 0.000 -9.725 145 168 182
-4.351 0.000 -9.725 145 168 182
-3.999 0.000 -9.725 145 168 182
-3.647 0.000 -9.725 145 168 182
-3.295 -0.000 -9.725 145 168 182
-2.943 -0.000 -9.725 145 168 182
-2.591 0.000 -9.725 145 168 182
-2.238 0.000 -9.725 145 168 182
-1.886 0.000 -9.725 145 168 182
-1.534 0.000 -9.725 145 168 182
-1.182 0.000 -9.725 145 168 182
-0.830 0.000 -9.725 145 168 182
-0.478 -0.000 -9.725 145 168 182
-0.126 0.000 -9.725 145 168 182
0.226 0.000 -9.725 145 168 182
0.578 0.000 -9.725 145 168 182
0.931 0.000 -9.725 145 168 182
1.283 0.000 -9.725 145 168 182
1.635 0.000 -9.725 145 168 182
1.987 0.000 -9.725 145 168 182
2.339 0.000 -9.725 145 168 182
2.691 -0.000 -9.725 145 168 182
3.043 0.000 -9.725 145 168 182
3.395 0.000 -9.725 145 168 182
3.747 0.000 -9.725 145 168 182
4.100 0.000 -9.725 145 168 182
4.452 0.000 -9.725 145 168 182
4.804 0.000 -9.725 145 168 182
5.156 0.000 -9.725 145 168 182
5.508 0.000 -9.725 145 168 182
5.860 0.000 -9.725 145 168 182
6.212 0.000 -9.725 145 168 182
6.564 0.000 -9.725 145 168 182
6.916 0.000 -9.725 145 168 182
7.269 0.000 -9.725 145 168 182
7.621 0.000 -9.725 145 168 182
7.973 0.000 -9.725 145 168 182
8.325 -0.000 -9.725 145 168 182
8.677 0.000 -9.725 145 168 182
9.029 0.000 -9.725 149 166 173
9.381 0.000 -9.725 178 160 140
9.733 0.000 -9.725 46 61 80
10.086 -0.000 -9.725 48 61 80
10.438 0.000 -9.725 178 159 145
10.790 0.000 -9.725 176 160 144
11.142 0.000 -9.725 176 160 144
11.494 0.000 -9.725 176 160 144
11.846 0.000 -9.725 176 160 144
12.198 -0.000 -9.725 174 161 142
12.550 0.000 -9.725 177 160 144
12.902 -0.000 -9.725 45 62 80
13.255 0.000 -9.725 164 162 163
13.607 0.000 -9.725 176 160 144
13.959 0.000 -9.725 176 160 144
14.311 0.000 -9.725 176 160 144
14.663 0.000 -9.725 176 160 144
15.015 0.000 -9.725 176 160 144
15.367 0.000 -9.725 177 160 144
15.719 0.000 -9.725 52 61 70
16.071 0.000 -9.725 45 62 78
16.424 0.000 -9.725 178 159 144
16.776 0.000 -9.725 176 160 145
17.128 0.000 -9.725 176 160 144
17.480 0.000 -9.725 176 160 144
17.832 0.000 -9.725 176 160 144
18.184 -0.000 -9.725 176 160 144
18.536 0.000 -9.725 174 160 149
18.888 0.000 -9.725 44 62 84
19.240 0.000 -9.725 55 59 71
19.593 -0.000 -9.725 176 160 144
19.945 0.000 -9.725 176 160 144
20.297 0.000 -9.725 176 160 144
20.649 0.000 -9.725 176 160 144
21.001 0.000 -9.725 176 160 144
21.353 0.000 -9.725 176 160 144
21.705 0.000 -9.725 170 161 154
22.057 0.000 -9.725 44 62 86
22.409 0.000 -9.725 174 159 152
22.762 0.000 -9.725 176 160 144
23.114 0.000 -9.725 176 160 144
23.466 0.000 -9.725 176 160 144
23.818 0.000 -9.725 176 160 144
24.170 0.000 -9.725 173 162 144
24.522 0.000 -9.725 174 161 142
24.874 0.000 -9.725 46 61 80
25.226 0.000 -9.725 52 60 71
25.578 0.000 -9.725 177 160 140
25.931 0.000 -9.725 176 160 144
26.283 0.000 -9.725 176 160 144
26.635 0.000 -9.725 176 160 144
26.987 0.000 -9.725 176 160 145
27.339 0.000 -9.725 146 168 182
27.691 0.000 -9.725 145 168 182
28.043 0.000 -9.725 145 168 182
28.395 -0.000 -9.725 145 168 182
28.747 0.000 -9.725 145 168 182
29.100 0.000 -9.725 145 168 182
29.452 0.000 -9.725 145 168 182
29.804 0.000 -9.725 145 168 182
30.156 0.000 -9.725 145 168 182
30.508 0.000 -9.725 145 168 182
30.860 0.000 -9.725 145 168 182
31.212 0.000 -9.725 145 168 182
31.564 0.000 -9.725 145 168 182
31.916 0.000 -9.725 145 168 182
-31.359 0.000 -8.663 147 169 183
-31.016 0.000 -8.663 147 169 183
-30.672 0.000 -8.663 147 169 183
-30.329 0.000 -8.663 147 169 183
-29.986 0.000 -8.663 147 169 183
-29.643 0.000 -8.663 147 169 183
-29.299 0.000 -8.663 147 169 183
-28.956 0.000 -8.663 147 169 183
-28.613 0.000 -8.663 147 169 183
-28.270 0.000 -8.663 147 169 183
-27.926 0.000 -8.663 147 169 183
-27.583 0.000 -8.663 147 169 183
-27.240 0.000 -8.663 147 169 183
-26.897 0.000 -8.663 147 169 183
-26.553 0.000 -8.663 147 169 183
-26.210 0.000 -8.663 147 169 183
-25.867 0.000 -8.663 147 169 183
-25.524 0.000 -8.663 147 169 183
-25.180 0.000 -8.663 147 169 183
-24.837 0.000 -8.663 147 169 183
-24.494 0.000 -8.663 147 169 183
-24.151 0.000 -8.663 147 169 183
-23.807 0.000 -8.663 147 169 183
-23.464 0.000 -8.663 147 169 183
-23.121 0.000 -8.663 147 169 183
-22.778 0.000 -8.663 147 169 183
-22.434 0.000 -8.663 147 169 183
-22.091 0.000 -8.663 147 169 183
-21.748 0.000 -8.663 147 169 183
-21.404 0.000 -8.663 147 169 183
-21.061 0.000 -8.663 147 169 183
-20.718 0.000 -8.663 147 169 183
-20.375 0.000 -8.663 147 169 183
-20.031 0.000 -8.663 147 169 183
-19.688 0.000 -8.663 147 169 183
-19.345 -0.000 -8.663 147 169 183
-19.002 0.000 -8.663 147 169 183
-18.658 0.000 -8.663 147 169 183
-18.315 0.000 -8.663 147 169 183
-17.972 0.000 -8.663 147 169 183
-17.629 0.000 -8.663 147 169 183
-17.285 0.000 -8.663 147 169 183
-16.942 0.000 -8.663 147 169 183
-16.599 0.000 -8.663 147 169 183
-16.256 -0.000 -8.663 147 169 183
-15.912 -0.000 -8.663 147 169 183
-15.569 0.000 -8.663 147 169 183
-15.226 0.000 -8.663 147 169 183
-14.883 0.000 -8.663 147 169 183
-14.539 0.000 -8.663 147 169 183
-14.196 0.000 -8.663 147 169 183
-13.853 0.000 -8.663 147 169 183
-13.510 0.000 -8.663 147 169 183
-13.166 0.000 -8.663 147 169 183
-12.823 0.000 -8.663 147 169 183
-12.480 -0.000 -8.663 147 169 183
-12.137 0.000 -8.663 147 169 183
-11.793 0.000 -8.663 147 169 183
-11.450 0.000 -8.663 147 169 183
-11.107 0.000 -8.663 147 169 183
-10.764 0.000 -8.663 147 169 183
-10.420 0.000 -8.663 147 169 183
-10.077 -0.000 -8.663 147 169 183
-9.734 0.000 -8.663 147 169 183
-9.391 0.000 -8.663 147 169 183
-9.047 0.000 -8.663 147 169 183
-8.704 0.000 -8.663 147 169 183
-8.361 0.000 -8.663 147 169 183
-8.017 0.000 -8.663 147 169 183
-7.674 0.000 -8.663 147 169 183
-7.331 -0.000 -8.663 147 169 183
-6.988 0.000 -8.663 147 169 183
-6.644 0.000 -8.663 147 169 183
-6.301 0.000 -8.663 147 169 183
-5.958 0.000 -8.663 147 169 183
-5.615 0.000 -8.663 147 169 183
-5.271 0.000 -8.663 147 169 183
-4.928 0.000 -8.663 147 169 183
-4.585 0.000 -8.663 147 169 183
-4.242 0.000 -8.663 147 169 183
-3.898 0.000 -8.663 147 169 183
-3.555 0.000 -8.663 147 169 183
-3.212 0.000 -8.663 147 169 183
-2.869 0.000 -8.663 147 169 183
-2.525 0.000 -8.663 147 169 183
-2.182 0.000 -8.663 147 169 183
-1.839 0.000 -8.663 147 169 183
-1.496 -0.000 -8.663 147 169 183
-1.152 0.000 -8.663 147 169 183
-0.809 0.000 -8.663 147 169 183
-0.466 0.000 -8.663 147 169 183
-0.123 -0.000 -8.663 147 169 183
0.221 0.000 -8.663 147 169 183
0.564 0.000 -8.663 147 169 183
0.907 0.000 -8.663 147 169 183
1.250 0.000 -8.663 147 169 183
1.594 -0.000 -8.663 147 169 183
1.937 0.000 -8.663 147 169 183
2.280 0.000 -8.663 147 169 183
2.623 -0.000 -8.663 147 169 183
2.967 0.000 -8.663 147 169 183
3.310 0.000 -8.663 147 169 183
3.653 0.000 -8.663 147 169 183
3.996 0.000 -8.663 147 169 183
4.340 0.000 -8.663 147 169 183
4.683 0.000 -8.663 147 169 183
5.026 0.000 -8.663 147 169 183
5.370 0.000 -8.663 147 169 183
5.713 0.000 -8.663 147 169 183
6.056 0.000 -8.663 147 169 183
6.399 0.000 -8.663 147 169 183
6.743 0.000 -8.663 147 169 183
7.086 0.000 -8.663 147 169 183
7.429 0.000 -8.663 147 169 183
7.772 0.000 -8.663 147 169 183
8.116 -0.000 -8.663 147 169 183
8.459 0.000 -8.663 147 169 183
8.802 0.000 -8.663 150 167 174
9.145 0.000 -8.663 178 160 140
9.489 0.000 -8.663 175 159 144
9.832 0.000 -8.663 177 160 144
10.175 0.000 -8.663 177 164 148
10.518 -0.000 -8.663 176 160 144
10.862 0.000 -8.663 176 160 144
11.205 0.000 -8.663 176 160 144
11.548 0.000 -8.663 176 160 144
11.891 0.000 -8.663 176 161 142
12.235 0.000 -8.663 174 157 141
12.578 0.000 -8.663 176 161 142
12.921 0.000 -8.663 178 161 143
13.264 0.000 -8.663 176 160 145
13.608 -0.000 -8.663 176 160 144
13.951 0.000 -8.663 176 160 144
14.294 -0.000 -8.663 176 160 144
14.637 0.000 -8.663 176 160 144
14.981 -0.000 -8.663 176 160 144
15.324 0.000 -8.663 172 160 148
15.667 0.000 -8.663 175 160 141
16.010 0.000 -8.663 174 161 144
16.354 0.000 -8.663 176 160 144
16.697 0.000 -8.663 176 160 144
17.040 0.000 -8.663 176 160 144
17.383 -0.000 -8.663 176 160 144
17.727 0.000 -8.663 176 160 144
18.070 0.000 -8.663 175 162 145
18.413 -0.000 -8.663 176 161 142
18.757 0.000 -8.663 173 155 143
19.100 0.000 -8.663 176 160 144
19.443 0.000 -8.663 176 160 144
19.786 0.000 -8.663 176 160 144
20.130 0.000 -8.663 176 160 144
20.473 0.000 -8.663 176 160 144
20.816 0.000 -8.663 176 160 144
21.159 0.000 -8.663 176 160 144
21.503 0.000 -8.663 177 158 143
21.846 0.000 -8.663 178 162 147
22.189 0.000 -8.663 176 160 144
22.532 0.000 -8.663 176 160 144
22.876 -0.000 -8.663 176 160 144
23.219 0.000 -8.663 176 160 144
23.562 0.000 -8.663 174 161 144
23.905 0.000 -8.663 173 161 145
24.249 0.000 -8.663 182 163 146
24.592 0.000 -8.663 180 163 145
24.935 0.000 -8.663 174 161 144
25.278 0.000 -8.663 176 160 144
25.622 0.000 -8.663 176 160 144
25.965 0.000 -8.663 176 160 144
26.308 0.000 -8.663 176 160 145
26.651 0.000 -8.663 147 169 183
26.995 0.000 -8.663 147 169 183
27.338 0.000 -8.663 147 169 183
27.681 0.000 -8.663 147 169 183
28.024 0.000 -8.663 147 169 183
28.368 0.000 -8.663 147 169 183
28.711 0.000 -8.663 147 169 183
29.054 0.000 -8.663 147 169 183
29.397 0.000 -8.663 147 169 183
29.741 0.000 -8.663 147 169 183
30.084 0.000 -8.663 147 169 183
30.427 0.000 -8.663 147 169 183
30.770 0.000 -8.663 147 169 183
31.114 0.000 -8.663 147 169 183
-30.590 0.000 -7.653 148 170 184
-30.255 0.000 -7.653 148 170 184
-29.920 0.000 -7.653 148 170 184
-29.585 0.000 -7.653 148 170 184
-29.250 0.000 -7.653 148 170 184
-28.915 0.000 -7.653 148 170 184
-28.581 0.000 -7.653 148 170 184
-28.246 0.000 -7.653 148 170 184
-27.911 0.000 -7.653 148 170 184
-27.576 0.000 -7.653 148 170 184
-27.241 0.000 -7.653 148 170 184
-26.906 0.000 -7.653 148 170 184
-26.572 0.000 -7.653 148 170 184
-26.237 0.000 -7.653 148 170 184
-25.902 0.000 -7.653 148 170 184
-25.567 0.000 -7.653 148 170 184
-25.232 0.000 -7.653 148 170 184
-24.897 0.000 -7.653 148 170 184
-24.563 0.000 -7.653 148 170 184
-24.228 -0.000 -7.653 148 170 184
-23.893 0.000 -7.653 148 170 184
-23.558 0.000 -7.653 148 170 184
-23.223 0.000 -7.653 148 170 184
-22.888 0.000 -7.653 148 170 184
-22.554 0.000 -7.653 148 170 184
-22.219 0.000 -7.653 148 170 184
-21.884 0.000 -7.653 148 170 184
-21.549 0.000 -7.653 148 170 184
-21.214 0.000 -7.653 148 170 184
-20.879 0.000 -7.653 148 170 184
-20.544 0.000 -7.653 148 170 184
-20.210 0.000 -7.653 148 170 184
-19.875 0.000 -7.653 148 170 184
-19.540 -0.000 -7.653 148 170 184
-19.205 0.000 -7.653 148 170 184
-18.870 0.000 -7.653 148 170 184
-18.535 0.000 -7.653 148 170 184
-18.201 0.000 -7.653 148 170 184
-17.866 0.000 -7.653 148 170 184
-17.531 -0.000 -7.653 148 170 184
-17.196 -0.000 -7.653 148 170 184
-16.861 0.000 -7.653 148 170 184
-16.526 0.000 -7.653 148 170 184
-16.192 0.000 -7.653 148 170 184
-15.857 -0.000 -7.653 148 170 184
-15.522 0.000 -7.653 148 170 184
-15.187 0.000 -7.653 148 170 184
-14.852 0.000 -7.653 148 170 184
-14.517 0.000 -7.653 148 170 184
-14.183 0.000 -7.653 148 170 184
-13.848 0.000 -7.653 148 170 184
-13.513 0.000 -7.653 148 170 184
-13.178 0.000 -7.653 148 170 184
-12.843 0.000 -7.653 148 170 184
-12.508 0.000 -7.653 148 170 184
-12.174 0.000 -7.653 148 170 184
-11.839 0.000 -7.653 148 170 184
-11.504 0.000 -7.653 148 170 184
-11.169 -0.000 -7.653 148 170 184
-10.834 0.000 -7.653 148 170 184
-10.499 0.000 -7.653 148 170 184
-10.165 0.000 -7.653 148 170 184
-9.830 0.000 -7.653 148 170 184
-9.495 -0.000 -7.653 148 170 184
-9.160 0.000 -7.653 148 170 184
-8.825 0.000 -7.653 148 170 184
-8.490 0.000 -7.653 148 170 184
-8.156 0.000 -7.653 148 170 184
-7.821 0.000 -7.653 148 170 184
-7.486 0.000 -7.653 148 170 184
-7.151 0.000 -7.653 148 170 184
-6.816 0.000 -7.653 148 170 184
-6.481 0.000 -7.653 148 170 184
-6.147 0.000 -7.653 148 170 184
-5.812 0.000 -7.653 148 170 184
-5.477 0.000 -7.653 148 170 184
-5.142 0.000 -7.653 148 170 184
-4.807 0.000 -7.653 148 170 184
-4.472 0.000 -7.653 148 170 184
-4.138 -0.000 -7.653 148 170 184
-3.803 0.000 -7.653 148 170 184
-3.468 0.000 -7.653 148 170 184
-3.133 0.000 -7.653 148 170 184
-2.798 0.000 -7.653 148 170 184
-2.463 0.000 -7.653 148 170 184
-2.129 0.000 -7.653 148 170 184
-1.794 -0.000 -7.653 148 170 184
-1.459 0.000 -7.653 148 170 184
-1.124 0.000 -7.653 148 170 184
-0.789 0.000 -7.653 148 170 184
-0.454 0.000 -7.653 148 170 184
-0.120 0.000 -7.653 148 170 184
0.215 0.000 -7.653 148 170 184
0.550 0.000 -7.653 148 170 184
0.885 0.000 -7.653 148 170 184
1.220 0.000 -7.653 148 170 184
1.555 0.000 -7.653 148 170 184
1.889 0.000 -7.653 148 170 184
2.224 0.000 -7.653 148 170 184
2.559 0.000 -7.653 148 170 184
2.894 0.000 -7.653 148 170 184
3.229 0.000 -7.653 148 170 184
3.564 -0.000 -7.653 148 170 184
3.898 0.000 -7.653 148 170 184
4.233 0.000 -7.653 148 170 184
4.568 0.000 -7.653 148 170 184
4.903 0.000 -7.653 148 170 184
5.238 -0.000 -7.653 148 170 184
5.573 0.000 -7.653 148 170 184
5.907 0.000 -7.653 148 170 184
6.242 0.000 -7.653 148 170 184
6.577 0.000 -7.653 148 170 184
6.912 0.000 -7.653 148 170 184
7.247 0.000 -7.653 148 170 184
7.582 0.000 -7.653 148 170 184
7.916 0.000 -7.653 148 170 184
8.251 0.000 -7.653 148 170 184
8.586 0.000 -7.653 153 168 175
8.921 0.000 -7.653 178 160 140
9.256 0.000 -7.653 48 60 84
9.591 0.000 -7.653 50 58 81
9.925 0.000 -7.653 173 155 145
10.260 0.000 -7.653 176 160 144
10.595 0.000 -7.653 176 160 144
10.930 0.000 -7.653 176 160 144
11.265 0.000 -7.653 176 160 144
11.600 0.000 -7.653 177 160 142
11.934 0.000 -7.653 180 164 151
12.269 0.000 -7.653 48 60 72
12.604 0.000 -7.653 162 162 152
12.939 0.000 -7.653 177 160 140
13.274 0.000 -7.653 176 160 144
13.609 0.000 -7.653 176 160 144
13.943 0.000 -7.653 176 160 144
14.278 0.000 -7.653 176 160 144
14.613 0.000 -7.653 178 160 140
14.948 0.000 -7.653 55 59 68
15.283 -0.000 -7.653 48 61 80
15.618 0.000 -7.653 180 164 151
15.952 0.000 -7.653 174 161 144
16.287 0.000 -7.653 176 160 144
16.622 0.000 -7.653 176 160 144
16.957 0.000 -7.653 176 160 144
17.292 0.000 -7.653 176 160 144
17.627 0.000 -7.653 171 161 151
17.961 0.000 -7.653 48 62 75
18.296 0.000 -7.653 52 56 67
18.631 0.000 -7.653 176 160 144
18.966 0.000 -7.653 176 160 144
19.301 0.000 -7.653 176 160 144
19.636 0.000 -7.653 176 160 144
19.970 0.000 -7.653 176 160 144
20.305 0.000 -7.653 176 160 144
20.640 0.000 -7.653 170 161 154
20.975 0.000 -7.653 45 62 78
21.310 0.000 -7.653 171 159 145
21.645 0.000 -7.653 176 160 144
21.979 0.000 -7.653 176 160 144
22.314 0.000 -7.653 176 160 144
22.649 0.000 -7.653 176 160 144
22.984 0.000 -7.653 177 160 144
23.319 0.000 -7.653 173 161 145
23.654 0.000 -7.653 45 57 69
23.989 0.000 -7.653 56 65 72
24.323 0.000 -7.653 178 159 145
24.658 0.000 -7.653 176 160 144
24.993 0.000 -7.653 176 160 144
25.328 0.000 -7.653 176 160 144
25.663 0.000 -7.653 176 160 145
25.998 0.000 -7.653 151 170 184
26.332 0.000 -7.653 148 170 184
26.667 0.000 -7.653 148 170 184
27.002 0.000 -7.653 148 170 184
27.337 0.000 -7.653 148 170 184
27.672 0.000 -7.653 148 170 184
28.007 0.000 -7.653 148 170 184
28.341 0.000 -7.653 148 170 184
28.676 0.000 -7.653 148 170 184
29.011 0.000 -7.653 148 170 184
29.346 0.000 -7.653 148 170 184
29.681 0.000 -7.653 148 170 184
30.016 0.000 -7.653 148 170 184
30.350 0.000 -7.653 148 170 184
-29.857 0.000 -6.692 149 171 184
-29.530 0.000 -6.692 149 171 184
-29.203 0.000 -6.692 149 171 184
-28.877 0.000 -6.692 149 171 184
-28.550 0.000 -6.692 149 171 184
-28.223 0.000 -6.692 149 171 184
-27.896 0.000 -6.692 149 171 184
-27.569 0.000 -6.692 149 171 184
-27.242 0.000 -6.692 149 171 184
-26.916 0.000 -6.692 149 171 184
-26.589 0.000 -6.692 149 171 184
-26.262 0.000 -6.692 149 171 184
-25.935 0.000 -6.692 149 171 184
-25.608 -0.000 -6.692 149 171 184
-25.282 0.000 -6.692 149 171 184
-24.955 0.000 -6.692 149 171 184
-24.628 0.000 -6.692 149 171 184
-24.301 0.000 -6.692 149 171 184
-23.974 -0.000 -6.692 149 171 184
-23.647 0.000 -6.692 149 171 184
-23.321 0.000 -6.692 149 171 184
-22.994 0.000 -6.692 149 171 184
-22.667 -0.000 -6.692 149 171 184
-22.340 0.000 -6.692 149 171 184
-22.013 0.000 -6.692 149 171 184
-21.687 0.000 -6.692 149 171 184
-21.360 0.000 -6.692 149 171 184
-21.033 0.000 -6.692 149 171 184
-20.706 0.000 -6.692 149 171 184
-20.379 0.000 -6.692 149 171 184
-20.053 0.000 -6.692 149 171 184
-19.726 0.000 -6.692 149 171 184
-19.399 0.000 -6.692 149 171 184
-19.072 0.000 -6.692 149 171 184
-18.745 -0.000 -6.692 149 171 184
-18.418 0.000 -6.692 149 171 184
-18.092 0.000 -6.692 149 171 184
-17.765 0.000 -6.692 149 171 184
-17.438 0.000 -6.692 149 171 184
-17.111 0.000 -6.692 149 171 184
-16.784 0.000 -6.692 149 171 184
-16.458 0.000 -6.692 149 171 184
-16.131 0.000 -6.692 149 171 184
-15.804 0.000 -6.692 149 171 184
-15.477 0.000 -6.692 149 171 184
-15.150 -0.000 -6.692 149 171 184
-14.823 0.000 -6.692 149 171 184
-14.497 0.000 -6.692 149 171 184
-14.170 0.000 -6.692 149 171 184
-13.843 0.000 -6.692 149 171 184
-13.516 -0.000 -6.692 149 171 184
-13.189 0.000 -6.692 149 171 184
-12.863 0.000 -6.692 149 171 184
-12.536 0.000 -6.692 149 171 184
-12.209 0.000 -6.692 149 171 184
-11.882 0.000 -6.692 149 171 184
-11.555 0.000 -6.692 149 171 184
-11.228 0.000 -6.692 149 171 184
-10.902 0.000 -6.692 149 171 184
-10.575 0.000 -6.692 149 171 184
-10.248 -0.000 -6.692 149 171 184
-9.921 0.000 -6.692 149 171 184
-9.594 0.000 -6.692 149 171 184
-9.268 0.000 -6.692 149 171 184
-8.941 0.000 -6.692 149 171 184
-8.614 0.000 -6.692 149 171 184
-8.287 0.000 -6.692 149 171 184
-7.960 0.000 -6.692 149 171 184
-7.633 0.000 -6.692 149 171 184
-7.307 0.000 -6.692 149 171 184
-6.980 0.000 -6.692 149 171 184
-6.653 -0.000 -6.692 149 171 184
-6.326 -0.000 -6.692 149 171 184
-5.999 0.000 -6.692 149 171 184
-5.673 0.000 -6.692 149 171 184
-5.346 0.000 -6.692 149 171 184
-5.019 0.000 -6.692 149 171 184
-4.692 0.000 -6.692 149 171 184
-4.365 0.000 -6.692 149 171 184
-4.039 0.000 -6.692 149 171 184
-3.712 0.000 -6.692 149 171 184
-3.385 0.000 -6.692 149 171 184
-3.058 -0.000 -6.692 149 171 184
-2.731 0.000 -6.692 149 171 184
-2.404 0.000 -6.692 149 171 184
-2.078 0.000 -6.692 149 171 184
-1.751 0.000 -6.692 149 171 184
-1.424 0.000 -6.692 149 171 184
-1.097 0.000 -6.692 149 171 184
-0.770 0.000 -6.692 149 171 184
-0.444 0.000 -6.692 149 171 184
-0.117 -0.000 -6.692 149 171 184
0.210 0.000 -6.692 149 171 184
0.537 0.000 -6.692 149 171 184
0.864 0.000 -6.692 149 171 184
1.191 0.000 -6.692 149 171 184
1.517 0.000 -6.692 149 171 184
1.844 0.000 -6.692 149 171 184
2.171 0.000 -6.692 149 171 184
2.498 -0.000 -6.692 149 171 184
2.825 0.000 -6.692 149 171 184
3.151 0.000 -6.692 149 171 184
3.478 0.000 -6.692 149 171 184
3.805 0.000 -6.692 149 171 184
4.132 0.000 -6.692 149 171 184
4.459 0.000 -6.692 149 171 184
4.786 0.000 -6.692 149 171 184
5.112 0.000 -6.692 149 171 184
5.439 0.000 -6.692 149 171 184
5.766 0.000 -6.692 149 171 184
6.093 0.000 -6.692 149 171 184
6.420 0.000 -6.692 149 171 184
6.746 -0.000 -6.692 149 171 184
7.073 0.000 -6.692 149 171 184
7.400 0.000 -6.692 149 171 184
7.727 0.000 -6.692 149 171 184
8.054 0.000 -6.692 149 171 184
8.381 0.000 -6.692 156 171 178
8.707 0.000 -6.692 178 160 140
9.034 0.000 -6.692 49 60 80
9.361 0.000 -6.692 49 59 84
9.688 0.000 -6.692 178 159 145
10.015 0.000 -6.692 176 160 144
10.341 0.000 -6.692 176 160 144
10.668 0.000 -6.692 176 160 144
10.995 0.000 -6.692 176 160 144
11.322 0.000 -6.692 174 161 142
11.649 0.000 -6.692 181 158 140
11.975 0.000 -6.692 45 63 77
12.302 -0.000 -6.692 166 163 158
12.629 0.000 -6.692 176 160 145
12.956 0.000 -6.692 176 160 144
13.283 0.000 -6.692 176 160 144
13.610 0.000 -6.692 176 160 144
13.936 0.000 -6.692 176 160 144
14.263 0.000 -6.692 174 160 147
14.590 -0.000 -6.692 52 61 68
14.917 0.000 -6.692 46 62 75
15.244 0.000 -6.692 178 159 142
15.570 0.000 -6.692 176 161 142
15.897 0.000 -6.692 176 160 144
16.224 -0.000 -6.692 176 160 144
16.551 0.000 -6.692 176 160 144
16.878 0.000 -6.692 176 160 144
17.205 0.000 -6.692 178 159 142
17.531 0.000 -6.692 45 62 80
17.858 0.000 -6.692 56 59 66
18.185 0.000 -6.692 176 160 144
18.512 0.000 -6.692 176 160 144
18.839 0.000 -6.692 176 160 144
19.165 0.000 -6.692 176 160 144
19.492 0.000 -6.692 176 160 144
19.819 0.000 -6.692 176 160 144
20.146 -0.000 -6.692 170 161 154
20.473 0.000 -6.692 46 61 80
20.800 0.000 -6.692 174 161 145
21.126 0.000 -6.692 176 160 144
21.453 0.000 -6.692 176 160 144
21.780 0.000 -6.692 176 160 144
22.107 0.000 -6.692 176 160 144
22.434 0.000 -6.692 176 160 144
22.760 0.000 -6.692 174 161 142
23.087 0.000 -6.692 45 62 80
23.414 0.000 -6.692 52 59 77
23.741 0.000 -6.692 177 160 144
24.068 0.000 -6.692 176 160 144
24.394 0.000 -6.692 176 160 144
24.721 0.000 -6.692 176 160 144
25.048 0.000 -6.692 176 160 145
25.375 0.000 -6.692 151 170 184
25.702 0.000 -6.692 149 171 184
26.029 0.000 -6.692 149 171 184
26.355 0.000 -6.692 149 171 184
26.682 0.000 -6.692 149 171 184
27.009 0.000 -6.692 149 171 184
27.336 0.000 -6.692 149 171 184
27.663 0.000 -6.692 149 171 184
27.989 0.000 -6.692 149 171 184
28.316 0.000 -6.692 149 171 184
28.643 0.000 -6.692 149 171 184
28.970 0.000 -6.692 149 171 184
29.297 0.000 -6.692 149 171 184
29.624 0.000 -6.692 149 171 184
-29.159 0.000 -5.775 152 171 185
-28.840 0.000 -5.775 152 171 185
-28.520 0.000 -5.775 152 171 185
-28.201 0.000 -5.775 152 171 185
-27.882 0.000 -5.775 152 171 185
-27.563 0.000 -5.775 152 171 185
-27.244 0.000 -5.775 152 171 185
-26.925 0.000 -5.775 152 171 185
-26.605 0.000 -5.775 152 171 185
-26.286 0.000 -5.775 152 171 185
-25.967 0.000 -5.775 152 171 185
-25.648 0.000 -5.775 152 171 185
-25.329 0.000 -5.775 152 171 185
-25.009 0.000 -5.775 152 171 185
-24.690 0.000 -5.775 152 171 185
-24.371 0.000 -5.775 152 171 185
-24.052 0.000 -5.775 152 171 185
-23.733 0.000 -5.775 152 171 185
-23.414 0.000 -5.775 152 171 185
-23.094 0.000 -5.775 152 171 185
-22.775 0.000 -5.775 152 171 185
-22.456 0.000 -5.775 152 171 185
-22.137 0.000 -5.775 152 171 185
-21.818 0.000 -5.775 152 171 185
-21.499 0.000 -5.775 152 171 185
-21.179 0.000 -5.775 152 171 185
-20.860 0.000 -5.775 152 171 185
-20.541 0.000 -5.775 152 171 185
-20.222 0.000 -5.775 152 171 185
-19.903 0.000 -5.775 152 171 185
-19.584 0.000 -5.775 152 171 185
-19.264 0.000 -5.775 152 171 185
-18.945 0.000 -5.775 152 171 185
-18.626 0.000 -5.775 152 171 185
-18.307 0.000 -5.775 152 171 185
-17.988 0.000 -5.775 152 171 185
-17.669 -0.000 -5.775 152 171 185
-17.349 0.000 -5.775 152 171 185
-17.030 -0.000 -5.775 152 171 185
-16.711 0.000 -5.775 152 171 185
-16.392 0.000 -5.775 152 171 185
-16.073 0.000 -5.775 152 171 185
-15.753 0.000 -5.775 152 171 185
-15.434 0.000 -5.775 152 171 185
-15.115 0.000 -5.775 152 171 185
-14.796 -0.000 -5.775 152 171 185
-14.477 0.000 -5.775 152 171 185
-14.158 0.000 -5.775 152 171 185
-13.838 0.000 -5.775 152 171 185
-13.519 0.000 -5.775 152 171 185
-13.200 0.000 -5.775 152 171 185
-12.881 0.000 -5.775 152 171 185
-12.562 0.000 -5.775 152 171 185
-12.243 -0.000 -5.775 152 171 185
-11.923 0.000 -5.775 152 171 185
-11.604 0.000 -5.775 152 171 185
-11.285 -0.000 -5.775 152 171 185
-10.966 0.000 -5.775 152 171 185
-10.647 0.000 -5.775 152 171 185
-10.328 0.000 -5.775 152 171 185
-10.008 0.000 -5.775 152 171 185
-9.689 0.000 -5.775 152 171 185
-9.370 0.000 -5.775 152 171 185
-9.051 0.000 -5.775 152 171 185
-8.732 0.000 -5.775 152 171 185
-8.412 0.000 -5.775 152 171 185
-8.093 0.000 -5.775 152 171 185
-7.774 0.000 -5.775 152 171 185
-7.455 0.000 -5.775 152 171 185
-7.136 0.000 -5.775 152 171 185
-6.817 0.000 -5.775 152 171 185
-6.497 0.000 -5.775 152 171 185
-6.178 -0.000 -5.775 152 171 185
-5.859 0.000 -5.775 152 171 185
-5.540 -0.000 -5.775 152 171 185
-5.221 0.000 -5.775 152 171 185
-4.902 0.000 -5.775 152 171 185
-4.582 0.000 -5.775 152 171 185
-4.263 0.000 -5.775 152 171 185
-3.944 -0.000 -5.775 152 171 185
-3.625 0.000 -5.775 152 171 185
-3.306 0.000 -5.775 152 171 185
-2.987 0.000 -5.775 152 171 185
-2.667 0.000 -5.775 152 171 185
-2.348 0.000 -5.775 152 171 185
-2.029 -0.000 -5.775 152 171 185
-1.710 -0.000 -5.775 152 171 185
-1.391 0.000 -5.775 152 171 185
-1.072 0.000 -5.775 152 171 185
-0.752 -0.000 -5.775 152 171 185
-0.433 0.000 -5.775 152 171 185
-0.114 0.000 -5.775 152 171 185
0.205 0.000 -5.775 152 171 185
0.524 0.000 -5.775 152 171 185
0.844 -0.000 -5.775 152 171 185
1.163 0.000 -5.775 152 171 185
1.482 0.000 -5.775 152 171 185
1.801 0.000 -5.775 152 171 185
2.120 -0.000 -5.775 152 171 185
2.439 0.000 -5.775 152 171 185
2.759 -0.000 -5.775 152 171 185
3.078 0.000 -5.775 152 171 185
3.397 0.000 -5.775 152 171 185
3.716 0.000 -5.775 152 171 185
4.035 0.000 -5.775 152 171 185
4.354 0.000 -5.775 152 171 185
4.674 0.000 -5.775 152 171 185
4.993 -0.000 -5.775 152 171 185
5.312 0.000 -5.775 152 171 185
5.631 0.000 -5.775 152 171 185
5.950 0.000 -5.775 152 171 185
6.269 0.000 -5.775 152 171 185
6.589 0.000 -5.775 152 171 185
6.908 -0.000 -5.775 152 171 185
7.227 0.000 -5.775 152 171 185
7.546 0.000 -5.775 152 171 185
7.865 0.000 -5.775 152 171 185
8.185 0.000 -5.775 161 170 175
8.504 0.000 -5.775 176 160 144
8.823 0.000 -5.775 179 157 143
9.142 0.000 -5.775 180 161 147
9.461 0.000 -5.775 181 160 143
9.780 0.000 -5.775 176 160 144
10.100 0.000 -5.775 176 160 144
10.419 0.000 -5.775 176 160 144
10.738 0.000 -5.775 176 160 144
11.057 0.000 -5.775 176 160 145
11.376 -0.000 -5.775 173 157 141
11.695 -0.000 -5.775 172 159 142
12.015 0.000 -5.775 175 164 142
12.334 0.000 -5.775 174 161 144
12.653 0.000 -5.775 176 160 144
12.972 0.000 -5.775 176 160 144
13.291 0.000 -5.775 176 160 144
13.610 0.000 -5.775 176 160 144
13.930 0.000 -5.775 176 161 140
14.249 0.000 -5.775 173 160 141
14.568 0.000 -5.775 172 161 139
14.887 0.000 -5.775 172 156 140
15.206 0.000 -5.775 176 160 144
15.525 0.000 -5.775 176 160 144
15.845 0.000 -5.775 176 160 144
16.164 0.000 -5.775 176 160 144
16.483 -0.000 -5.775 176 160 144
16.802 0.000 -5.775 179 160 146
17.121 0.000 -5.775 176 159 149
17.441 0.000 -5.775 181 160 143
17.760 0.000 -5.775 176 160 144
18.079 0.000 -5.775 176 160 144
18.398 -0.000 -5.775 176 160 144
18.717 -0.000 -5.775 176 160 144
19.036 0.000 -5.775 176 160 144
19.356 0.000 -5.775 176 160 144
19.675 0.000 -5.775 177 160 144
19.994 -0.000 -5.775 176 158 144
20.313 0.000 -5.775 185 163 149
20.632 0.000 -5.775 176 160 144
20.951 0.000 -5.775 176 160 144
21.271 -0.000 -5.775 176 160 144
21.590 0.000 -5.775 176 160 144
21.909 0.000 -5.775 174 161 145
22.228 0.000 -5.775 177 160 142
22.547 0.000 -5.775 178 165 149
22.866 0.000 -5.775 167 159 136
23.186 0.000 -5.775 176 160 144
23.505 0.000 -5.775 176 160 144
23.824 0.000 -5.775 176 160 144
24.143 0.000 -5.775 176 160 145
24.462 0.000 -5.775 176 160 145
24.781 0.000 -5.775 152 171 185
25.101 0.000 -5.775 152 171 185
25.420 0.000 -5.775 152 171 185
25.739 0.000 -5.775 152 171 185
26.058 0.000 -5.775 152 171 185
26.377 0.000 -5.775 152 171 185
26.697 0.000 -5.775 152 171 185
27.016 0.000 -5.775 152 171 185
27.335 0.000 -5.775 152 171 185
27.654 0.000 -5.775 152 171 185
27.973 0.000 -5.775 152 171 185
28.292 0.000 -5.775 152 171 185
28.612 0.000 -5.775 152 171 185
28.931 0.000 -5.775 152 171 185
-28.492 0.000 -4.900 153 173 184
-28.180 0.000 -4.900 153 173 184
-27.869 0.000 -4.900 153 173 184
-27.557 0.000 -4.900 153 173 184
-27.245 0.000 -4.900 153 173 184
-26.933 0.000 -4.900 153 173 184
-26.621 0.000 -4.900 153 173 184
-26.309 0.000 -4.900 153 173 184
-25.997 0.000 -4.900 153 173 184
-25.685 0.000 -4.900 153 173 184
-25.374 0.000 -4.900 153 173 184
-25.062 0.000 -4.900 153 173 184
-24.750 0.000 -4.900 153 173 184
-24.438 0.000 -4.900 153 173 184
-24.126 0.000 -4.900 153 173 184
-23.814 0.000 -4.900 153 173 184
-23.502 0.000 -4.900 153 173 184
-23.190 0.000 -4.900 153 173 184
-22.879 0.000 -4.900 153 173 184
-22.567 0.000 -4.900 153 173 184
-22.255 0.000 -4.900 153 173 184
-21.943 0.000 -4.900 153 173 184
-21.631 0.000 -4.900 153 173 184
-21.319 0.000 -4.900 153 173 184
-21.007 0.000 -4.900 153 173 184
-20.695 -0.000 -4.900 153 173 184
-20.384 0.000 -4.900 153 173 184
-20.072 0.000 -4.900 153 173 184
-19.760 -0.000 -4.900 153 173 184
-19.448 0.000 -4.900 153 173 184
-19.136 0.000 -4.900 153 173 184
-18.824 0.000 -4.900 153 173 184
-18.512 0.000 -4.900 153 173 184
-18.200 0.000 -4.900 153 173 184
-17.888 0.000 -4.900 153 173 184
-17.577 0.000 -4.900 153 173 184
-17.265 0.000 -4.900 153 173 184
-16.953 0.000 -4.900 153 173 184
-16.641 0.000 -4.900 153 173 184
-16.329 -0.000 -4.900 153 173 184
-16.017 0.000 -4.900 153 173 184
-15.705 0.000 -4.900 153 173 184
-15.393 0.000 -4.900 153 173 184
-15.082 -0.000 -4.900 153 173 184
-14.770 0.000 -4.900 153 173 184
-14.458 0.000 -4.900 153 173 184
-14.146 0.000 -4.900 153 173 184
-13.834 -0.000 -4.900 153 173 184
-13.522 0.000 -4.900 153 173 184
-13.210 0.000 -4.900 153 173 184
-12.898 0.000 -4.900 153 173 184
-12.587 0.000 -4.900 153 173 184
-12.275 0.000 -4.900 153 173 184
-11.963 0.000 -4.900 153 173 184
-11.651 0.000 -4.900 153 173 184
-11.339 0.000 -4.900 153 173 184
-11.027 0.000 -4.900 153 173 184
-10.715 0.000 -4.900 153 173 184
-10.403 0.000 -4.900 153 173 184
-10.092 0.000 -4.900 153 173 184
-9.780 0.000 -4.900 153 173 184
-9.468 0.000 -4.900 153 173 184
-9.156 0.000 -4.900 153 173 184
-8.844 0.000 -4.900 153 173 184
-8.532 -0.000 -4.900 153 173 184
-8.220 0.000 -4.900 153 173 184
-7.908 0.000 -4.900 153 173 184
-7.596 -0.000 -4.900 153 173 184
-7.285 0.000 -4.900 153 173 184
-6.973 -0.000 -4.900 153 173 184
-6.661 -0.000 -4.900 153 173 184
-6.349 0.000 -4.900 153 173 184
-6.037 0.000 -4.900 153 173 184
-5.725 0.000 -4.900 153 173 184
-5.413 0.000 -4.900 153 173 184
-5.101 0.000 -4.900 153 173 184
-4.790 -0.000 -4.900 153 173 184
-4.478 0.000 -4.900 153 173 184
-4.166 0.000 -4.900 153 173 184
-3.854 0.000 -4.900 153 173 184
-3.542 0.000 -4.900 153 173 184
-3.230 0.000 -4.900 153 173 184
-2.918 0.000 -4.900 153 173 184
-2.606 0.000 -4.900 153 173 184
-2.295 0.000 -4.900 153 173 184
-1.983 0.000 -4.900 153 173 184
-1.671 0.000 -4.900 153 173 184
-1.359 -0.000 -4.900 153 173 184
-1.047 0.000 -4.900 153 173 184
-0.735 0.000 -4.900 153 173 184
-0.423 -0.000 -4.900 153 173 184
-0.111 0.000 -4.900 153 173 184
0.200 0.000 -4.900 153 173 184
0.512 0.000 -4.900 153 173 184
0.824 0.000 -4.900 153 173 184
1.136 -0.000 -4.900 153 173 184
1.448 0.000 -4.900 153 173 184
1.760 0.000 -4.900 153 173 184
2.072 -0.000 -4.900 153 173 184
2.384 -0.000 -4.900 153 173 184
2.696 0.000 -4.900 153 173 184
3.007 0.000 -4.900 153 173 184
3.319 0.000 -4.900 153 173 184
3.631 -0.000 -4.900 153 173 184
3.943 0.000 -4.900 153 173 184
4.255 0.000 -4.900 153 173 184
4.567 0.000 -4.900 153 173 184
4.879 -0.000 -4.900 153 173 184
5.191 0.000 -4.900 153 173 184
5.502 -0.000 -4.900 153 173 184
5.814 0.000 -4.900 153 173 184
6.126 -0.000 -4.900 153 173 184
6.438 0.000 -4.900 153 173 184
6.750 0.000 -4.900 153 173 184
7.062 0.000 -4.900 153 173 184
7.374 0.000 -4.900 153 173 184
7.686 0.000 -4.900 153 173 184
7.997 0.000 -4.900 162 171 176
8.309 0.000 -4.900 176 160 144
8.621 0.000 -4.900 51 61 71
8.933 0.000 -4.900 56 59 64
9.245 0.000 -4.900 173 160 144
9.557 0.000 -4.900 176 160 144
9.869 0.000 -4.900 176 160 144
10.181 0.000 -4.900 176 160 144
10.492 -0.000 -4.900 176 160 144
10.804 0.000 -4.900 176 160 144
11.116 0.000 -4.900 178 165 149
11.428 0.000 -4.900 53 59 71
11.740 -0.000 -4.900 165 157 154
12.052 0.000 -4.900 177 160 144
12.364 0.000 -4.900 176 160 144
12.676 0.000 -4.900 176 160 144
12.988 0.000 -4.900 176 160 144
13.299 0.000 -4.900 176 160 144
13.611 0.000 -4.900 177 160 142
13.923 0.000 -4.900 62 57 61
14.235 0.000 -4.900 56 58 70
14.547 0.000 -4.900 168 150 136
14.859 0.000 -4.900 176 161 142
15.171 0.000 -4.900 176 160 144
15.483 0.000 -4.900 176 160 144
15.794 0.000 -4.900 176 160 144
16.106 0.000 -4.900 176 160 144
16.418 0.000 -4.900 171 161 149
16.730 0.000 -4.900 53 62 71
17.042 0.000 -4.900 68 65 72
17.354 0.000 -4.900 176 160 144
17.666 0.000 -4.900 176 160 144
17.978 0.000 -4.900 176 160 144
18.289 0.000 -4.900 176 160 144
18.601 0.000 -4.900 176 160 144
18.913 0.000 -4.900 176 160 144
19.225 0.000 -4.900 170 162 151
19.537 0.000 -4.900 53 60 70
19.849 -0.000 -4.900 172 160 148
20.161 0.000 -4.900 176 160 144
20.473 0.000 -4.900 176 160 144
20.785 0.000 -4.900 176 160 144
21.096 0.000 -4.900 176 160 144
21.408 0.000 -4.900 177 160 142
21.720 0.000 -4.900 174 161 144
22.032 0.000 -4.900 50 57 65
22.344 0.000 -4.900 51 51 59
22.656 0.000 -4.900 177 160 140
22.968 -0.000 -4.900 176 160 144
23.280 0.000 -4.900 176 160 144
23.591 0.000 -4.900 176 160 145
23.903 0.000 -4.900 176 160 145
24.215 0.000 -4.900 153 172 186
24.527 0.000 -4.900 153 173 184
24.839 0.000 -4.900 153 173 184
25.151 -0.000 -4.900 153 173 184
25.463 0.000 -4.900 153 173 184
25.775 -0.000 -4.900 153 173 184
26.086 0.000 -4.900 153 173 184
26.398 0.000 -4.900 153 173 184
26.710 0.000 -4.900 153 173 184
27.022 0.000 -4.900 153 173 184
27.334 0.000 -4.900 153 173 184
27.646 0.000 -4.900 153 173 184
27.958 -0.000 -4.900 153 173 184
28.270 0.000 -4.900 153 173 184
-27.856 0.000 -4.065 155 175 186
-27.551 0.000 -4.065 155 175 186
-27.246 0.000 -4.065 155 175 186
-26.941 0.000 -4.065 155 175 186
-26.636 0.000 -4.065 155 175 186
-26.331 0.000 -4.065 155 175 186
-26.026 0.000 -4.065 155 175 186
-25.721 0.000 -4.065 155 175 186
-25.417 0.000 -4.065 155 175 186
-25.112 0.000 -4.065 155 175 186
-24.807 0.000 -4.065 155 175 186
-24.502 0.000 -4.065 155 175 186
-24.197 0.000 -4.065 155 175 186
-23.892 0.000 -4.065 155 175 186
-23.587 0.000 -4.065 155 175 186
-23.282 0.000 -4.065 155 175 186
-22.977 0.000 -4.065 155 175 186
-22.672 0.000 -4.065 155 175 186
-22.367 0.000 -4.065 155 175 186
-22.062 0.000 -4.065 155 175 186
-21.758 0.000 -4.065 155 175 186
-21.453 0.000 -4.065 155 175 186
-21.148 0.000 -4.065 155 175 186
-20.843 0.000 -4.065 155 175 186
-20.538 0.000 -4.065 155 175 186
-20.233 -0.000 -4.065 155 175 186
-19.928 0.000 -4.065 155 175 186
-19.623 0.000 -4.065 155 175 186
-19.318 -0.000 -4.065 155 175 186
-19.013 -0.000 -4.065 155 175 186
-18.708 0.000 -4.065 155 175 186
-18.404 0.000 -4.065 155 175 186
-18.099 0.000 -4.065 155 175 186
-17.794 0.000 -4.065 155 175 186
-17.489 0.000 -4.065 155 175 186
-17.184 0.000 -4.065 155 175 186
-16.879 0.000 -4.065 155 175 186
-16.574 0.000 -4.065 155 175 186
-16.269 0.000 -4.065 155 175 186
-15.964 -0.000 -4.065 155 175 186
-15.659 0.000 -4.065 155 175 186
-15.354 0.000 -4.065 155 175 186
-15.050 -0.000 -4.065 155 175 186
-14.745 0.000 -4.065 155 175 186
-14.440 0.000 -4.065 155 175 186
-14.135 0.000 -4.065 155 175 186
-13.830 0.000 -4.065 155 175 186
-13.525 -0.000 -4.065 155 175 186
-13.220 0.000 -4.065 155 175 186
-12.915 0.000 -4.065 155 175 186
-12.610 0.000 -4.065 155 175 186
-12.305 -0.000 -4.065 155 175 186
-12.000 0.000 -4.065 155 175 186
-11.696 0.000 -4.065 155 175 186
-11.391 0.000 -4.065 155 175 186
-11.086 0.000 -4.065 155 175 186
-10.781 0.000 -4.065 155 175 186
-10.476 0.000 -4.065 155 175 186
-10.171 0.000 -4.065 155 175 186
-9.866 0.000 -4.065 155 175 186
-9.561 0.000 -4.065 155 175 186
-9.256 0.000 -4.065 155 175 186
-8.951 0.000 -4.065 155 175 186
-8.646 0.000 -4.065 155 175 186
-8.341 -0.000 -4.065 155 175 186
-8.037 0.000 -4.065 155 175 186
-7.732 0.000 -4.065 155 175 186
-7.427 0.000 -4.065 155 175 186
-7.122 -0.000 -4.065 155 175 186
-6.817 0.000 -4.065 155 175 186
-6.512 -0.000 -4.065 155 175 186
-6.207 0.000 -4.065 155 175 186
-5.902 0.000 -4.065 155 175 186
-5.597 0.000 -4.065 155 175 186
-5.292 -0.000 -4.065 155 175 186
-4.987 0.000 -4.065 155 175 186
-4.683 0.000 -4.065 155 175 186
-4.378 0.000 -4.065 155 175 186
-4.073 0.000 -4.065 155 175 186
-3.768 -0.000 -4.065 155 175 186
-3.463 -0.000 -4.065 155 175 186
-3.158 -0.000 -4.065 155 175 186
-2.853 0.000 -4.065 155 175 186
-2.548 -0.000 -4.065 155 175 186
-2.243 0.000 -4.065 155 175 186
-1.938 0.000 -4.065 155 175 186
-1.633 0.000 -4.065 155 175 186
-1.329 0.000 -4.065 155 175 186
-1.024 -0.000 -4.065 155 175 186
-0.719 0.000 -4.065 155 175 186
-0.414 -0.000 -4.065 155 175 186
-0.109 -0.000 -4.065 155 175 186
0.196 0.000 -4.065 155 175 186
0.501 0.000 -4.065 155 175 186
0.806 0.000 -4.065 155 175 186
1.111 0.000 -4.065 155 175 186
1.416 0.000 -4.065 155 175 186
1.721 0.000 -4.065 155 175 186
2.025 0.000 -4.065 155 175 186
2.330 0.000 -4.065 155 175 186
2.635 0.000 -4.065 155 175 186
2.940 0.000 -4.065 155 175 186
3.245 0.000 -4.065 155 175 186
3.550 0.000 -4.065 155 175 186
3.855 0.000 -4.065 155 175 186
4.160 0.000 -4.065 155 175 186
4.465 0.000 -4.065 155 175 186
4.770 0.000 -4.065 155 175 186
5.075 0.000 -4.065 155 175 186
5.379 0.000 -4.065 155 175 186
5.684 0.000 -4.065 155 175 186
5.989 0.000 -4.065 155 175 186
6.294 0.000 -4.065 155 175 186
6.599 -0.000 -4.065 155 175 186
6.904 0.000 -4.065 155 175 186
7.209 0.000 -4.065 155 175 186
7.514 0.000 -4.065 155 175 186
7.819 -0.000 -4.065 163 172 177
8.124 0.000 -4.065 176 161 142
8.429 0.000 -4.065 45 61 76
8.734 0.000 -4.065 45 59 72
9.038 0.000 -4.065 172 157 136
9.343 0.000 -4.065 176 160 144
9.648 0.000 -4.065 176 160 144
9.953 0.000 -4.065 176 160 144
10.258 0.000 -4.065 176 160 144
10.563 0.000 -4.065 176 160 145
10.868 0.000 -4.065 180 165 146
11.173 0.000 -4.065 39 57 81
11.478 0.000 -4.065 171 171 169
11.783 0.000 -4.065 174 160 147
12.088 0.000 -4.065 176 160 144
12.392 0.000 -4.065 176 160 144
12.697 0.000 -4.065 176 160 144
13.002 0.000 -4.065 176 160 144
13.307 -0.000 -4.065 174 161 144
13.612 0.000 -4.065 54 58 69
13.917 0.000 -4.065 45 60 83
14.222 -0.000 -4.065 173 157 141
14.527 0.000 -4.065 176 160 144
14.832 0.000 -4.065 176 160 144
15.137 0.000 -4.065 176 160 144
15.442 0.000 -4.065 176 160 144
15.746 0.000 -4.065 176 160 144
16.051 -0.000 -4.065 169 158 140
16.356 0.000 -4.065 41 65 91
16.661 0.000 -4.065 55 61 61
16.966 0.000 -4.065 176 160 144
17.271 0.000 -4.065 176 160 144
17.576 -0.000 -4.065 176 160 144
17.881 0.000 -4.065 176 160 144
18.186 0.000 -4.065 176 160 144
18.491 0.000 -4.065 176 160 144
18.796 0.000 -4.065 170 161 152
19.100 0.000 -4.065 43 62 79
19.405 0.000 -4.065 173 164 147
19.710 0.000 -4.065 176 160 144
20.015 0.000 -4.065 176 160 144
20.320 0.000 -4.065 176 160 144
20.625 0.000 -4.065 176 160 144
20.930 0.000 -4.065 177 160 144
21.235 0.000 -4.065 177 160 140
21.540 0.000 -4.065 37 58 77
21.845 -0.000 -4.065 47 61 74
22.150 -0.000 -4.065 178 160 140
22.455 0.000 -4.065 176 160 144
22.759 0.000 -4.065 176 160 144
23.064 0.000 -4.065 176 160 144
23.369 0.000 -4.065 176 160 145
23.674 0.000 -4.065 156 174 184
23.979 0.000 -4.065 155 175 186
24.284 0.000 -4.065 155 175 186
24.589 0.000 -4.065 155 175 186
24.894 0.000 -4.065 155 175 186
25.199 0.000 -4.065 155 175 186
25.504 0.000 -4.065 155 175 186
25.809 0.000 -4.065 155 175 186
26.113 0.000 -4.065 155 175 186
26.418 0.000 -4.065 155 175 186
26.723 -0.000 -4.065 155 175 186
27.028 0.000 -4.065 155 175 186
27.333 0.000 -4.065 155 175 186
27.638 0.000 -4.065 155 175 186
-27.247 -0.000 -3.266 157 175 187
-26.949 0.000 -3.266 157 175 187
-26.651 0.000 -3.266 157 175 187
-26.352 0.000 -3.266 157 175 187
-26.054 0.000 -3.266 157 175 187
-25.756 0.000 -3.266 157 175 187
-25.458 0.000 -3.266 157 175 187
-25.159 0.000 -3.266 157 175 187
-24.861 0.000 -3.266 157 175 187
-24.563 0.000 -3.266 157 175 187
-24.265 0.000 -3.266 157 175 187
-23.966 0.000 -3.266 157 175 187
-23.668 0.000 -3.266 157 175 187
-23.370 0.000 -3.266 157 175 187
-23.072 0.000 -3.266 157 175 187
-22.773 0.000 -3.266 157 175 187
-22.475 0.000 -3.266 157 175 187
-22.177 0.000 -3.266 157 175 187
-21.879 -0.000 -3.266 157 175 187
-21.580 0.000 -3.266 157 175 187
-21.282 -0.000 -3.266 157 175 187
-20.984 0.000 -3.266 157 175 187
-20.686 0.000 -3.266 157 175 187
-20.387 0.000 -3.266 157 175 187
-20.089 0.000 -3.266 157 175 187
-19.791 0.000 -3.266 157 175 187
-19.493 0.000 -3.266 157 175 187
-19.194 0.000 -3.266 157 175 187
-18.896 0.000 -3.266 157 175 187
-18.598 0.000 -3.266 157 175 187
-18.300 0.000 -3.266 157 175 187
-18.001 0.000 -3.266 157 175 187
-17.703 0.000 -3.266 157 175 187
-17.405 0.000 -3.266 157 175 187
-17.107 -0.000 -3.266 157 175 187
-16.808 0.000 -3.266 157 175 187
-16.510 0.000 -3.266 157 175 187
-16.212 0.000 -3.266 157 175 187
-15.914 0.000 -3.266 157 175 187
-15.615 0.000 -3.266 157 175 187
-15.317 0.000 -3.266 157 175 187
-15.019 0.000 -3.266 157 175 187
-14.721 0.000 -3.266 157 175 187
-14.422 0.000 -3.266 157 175 187
-14.124 0.000 -3.266 157 175 187
-16.822 -2.600 -9.607 157 175 187
-16.459 -2.600 -9.607 157 175 187
-16.096 -2.600 -9.607 157 175 187
-15.733 -2.600 -9.607 157 175 187
-15.370 -2.600 -9.607 157 175 187
-15.007 -2.600 -9.607 157 175 187
-14.644 -2.600 -9.607 157 175 187
-14.281 -2.600 -9.607 157 175 187
-13.919 -2.600 -9.607 157 175 187
-13.556 -2.600 -9.607 157 175 187
-13.193 -2.600 -9.607 157 175 187
-12.830 -2.600 -9.607 157 175 187
-12.467 -2.600 -9.607 157 175 187
-12.104 -2.600 -9.607 157 175 187
-11.741 -2.600 -9.607 157 175 187
-11.378 -2.600 -9.607 157 175 187
-11.016 -2.600 -9.607 157 175 187
-10.653 -2.600 -9.607 157 175 187
-10.290 -2.600 -9.607 157 175 187
-9.927 -2.600 -9.607 157 175 187
-9.564 -2.600 -9.607 157 175 187
-9.201 -2.600 -9.607 157 175 187
-8.838 -2.600 -9.607 157 175 187
-8.476 -2.600 -9.607 157 175 187
-8.113 -2.600 -9.607 157 175 187
-7.750 -2.600 -9.607 157 175 187
-7.387 -2.600 -9.607 157 175 187
-7.024 -2.600 -9.607 157 175 187
-6.661 -2.600 -9.607 157 175 187
-6.298 -2.600 -9.607 157 175 187
-5.935 -2.600 -9.607 157 175 187
-5.573 -2.600 -9.607 157 175 187
-5.210 -2.600 -9.607 157 175 187
-4.847 -2.600 -9.607 157 175 187
-4.484 -2.600 -9.607 157 175 187
-4.121 -2.600 -9.607 157 175 187
-3.758 -2.600 -9.607 157 175 187
-3.395 -2.600 -9.607 157 175 187
-3.033 -2.600 -9.607 157 175 187
-2.670 -2.600 -9.607 157 175 187
-2.307 -2.600 -9.607 157 175 187
-1.944 -2.600 -9.607 157 175 187
-1.581 -2.600 -9.607 157 175 187
-1.218 -2.600 -9.607 157 175 187
-0.855 -2.600 -9.607 157 175 187
-0.492 -2.600 -9.607 157 175 187
-0.130 -2.600 -9.607 157 175 187
0.233 -2.600 -9.607 157 175 187
0.596 -2.600 -9.607 157 175 187
0.959 -2.600 -9.607 157 175 187
1.322 -2.600 -9.607 157 175 187
1.685 -2.600 -9.607 157 175 187
2.048 -2.600 -9.607 157 175 187
2.410 -2.600 -9.607 157 175 187
2.773 -2.600 -9.607 157 175 187
3.136 -2.600 -9.607 157 175 187
3.499 -2.600 -9.607 157 175 187
3.862 -2.600 -9.607 157 175 187
4.225 -2.600 -9.607 157 175 187
4.588 -2.600 -9.607 157 175 187
4.951 -2.600 -9.607 157 175 187
5.313 -2.600 -9.607 157 175 187
5.676 -2.600 -9.607 157 175 187
6.039 -2.600 -9.607 157 175 187
6.402 -2.600 -9.607 157 175 187
6.765 -2.600 -9.607 157 175 187
7.128 -2.600 -9.607 157 175 187
7.491 -2.600 -9.607 157 175 187
7.853 -2.600 -9.607 157 175 187
8.216 -2.600 -9.607 157 175 187
8.579 -2.600 -9.607 157 175 187
8.942 -2.600 -9.607 157 175 187
9.305 -2.600 -9.607 164 173 178
9.668 -2.600 -9.607 176 161 142
8.244 -0.000 -3.266 170 163 147
8.543 0.000 -3.266 169 163 149
8.841 0.000 -3.266 176 161 138
9.139 0.000 -3.266 176 160 144
9.437 0.000 -3.266 176 160 144
9.736 0.000 -3.266 176 160 144
10.034 0.000 -3.266 176 160 144
10.332 0.000 -3.266 176 160 145
10.630 0.000 -3.266 177 160 142
10.929 -0.000 -3.266 169 162 152
11.227 0.000 -3.266 171 162 147
11.525 -0.000 -3.266 176 160 145
11.823 0.000 -3.266 176 160 144
12.122 0.000 -3.266 176 160 144
12.420 -0.000 -3.266 176 160 144
12.718 0.000 -3.266 176 160 144
13.016 0.000 -3.266 176 160 145
13.315 -0.000 -3.266 171 161 152
13.613 0.000 -3.266 170 161 152
13.911 0.000 -3.266 177 160 142
14.209 0.000 -3.266 176 160 144
14.508 0.000 -3.266 176 160 144
14.806 -0.000 -3.266 176 160 144
15.104 0.000 -3.266 176 160 144
15.402 0.000 -3.266 176 160 144
15.701 0.000 -3.266 176 161 142
15.999 0.000 -3.266 166 164 151
16.297 0.000 -3.266 174 161 145
16.595 0.000 -3.266 176 160 144
16.894 0.000 -3.266 176 160 144
17.192 0.000 -3.266 176 160 144
17.490 0.000 -3.266 176 160 144
17.788 0.000 -3.266 176 160 144
18.087 0.000 -3.266 176 160 144
18.385 0.000 -3.266 174 161 144
18.683 0.000 -3.266 169 163 151
18.981 0.000 -3.266 174 162 140
19.280 0.000 -3.266 176 160 144
19.578 0.000 -3.266 176 160 144
19.876 -0.000 -3.266 176 160 144
20.174 0.000 -3.266 176 160 144
20.473 0.000 -3.266 176 160 144
20.771 0.000 -3.266 178 160 140
21.069 0.000 -3.266 167 163 154
21.367 0.000 -3.266 169 163 151
21.666 0.000 -3.266 176 160 144
21.964 0.000 -3.266 176 160 144
22.262 0.000 -3.266 176 160 144
22.560 -0.000 -3.266 176 160 144
22.859 0.000 -3.266 177 161 146
23.157 0.000 -3.266 157 175 185
23.455 0.000 -3.266 157 175 187
23.753 0.000 -3.266 157 175 187
24.052 0.000 -3.266 157 175 187
24.350 -0.000 -3.266 157 175 187
24.648 0.000 -3.266 157 175 187
24.946 0.000 -3.266 157 175 187
25.245 0.000 -3.266 157 175 187
25.543 0.000 -3.266 157 175 187
25.841 0.000 -3.266 157 175 187
26.139 0.000 -3.266 157 175 187
26.438 0.000 -3.266 157 175 187
26.736 0.000 -3.266 157 175 187
27.034 0.000 -3.266 157 175 187
-26.664 0.000 -2.501 159 177 187
-26.372 0.000 -2.501 159 177 187
-26.081 0.000 -2.501 159 177 187
-25.789 0.000 -2.501 159 177 187
-25.497 0.000 -2.501 159 177 187
-25.205 0.000 -2.501 159 177 187
-24.913 0.000 -2.501 159 177 187
-24.621 0.000 -2.501 159 177 187
-24.329 0.000 -2.501 159 177 187
-24.037 0.000 -2.501 159 177 187
-23.746 -0.000 -2.501 159 177 187
-23.454 -0.000 -2.501 159 177 187
-23.162 0.000 -2.501 159 177 187
-22.870 0.000 -2.501 159 177 187
-22.578 -0.000 -2.501 159 177 187
-22.286 0.000 -2.501 159 177 187
-21.994 0.000 -2.501 159 177 187
-21.703 0.000 -2.501 159 177 187
-21.411 0.000 -2.501 159 177 187
-21.119 0.000 -2.501 159 177 187
-20.827 0.000 -2.501 159 177 187
-20.535 0.000 -2.501 159 177 187
-20.243 0.000 -2.501 159 177 187
-19.951 0.000 -2.501 159 177 187
-19.659 0.000 -2.501 159 177 187
-19.368 0.000 -2.501 159 177 187
-19.076 0.000 -2.501 159 177 187
-18.784 0.000 -2.501 159 177 187
-18.492 0.000 -2.501 159 177 187
-18.200 0.000 -2.501 159 177 187
-17.908 0.000 -2.501 159 177 187
-17.616 0.000 -2.501 159 177 187
-17.325 0.000 -2.501 159 177 187
-17.033 0.000 -2.501 159 177 187
-16.741 0.000 -2.501 159 177 187
-16.449 0.000 -2.501 159 177 187
-16.157 0.000 -2.501 159 177 187
-15.865 0.000 -2.501 159 177 187
-15.573 0.000 -2.501 159 177 187
-15.281 0.000 -2.501 159 177 187
-14.990 0.000 -2.501 159 177 187
-14.698 0.000 -2.501 159 177 187
-14.406 -0.000 -2.501 159 177 187
-14.114 0.000 -2.501 159 177 187
-16.817 -2.600 -8.676 159 177 187
-16.462 -2.600 -8.676 159 177 187
-16.107 -2.600 -8.676 159 177 187
-15.752 -2.600 -8.676 159 177 187
-15.396 -2.600 -8.676 159 177 187
-15.041 -2.600 -8.676 159 177 187
-14.686 -2.600 -8.676 159 177 187
-14.331 -2.600 -8.676 159 177 187
-13.976 -2.600 -8.676 159 177 187
-13.621 -2.600 -8.676 159 177 187
-13.266 -2.600 -8.676 159 177 187
-12.911 -2.600 -8.676 159 177 187
-12.556 -2.600 -8.676 159 177 187
-12.200 -2.600 -8.676 159 177 187
-11.845 -2.600 -8.676 159 177 187
-11.490 -2.600 -8.676 159 177 187
-11.135 -2.600 -8.676 159 177 187
-10.780 -2.600 -8.676 159 177 187
-10.425 -2.600 -8.676 159 177 187
-10.070 -2.600 -8.676 159 177 187
-9.715 -2.600 -8.676 159 177 187
-9.360 -2.600 -8.676 159 177 187
-9.005 -2.600 -8.676 159 177 187
-8.649 -2.600 -8.676 159 177 187
-8.294 -2.600 -8.676 159 177 187
-7.939 -2.600 -8.676 159 177 187
-7.584 -2.600 -8.676 159 177 187
-7.229 -2.600 -8.676 159 177 187
-6.874 -2.600 -8.676 159 177 187
-6.519 -2.600 -8.676 159 177 187
-6.164 -2.600 -8.676 159 177 187
-5.809 -2.600 -8.676 159 177 187
-5.453 -2.600 -8.676 159 177 187
-5.098 -2.600 -8.676 159 177 187
-4.743 -2.600 -8.676 159 177 187
-4.388 -2.600 -8.676 159 177 187
-4.033 -2.600 -8.676 159 177 187
-3.678 -2.600 -8.676 159 177 187
-3.323 -2.600 -8.676 159 177 187
-2.968 -2.600 -8.676 159 177 187
-2.613 -2.600 -8.676 159 177 187
-2.257 -2.600 -8.676 159 177 187
-1.902 -2.600 -8.676 159 177 187
-1.547 -2.600 -8.676 159 177 187
-1.192 -2.600 -8.676 159 177 187
-0.837 -2.600 -8.676 159 177 187
-0.482 -2.600 -8.676 159 177 187
-0.127 -2.600 -8.676 159 177 187
0.228 -2.600 -8.676 159 177 187
0.583 -2.600 -8.676 159 177 187
0.938 -2.600 -8.676 159 177 187
1.294 -2.600 -8.676 159 177 187
1.649 -2.600 -8.676 159 177 187
2.004 -2.600 -8.676 159 177 187
2.359 -2.600 -8.676 159 177 187
2.714 -2.600 -8.676 159 177 187
3.069 -2.600 -8.676 159 177 187
3.424 -2.600 -8.676 159 177 187
3.779 -2.600 -8.676 159 177 187
4.134 -2.600 -8.676 159 177 187
4.490 -2.600 -8.676 159 177 187
4.845 -2.600 -8.676 159 177 187
5.200 -2.600 -8.676 159 177 187
5.555 -2.600 -8.676 159 177 187
5.910 -2.600 -8.676 159 177 187
6.265 -2.600 -8.676 159 177 187
6.620 -2.600 -8.676 159 177 187
6.975 -2.600 -8.676 159 177 187
7.330 -2.600 -8.676 159 177 187
7.686 -2.600 -8.676 159 177 187
8.041 -2.600 -8.676 159 177 187
8.396 -2.600 -8.676 159 177 187
8.751 -2.600 -8.676 159 177 187
9.106 -2.600 -8.676 165 174 181
9.461 -2.600 -8.676 176 161 142
8.068 0.000 -2.501 164 163 158
8.360 0.000 -2.501 170 161 152
8.652 0.000 -2.501 176 160 144
8.944 0.000 -2.501 176 160 144
9.236 -0.000 -2.501 176 160 144
9.527 0.000 -2.501 176 160 144
9.819 0.000 -2.501 176 160 144
10.111 0.000 -2.501 176 161 142
10.403 0.000 -2.501 171 161 149
10.695 -0.000 -2.501 167 162 158
10.987 -0.000 -2.501 173 161 149
11.279 0.000 -2.501 177 160 140
11.571 0.000 -2.501 176 160 144
11.862 -0.000 -2.501 176 160 144
12.154 0.000 -2.501 176 160 144
12.446 0.000 -2.501 176 160 144
12.738 0.000 -2.501 177 160 144
13.030 0.000 -2.501 170 161 152
13.322 0.000 -2.501 167 163 154
13.614 0.000 -2.501 173 161 147
13.905 0.000 -2.501 176 160 144
14.197 -0.000 -2.501 176 160 144
14.489 0.000 -2.501 176 160 144
14.781 0.000 -2.501 176 160 144
15.073 0.000 -2.501 176 160 144
15.365 0.000 -2.501 174 161 142
15.657 0.000 -2.501 170 161 152
15.949 0.000 -2.501 170 162 151
16.240 0.000 -2.501 176 160 144
16.532 -0.000 -2.501 176 160 144
16.824 0.000 -2.501 176 160 144
17.116 0.000 -2.501 176 160 144
17.408 0.000 -2.501 176 160 144
17.700 0.000 -2.501 176 160 144
17.992 0.000 -2.501 173 161 147
18.284 0.000 -2.501 167 163 152
18.575 0.000 -2.501 176 161 142
18.867 0.000 -2.501 176 160 144
19.159 0.000 -2.501 176 160 144
19.451 -0.000 -2.501 176 160 144
19.743 -0.000 -2.501 176 160 144
20.035 0.000 -2.501 174 161 144
20.327 0.000 -2.501 173 161 145
20.618 0.000 -2.501 170 161 154
20.910 0.000 -2.501 170 161 152
21.202 0.000 -2.501 176 160 144
21.494 0.000 -2.501 176 160 144
21.786 0.000 -2.501 176 160 144
22.078 0.000 -2.501 176 160 144
22.370 0.000 -2.501 175 162 146
22.662 0.000 -2.501 158 176 186
22.953 0.000 -2.501 159 177 187
23.245 0.000 -2.501 159 177 187
23.537 0.000 -2.501 159 177 187
23.829 -0.000 -2.501 159 177 187
24.121 0.000 -2.501 159 177 187
24.413 0.000 -2.501 159 177 187
24.705 0.000 -2.501 159 177 187
24.996 0.000 -2.501 159 177 187
25.288 0.000 -2.501 159 177 187
25.580 0.000 -2.501 159 177 187
25.872 0.000 -2.501 159 177 187
26.164 0.000 -2.501 159 177 187
26.456 0.000 -2.501 159 177 187
-26.106 0.000 -1.768 159 179 190
-25.820 0.000 -1.768 159 179 190
-25.534 0.000 -1.768 159 179 190
-25.249 0.000 -1.768 159 179 190
-24.963 0.000 -1.768 159 179 190
-24.677 -0.000 -1.768 159 179 190
-24.391 0.000 -1.768 159 179 190
-24.106 0.000 -1.768 159 179 190
-23.820 0.000 -1.768 159 179 190
-23.534 -0.000 -1.768 159 179 190
-23.248 0.000 -1.768 159 179 190
-22.963 0.000 -1.768 159 179 190
-22.677 0.000 -1.768 159 179 190
-22.391 0.000 -1.768 159 179 190
-22.105 0.000 -1.768 159 179 190
-21.820 0.000 -1.768 159 179 190
-21.534 -0.000 -1.768 159 179 190
-21.248 0.000 -1.768 159 179 190
-20.962 0.000 -1.768 159 179 190
-20.677 0.000 -1.768 159 179 190
-20.391 0.000 -1.768 159 179 190
-20.105 0.000 -1.768 159 179 190
-19.819 0.000 -1.768 159 179 190
-19.534 0.000 -1.768 159 179 190
-19.248 0.000 -1.768 159 179 190
-18.962 0.000 -1.768 159 179 190
-18.676 0.000 -1.768 159 179 190
-18.391 -0.000 -1.768 159 179 190
-18.105 0.000 -1.768 159 179 190
-17.819 0.000 -1.768 159 179 190
-17.533 -0.000 -1.768 159 179 190
-17.248 0.000 -1.768 159 179 190
-16.962 0.000 -1.768 159 179 190
-16.676 0.000 -1.768 159 179 190
-16.390 0.000 -1.768 159 179 190
-16.104 0.000 -1.768 159 179 190
-15.819 0.000 -1.768 159 179 190
-15.533 0.000 -1.768 159 179 190
-15.247 -0.000 -1.768 159 179 190
-14.961 0.000 -1.768 159 179 190
-14.676 0.000 -1.768 159 179 190
-14.390 -0.000 -1.768 159 179 190
-14.104 0.000 -1.768 159 179 190
-16.812 -2.600 -7.784 159 179 190
-16.465 -2.600 -7.784 159 179 190
-16.117 -2.600 -7.784 159 179 190
-15.769 -2.600 -7.784 159 179 190
-15.422 -2.600 -7.784 159 179 190
-15.074 -2.600 -7.784 159 179 190
-14.726 -2.600 -7.784 159 179 190
-14.379 -2.600 -7.784 159 179 190
-14.031 -2.600 -7.784 159 179 190
-13.683 -2.600 -7.784 159 179 190
-13.336 -2.600 -7.784 159 179 190
-12.988 -2.600 -7.784 159 179 190
-12.640 -2.600 -7.784 159 179 190
-12.293 -2.600 -7.784 159 179 190
-11.945 -2.600 -7.784 159 179 190
-11.597 -2.600 -7.784 159 179 190
-11.250 -2.600 -7.784 159 179 190
-10.902 -2.600 -7.784 159 179 190
-10.554 -2.600 -7.784 159 179 190
-10.207 -2.600 -7.784 159 179 190
-9.859 -2.600 -7.784 159 179 190
-9.511 -2.600 -7.784 159 179 190
-9.164 -2.600 -7.784 159 179 190
-8.816 -2.600 -7.784 159 179 190
-8.468 -2.600 -7.784 159 179 190
-8.121 -2.600 -7.784 159 179 190
-7.773 -2.600 -7.784 159 179 190
-7.425 -2.600 -7.784 159 179 190
-7.078 -2.600 -7.784 159 179 190
-6.730 -2.600 -7.784 159 179 190
-6.382 -2.600 -7.784 159 179 190
-6.035 -2.600 -7.784 159 179 190
-5.687 -2.600 -7.784 159 179 190
-5.339 -2.600 -7.784 159 179 190
-4.992 -2.600 -7.784 159 179 190
-4.644 -2.600 -7.784 159 179 190
-4.296 -2.600 -7.784 159 179 190
-3.949 -2.600 -7.784 159 179 190
-3.601 -2.600 -7.784 159 179 190
-3.253 -2.600 -7.784 159 179 190
-2.906 -2.600 -7.784 159 179 190
-2.558 -2.600 -7.784 159 179 190
-2.210 -2.600 -7.784 159 179 190
-1.863 -2.600 -7.784 159 179 190
-1.515 -2.600 -7.784 159 179 190
-1.167 -2.600 -7.784 159 179 190
-0.820 -2.600 -7.784 159 179 190
-0.472 -2.600 -7.784 159 179 190
-0.124 -2.600 -7.784 159 179 190
0.224 -2.600 -7.784 159 179 190
0.571 -2.600 -7.784 159 179 190
0.919 -2.600 -7.784 159 179 190
1.267 -2.600 -7.784 159 179 190
1.614 -2.600 -7.784 159 179 190
1.962 -2.600 -7.784 159 179 190
2.310 -2.600 -7.784 159 179 190
2.657 -2.600 -7.784 159 179 190
3.005 -2.600 -7.784 159 179 190
3.353 -2.600 -7.784 159 179 190
3.700 -2.600 -7.784 159 179 190
4.048 -2.600 -7.784 159 179 190
4.396 -2.600 -7.784 159 179 190
4.743 -2.600 -7.784 159 179 190
5.091 -2.600 -7.784 159 179 190
5.439 -2.600 -7.784 159 179 190
5.786 -2.600 -7.784 159 179 190
6.134 -2.600 -7.784 159 179 190
6.482 -2.600 -7.784 159 179 190
6.829 -2.600 -7.784 159 179 190
7.177 -2.600 -7.784 159 179 190
7.525 -2.600 -7.784 159 179 190
7.872 -2.600 -7.784 159 179 190
8.220 -2.600 -7.784 159 179 190
8.568 -2.600 -7.784 159 179 190
8.915 -2.600 -7.784 167 177 179
9.263 -2.600 -7.784 178 159 142
9.611 -2.600 -7.784 46 62 78
8.185 0.000 -1.768 44 62 84
8.471 0.000 -1.768 177 160 144
8.756 0.000 -1.768 176 160 144
9.042 0.000 -1.768 176 160 144
9.328 0.000 -1.768 176 160 144
9.614 0.000 -1.768 176 160 144
9.899 0.000 -1.768 174 161 144
10.185 0.000 -1.768 177 160 142
10.471 0.000 -1.768 48 61 80
10.757 0.000 -1.768 167 162 158
11.042 0.000 -1.768 176 160 144
11.328 0.000 -1.768 176 160 144
11.614 0.000 -1.768 176 160 144
11.900 0.000 -1.768 176 160 144
12.186 -0.000 -1.768 176 160 144
12.471 0.000 -1.768 176 160 145
12.757 0.000 -1.768 51 61 71
13.043 0.000 -1.768 42 63 82
13.329 -0.000 -1.768 176 161 142
13.614 -0.000 -1.768 176 160 145
13.900 -0.000 -1.768 176 160 144
14.186 -0.000 -1.768 176 160 144
14.472 0.000 -1.768 176 160 144
14.757 0.000 -1.768 176 160 144
15.043 0.000 -1.768 180 159 142
15.329 0.000 -1.768 45 62 80
15.615 0.000 -1.768 56 60 63
15.900 0.000 -1.768 176 160 144
16.186 0.000 -1.768 176 160 144
16.472 0.000 -1.768 176 160 144
16.758 -0.000 -1.768 176 160 144
17.043 0.000 -1.768 176 160 144
17.329 0.000 -1.768 176 160 144
17.615 0.000 -1.768 169 162 152
17.901 0.000 -1.768 42 63 80
18.186 0.000 -1.768 176 161 142
18.472 0.000 -1.768 176 160 144
18.758 0.000 -1.768 176 160 144
19.044 0.000 -1.768 176 160 144
19.329 0.000 -1.768 176 160 144
19.615 0.000 -1.768 173 161 147
19.901 0.000 -1.768 178 160 138
20.187 0.000 -1.768 46 61 80
20.472 0.000 -1.768 49 61 75
20.758 0.000 -1.768 174 161 145
21.044 0.000 -1.768 176 160 144
21.330 0.000 -1.768 176 160 144
21.616 0.000 -1.768 174 161 145
21.901 0.000 -1.768 177 160 140
22.187 0.000 -1.768 159 177 187
22.473 0.000 -1.768 159 179 190
22.759 0.000 -1.768 159 179 190
23.044 0.000 -1.768 159 179 190
23.330 0.000 -1.768 159 179 190
23.616 0.000 -1.768 159 179 190
23.902 0.000 -1.768 159 179 190
24.187 0.000 -1.768 159 179 190
24.473 0.000 -1.768 159 179 190
24.759 0.000 -1.768 159 179 190
25.045 0.000 -1.768 159 179 190
25.330 0.000 -1.768 159 179 190
25.616 0.000 -1.768 159 179 190
25.902 0.000 -1.768 159 179 190
-25.571 0.000 -1.065 168 177 176
-25.291 0.000 -1.065 168 177 176
-25.011 0.000 -1.065 168 177 176
-24.731 0.000 -1.065 168 177 176
-24.451 0.000 -1.065 168 177 176
-24.171 0.000 -1.065 168 177 176
-23.891 -0.000 -1.065 168 177 176
-23.611 0.000 -1.065 168 177 176
-23.331 0.000 -1.065 168 177 176
-23.052 0.000 -1.065 168 177 176
-22.772 0.000 -1.065 168 177 176
-22.492 0.000 -1.065 168 177 176
-22.212 0.000 -1.065 168 177 176
-21.932 0.000 -1.065 168 177 176
-21.652 0.000 -1.065 168 177 176
-21.372 -0.000 -1.065 168 177 176
-21.092 0.000 -1.065 168 177 176
-20.812 0.000 -1.065 168 177 176
-20.532 0.000 -1.065 168 177 176
-20.253 0.000 -1.065 168 177 176
-19.973 0.000 -1.065 168 177 176
-19.693 0.000 -1.065 168 177 176
-19.413 0.000 -1.065 168 177 176
-19.133 -0.000 -1.065 168 177 176
-18.853 0.000 -1.065 168 177 176
-18.573 0.000 -1.065 168 177 176
-18.293 0.000 -1.065 168 177 176
-18.013 0.000 -1.065 168 177 176
-17.733 0.000 -1.065 168 177 176
-17.454 0.000 -1.065 168 177 176
-17.174 0.000 -1.065 168 177 176
-16.894 0.000 -1.065 168 177 176
-16.614 0.000 -1.065 168 177 176
-16.334 0.000 -1.065 168 177 176
-16.054 0.000 -1.065 168 177 176
-15.774 0.000 -1.065 168 177 176
-15.494 -0.000 -1.065 168 177 176
-15.214 0.000 -1.065 168 177 176
-14.935 0.000 -1.065 168 177 176
-14.655 0.000 -1.065 168 177 176
-14.375 0.000 -1.065 168 177 176
-14.095 0.000 -1.065 168 177 176
-16.808 -2.600 -6.929 168 177 176
-16.468 -2.600 -6.929 168 177 176
-16.127 -2.600 -6.929 168 177 176
-15.787 -2.600 -6.929 168 177 176
-15.446 -2.600 -6.929 168 177 176
-15.105 -2.600 -6.929 168 177 176
-14.765 -2.600 -6.929 168 177 176
-14.424 -2.600 -6.929 168 177 176
-14.084 -2.600 -6.929 168 177 176
-13.743 -2.600 -6.929 168 177 176
-13.403 -2.600 -6.929 168 177 176
-13.062 -2.600 -6.929 168 177 176
-12.722 -2.600 -6.929 168 177 176
-12.381 -2.600 -6.929 168 177 176
-12.041 -2.600 -6.929 168 177 176
-11.700 -2.600 -6.929 168 177 176
-11.359 -2.600 -6.929 168 177 176
-11.019 -2.600 -6.929 168 177 176
-10.678 -2.600 -6.929 168 177 176
-10.338 -2.600 -6.929 168 177 176
-9.997 -2.600 -6.929 168 177 176
-9.657 -2.600 -6.929 168 177 176
-9.316 -2.600 -6.929 168 177 176
-8.976 -2.600 -6.929 168 177 176
-8.635 -2.600 -6.929 168 177 176
-8.295 -2.600 -6.929 168 177 176
-7.954 -2.600 -6.929 168 177 176
-7.614 -2.600 -6.929 168 177 176
-7.273 -2.600 -6.929 168 177 176
-6.932 -2.600 -6.929 168 177 176
-6.592 -2.600 -6.929 168 177 176
-6.251 -2.600 -6.929 168 177 176
-5.911 -2.600 -6.929 168 177 176
-5.570 -2.600 -6.929 168 177 176
-5.230 -2.600 -6.929 168 177 176
-4.889 -2.600 -6.929 168 177 176
-4.549 -2.600 -6.929 168 177 176
-4.208 -2.600 -6.929 168 177 176
-3.868 -2.600 -6.929 168 177 176
-3.527 -2.600 -6.929 168 177 176
-3.186 -2.600 -6.929 168 177 176
-2.846 -2.600 -6.929 168 177 176
-2.505 -2.600 -6.929 168 177 176
-2.165 -2.600 -6.929 168 177 176
-1.824 -2.600 -6.929 168 177 176
-1.484 -2.600 -6.929 168 177 176
-1.143 -2.600 -6.929 168 177 176
-0.803 -2.600 -6.929 168 177 176
-0.462 -2.600 -6.929 168 177 176
-0.122 -2.600 -6.929 168 177 176
0.219 -2.600 -6.929 168 177 176
0.559 -2.600 -6.929 168 177 176
0.900 -2.600 -6.929 168 177 176
1.241 -2.600 -6.929 168 177 176
1.581 -2.600 -6.929 168 177 176
1.922 -2.600 -6.929 168 177 176
2.262 -2.600 -6.929 168 177 176
2.603 -2.600 -6.929 168 177 176
2.943 -2.600 -6.929 168 177 176
3.284 -2.600 -6.929 168 177 176
3.624 -2.600 -6.929 168 177 176
3.965 -2.600 -6.929 168 177 176
4.305 -2.600 -6.929 168 177 176
4.646 -2.600 -6.929 168 177 176
4.986 -2.600 -6.929 168 177 176
5.327 -2.600 -6.929 168 177 176
5.668 -2.600 -6.929 168 177 176
6.008 -2.600 -6.929 168 177 176
6.349 -2.600 -6.929 168 177 176
6.689 -2.600 -6.929 168 177 176
7.030 -2.600 -6.929 168 177 176
7.370 -2.600 -6.929 168 177 176
7.711 -2.600 -6.929 168 177 176
8.051 -2.600 -6.929 168 177 176
8.392 -2.600 -6.929 168 177 176
8.732 -2.600 -6.929 173 173 165
9.073 -2.600 -6.929 176 160 145
9.414 -2.600 -6.929 166 162 159
8.017 0.000 -1.065 169 165 166
8.297 0.000 -1.065 173 161 147
8.577 0.000 -1.065 176 160 144
8.857 0.000 -1.065 176 160 144
9.137 0.000 -1.065 176 160 144
9.417 0.000 -1.065 176 160 144
9.696 0.000 -1.065 178 159 142
9.976 0.000 -1.065 176 159 141
10.256 0.000 -1.065 173 166 156
10.536 0.000 -1.065 173 161 147
10.816 0.000 -1.065 174 161 145
11.096 0.000 -1.065 176 160 144
11.376 0.000 -1.065 176 160 144
11.656 0.000 -1.065 176 160 144
11.936 0.000 -1.065 176 160 144
12.216 0.000 -1.065 177 160 142
12.495 0.000 -1.065 166 163 156
12.775 0.000 -1.065 163 164 159
13.055 0.000 -1.065 180 164 149
13.335 0.000 -1.065 177 160 142
13.615 0.000 -1.065 176 160 144
13.895 0.000 -1.065 176 160 144
14.175 0.000 -1.065 176 160 144
14.455 0.000 -1.065 176 160 144
14.735 0.000 -1.065 180 163 147
15.014 0.000 -1.065 168 161 153
15.294 0.000 -1.065 162 149 141
15.574 0.000 -1.065 176 160 144
15.854 0.000 -1.065 176 160 144
16.134 -0.000 -1.065 176 160 144
16.414 0.000 -1.065 176 160 144
16.694 0.000 -1.065 176 160 144
16.974 0.000 -1.065 176 160 144
17.254 0.000 -1.065 173 161 147
17.534 0.000 -1.065 166 163 156
17.813 0.000 -1.065 172 157 138
18.093 0.000 -1.065 176 160 144
18.373 0.000 -1.065 176 160 144
18.653 0.000 -1.065 176 160 144
18.933 0.000 -1.065 176 160 144
19.213 0.000 -1.065 177 160 142
19.493 0.000 -1.065 174 161 145
19.773 0.000 -1.065 169 166 161
20.053 0.000 -1.065 171 172 167
20.333 0.000 -1.065 174 161 145
20.612 -0.000 -1.065 176 160 144
20.892 0.000 -1.065 176 160 144
21.172 0.000 -1.065 176 161 142
21.452 0.000 -1.065 174 160 147
21.732 0.000 -1.065 171 177 173
22.012 0.000 -1.065 168 177 176
22.292 0.000 -1.065 168 177 176
22.572 0.000 -1.065 168 177 176
22.852 0.000 -1.065 168 177 176
23.131 0.000 -1.065 168 177 176
23.411 0.000 -1.065 168 177 176
23.691 0.000 -1.065 168 177 176
23.971 0.000 -1.065 168 177 176
24.251 0.000 -1.065 168 177 176
24.531 0.000 -1.065 168 177 176
24.811 0.000 -1.065 168 177 176
25.091 0.000 -1.065 168 177 176
25.371 0.000 -1.065 168 177 176
-25.057 0.000 -0.391 92 74 50
-24.782 0.000 -0.391 92 74 50
-24.508 0.000 -0.391 92 74 50
-24.234 0.000 -0.391 92 74 50
-23.960 0.000 -0.391 92 74 50
-23.685 0.000 -0.391 92 74 50
-23.411 0.000 -0.391 92 74 50
-23.137 0.000 -0.391 92 74 50
-22.863 0.000 -0.391 92 74 50
-22.588 0.000 -0.391 92 74 50
-22.314 0.000 -0.391 92 74 50
-22.040 -0.000 -0.391 92 74 50
-21.765 -0.000 -0.391 92 74 50
-21.491 0.000 -0.391 92 74 50
-21.217 0.000 -0.391 92 74 50
-20.943 0.000 -0.391 92 74 50
-20.668 0.000 -0.391 92 74 50
-20.394 -0.000 -0.391 92 74 50
-20.120 0.000 -0.391 92 74 50
-19.846 0.000 -0.391 92 74 50
-19.571 0.000 -0.391 92 74 50
-19.297 0.000 -0.391 92 74 50
-19.023 0.000 -0.391 92 74 50
-18.748 0.000 -0.391 92 74 50
-18.474 -0.000 -0.391 92 74 50
-18.200 0.000 -0.391 92 74 50
-17.926 -0.000 -0.391 92 74 50
-17.651 0.000 -0.391 92 74 50
-17.377 0.000 -0.391 92 74 50
-17.103 0.000 -0.391 92 74 50
-16.829 0.000 -0.391 92 74 50
-16.554 0.000 -0.391 92 74 50
-16.280 0.000 -0.391 92 74 50
-16.006 0.000 -0.391 92 74 50
-15.731 0.000 -0.391 92 74 50
-15.457 0.000 -0.391 92 74 50
-15.183 0.000 -0.391 92 74 50
-14.909 0.000 -0.391 92 74 50
-14.634 0.000 -0.391 92 74 50
-14.360 0.000 -0.391 92 74 50
-14.086 -0.000 -0.391 92 74 50
-16.804 -2.600 -6.108 92 74 50
-16.470 -2.600 -6.108 92 74 50
-16.137 -2.600 -6.108 92 74 50
-15.803 -2.600 -6.108 92 74 50
-15.469 -2.600 -6.108 92 74 50
-15.136 -2.600 -6.108 92 74 50
-14.802 -2.600 -6.108 92 74 50
-14.468 -2.600 -6.108 92 74 50
-14.134 -2.600 -6.108 92 74 50
-13.801 -2.600 -6.108 92 74 50
-13.467 -2.600 -6.108 92 74 50
-13.133 -2.600 -6.108 92 74 50
-12.800 -2.600 -6.108 92 74 50
-12.466 -2.600 -6.108 92 74 50
-12.132 -2.600 -6.108 92 74 50
-11.799 -2.600 -6.108 92 74 50
-11.465 -2.600 -6.108 92 74 50
-11.131 -2.600 -6.108 92 74 50
-10.797 -2.600 -6.108 92 74 50
-10.464 -2.600 -6.108 92 74 50
-10.130 -2.600 -6.108 92 74 50
-9.796 -2.600 -6.108 92 74 50
-9.463 -2.600 -6.108 92 74 50
-9.129 -2.600 -6.108 92 74 50
-8.795 -2.600 -6.108 92 74 50
-8.462 -2.600 -6.108 92 74 50
-8.128 -2.600 -6.108 92 74 50
-7.794 -2.600 -6.108 92 74 50
-7.461 -2.600 -6.108 92 74 50
-7.127 -2.600 -6.108 92 74 50
-6.793 -2.600 -6.108 92 74 50
-6.459 -2.600 -6.108 92 74 50
-6.126 -2.600 -6.108 92 74 50
-5.792 -2.600 -6.108 92 74 50
-5.458 -2.600 -6.108 92 74 50
-5.125 -2.600 -6.108 92 74 50
-4.791 -2.600 -6.108 92 74 50
-4.457 -2.600 -6.108 92 74 50
-4.124 -2.600 -6.108 92 74 50
-3.790 -2.600 -6.108 92 74 50
-3.456 -2.600 -6.108 92 74 50
-3.122 -2.600 -6.108 92 74 50
-2.789 -2.600 -6.108 92 74 50
-2.455 -2.600 -6.108 92 74 50
-2.121 -2.600 -6.108 92 74 50
-1.788 -2.600 -6.108 92 74 50
-1.454 -2.600 -6.108 92 74 50
-1.120 -2.600 -6.108 92 74 50
-0.787 -2.600 -6.108 92 74 50
-0.453 -2.600 -6.108 92 74 50
-0.119 -2.600 -6.108 92 74 50
0.215 -2.600 -6.108 92 74 50
0.548 -2.600 -6.108 92 74 50
0.882 -2.600 -6.108 92 74 50
1.216 -2.600 -6.108 92 74 50
1.549 -2.600 -6.108 92 74 50
1.883 -2.600 -6.108 92 74 50
2.217 -2.600 -6.108 92 74 50
2.550 -2.600 -6.108 92 74 50
2.884 -2.600 -6.108 92 74 50
3.218 -2.600 -6.108 92 74 50
3.551 -2.600 -6.108 92 74 50
3.885 -2.600 -6.108 92 74 50
4.219 -2.600 -6.108 92 74 50
4.553 -2.600 -6.108 92 74 50
4.886 -2.600 -6.108 92 74 50
5.220 -2.600 -6.108 92 74 50
5.554 -2.600 -6.108 92 74 50
5.887 -2.600 -6.108 92 74 50
6.221 -2.600 -6.108 92 74 50
6.555 -2.600 -6.108 92 74 50
6.888 -2.600 -6.108 92 74 50
7.222 -2.600 -6.108 92 74 50
7.556 -2.600 -6.108 92 74 50
7.890 -2.600 -6.108 92 74 50
8.223 -2.600 -6.108 92 74 50
8.557 -2.600 -6.108 90 75 52
8.891 -2.600 -6.108 174 161 144
9.224 -2.600 -6.108 177 162 141
9.558 -2.600 -6.108 171 158 142
8.130 0.000 -0.391 176 154 133
8.404 0.000 -0.391 176 160 144
8.679 0.000 -0.391 176 160 144
8.953 0.000 -0.391 176 160 144
9.227 0.000 -0.391 176 160 144
9.502 0.000 -0.391 173 161 145
9.776 0.000 -0.391 176 164 142
10.050 0.000 -0.391 176 164 150
10.324 0.000 -0.391 176 158 144
10.599 0.000 -0.391 177 160 142
10.873 0.000 -0.391 176 160 144
11.147 0.000 -0.391 176 160 144
11.421 0.000 -0.391 176 160 144
11.696 0.000 -0.391 176 160 144
11.970 0.000 -0.391 176 160 144
12.244 0.000 -0.391 174 162 150
12.519 0.000 -0.391 174 162 148
12.793 0.000 -0.391 175 159 143
13.067 0.000 -0.391 176 160 144
13.341 0.000 -0.391 176 160 144
13.616 0.000 -0.391 176 160 144
13.890 0.000 -0.391 176 160 144
14.164 0.000 -0.391 176 160 144
14.438 0.000 -0.391 181 159 135
14.713 0.000 -0.391 174 163 145
14.987 0.000 -0.391 181 162 145
15.261 0.000 -0.391 176 160 144
15.536 -0.000 -0.391 176 160 144
15.810 0.000 -0.391 176 160 144
16.084 0.000 -0.391 176 160 144
16.358 0.000 -0.391 176 160 144
16.633 0.000 -0.391 176 160 144
16.907 0.000 -0.391 176 161 142
17.181 0.000 -0.391 175 162 146
17.455 0.000 -0.391 178 156 135
17.730 0.000 -0.391 176 160 144
18.004 0.000 -0.391 176 160 144
18.278 0.000 -0.391 176 160 144
18.553 -0.000 -0.391 176 160 144
18.827 0.000 -0.391 176 160 145
19.101 0.000 -0.391 174 161 145
19.375 0.000 -0.391 168 161 155
19.650 0.000 -0.391 180 164 151
19.924 -0.000 -0.391 177 160 140
20.198 -0.000 -0.391 176 160 144
20.472 0.000 -0.391 176 160 144
20.747 -0.000 -0.391 176 161 142
21.021 0.000 -0.391 174 161 145
21.295 0.000 -0.391 94 74 50
21.570 0.000 -0.391 92 74 50
21.844 0.000 -0.391 92 74 50
22.118 0.000 -0.391 92 74 50
22.392 0.000 -0.391 92 74 50
22.667 0.000 -0.391 92 74 50
22.941 0.000 -0.391 92 74 50
23.215 0.000 -0.391 92 74 50
23.489 0.000 -0.391 92 74 50
23.764 -0.000 -0.391 92 74 50
24.038 0.000 -0.391 92 74 50
24.312 0.000 -0.391 92 74 50
24.587 0.000 -0.391 92 74 50
24.861 -0.000 -0.391 92 74 50
-24.563 0.000 0.257 92 74 50
-24.294 0.000 0.257 92 74 50
-24.025 0.000 0.257 92 74 50
-23.756 0.000 0.257 92 74 50
-23.488 0.000 0.257 92 74 50
-23.219 0.000 0.257 92 74 50
-22.950 0.000 0.257 92 74 50
-22.681 0.000 0.257 92 74 50
-22.412 0.000 0.257 92 74 50
-22.143 0.000 0.257 92 74 50
-21.874 0.000 0.257 92 74 50
-21.605 0.000 0.257 92 74 50
-21.337 0.000 0.257 92 74 50
-21.068 0.000 0.257 92 74 50
-20.799 0.000 0.257 92 74 50
-20.530 0.000 0.257 92 74 50
-20.261 0.000 0.257 92 74 50
-19.992 0.000 0.257 92 74 50
-19.723 0.000 0.257 92 74 50
-19.455 0.000 0.257 92 74 50
-19.186 -0.000 0.257 92 74 50
-18.917 0.000 0.257 92 74 50
-18.648 -0.000 0.257 92 74 50
-18.379 0.000 0.257 92 74 50
-18.110 0.000 0.257 92 74 50
-17.841 0.000 0.257 92 74 50
-17.572 0.000 0.257 92 74 50
-17.304 0.000 0.257 92 74 50
-17.035 0.000 0.257 92 74 50
-16.766 0.000 0.257 92 74 50
-16.497 0.000 0.257 92 74 50
-16.228 0.000 0.257 92 74 50
-15.959 0.000 0.257 92 74 50
-15.690 0.000 0.257 92 74 50
-15.422 0.000 0.257 92 74 50
-15.153 0.000 0.257 92 74 50
-14.884 -0.000 0.257 92 74 50
-14.615 0.000 0.257 92 74 50
-14.346 0.000 0.257 92 74 50
-14.077 0.000 0.257 92 74 50
-16.800 -2.600 -5.320 92 74 50
-16.473 -2.600 -5.320 92 74 50
-16.146 -2.600 -5.320 92 74 50
-15.819 -2.600 -5.320 92 74 50
-15.492 -2.600 -5.320 92 74 50
-15.164 -2.600 -5.320 92 74 50
-14.837 -2.600 -5.320 92 74 50
-14.510 -2.600 -5.320 92 74 50
-14.183 -2.600 -5.320 92 74 50
-13.856 -2.600 -5.320 92 74 50
-13.529 -2.600 -5.320 92 74 50
-13.202 -2.600 -5.320 92 74 50
-12.875 -2.600 -5.320 92 74 50
-12.548 -2.600 -5.320 92 74 50
-12.220 -2.600 -5.320 92 74 50
-11.893 -2.600 -5.320 92 74 50
-11.566 -2.600 -5.320 92 74 50
-11.239 -2.600 -5.320 92 74 50
-10.912 -2.600 -5.320 92 74 50
-10.585 -2.600 -5.320 92 74 50
-10.258 -2.600 -5.320 92 74 50
-9.931 -2.600 -5.320 92 74 50
-9.603 -2.600 -5.320 92 74 50
-9.276 -2.600 -5.320 92 74 50
-8.949 -2.600 -5.320 92 74 50
-8.622 -2.600 -5.320 92 74 50
-8.295 -2.600 -5.320 92 74 50
-7.968 -2.600 -5.320 92 74 50
-7.641 -2.600 -5.320 92 74 50
-7.314 -2.600 -5.320 92 74 50
-6.986 -2.600 -5.320 92 74 50
-6.659 -2.600 -5.320 92 74 50
-6.332 -2.600 -5.320 92 74 50
-6.005 -2.600 -5.320 92 74 50
-5.678 -2.600 -5.320 92 74 50
-5.351 -2.600 -5.320 92 74 50
-5.024 -2.600 -5.320 92 74 50
-4.697 -2.600 -5.320 92 74 50
-4.369 -2.600 -5.320 92 74 50
-4.042 -2.600 -5.320 92 74 50
-3.715 -2.600 -5.320 92 74 50
-3.388 -2.600 -5.320 92 74 50
-3.061 -2.600 -5.320 92 74 50
-2.734 -2.600 -5.320 92 74 50
-2.407 -2.600 -5.320 92 74 50
-2.080 -2.600 -5.320 92 74 50
-1.752 -2.600 -5.320 92 74 50
-1.425 -2.600 -5.320 92 74 50
-1.098 -2.600 -5.320 92 74 50
-0.771 -2.600 -5.320 92 74 50
-0.444 -2.600 -5.320 92 74 50
-0.117 -2.600 -5.320 92 74 50
0.210 -2.600 -5.320 92 74 50
0.537 -2.600 -5.320 92 74 50
0.865 -2.600 -5.320 92 74 50
1.192 -2.600 -5.320 92 74 50
1.519 -2.600 -5.320 92 74 50
1.846 -2.600 -5.320 92 74 50
2.173 -2.600 -5.320 92 74 50
2.500 -2.600 -5.320 92 74 50
2.827 -2.600 -5.320 92 74 50
3.154 -2.600 -5.320 92 74 50
3.482 -2.600 -5.320 92 74 50
3.809 -2.600 -5.320 92 74 50
4.136 -2.600 -5.320 92 74 50
4.463 -2.600 -5.320 92 74 50
4.790 -2.600 -5.320 92 74 50
5.117 -2.600 -5.320 92 74 50
5.444 -2.600 -5.320 92 74 50
5.771 -2.600 -5.320 92 74 50
6.099 -2.600 -5.320 92 74 50
6.426 -2.600 -5.320 92 74 50
6.753 -2.600 -5.320 92 74 50
7.080 -2.600 -5.320 92 74 50
7.407 -2.600 -5.320 92 74 50
7.734 -2.600 -5.320 92 74 50
8.061 -2.600 -5.320 92 74 50
8.388 -2.600 -5.320 90 75 52
8.715 -2.600 -5.320 174 161 144
9.043 -2.600 -5.320 45 63 73
9.370 -2.600 -5.320 46 62 78
9.697 -2.600 -5.320 177 160 144
8.239 0.000 0.257 176 160 144
8.508 0.000 0.257 176 160 144
8.777 0.000 0.257 176 160 144
9.045 0.000 0.257 176 160 144
9.314 0.000 0.257 173 162 144
9.583 0.000 0.257 176 161 140
9.852 0.000 0.257 46 62 77
10.121 0.000 0.257 164 163 159
10.390 0.000 0.257 173 161 149
10.659 0.000 0.257 176 160 144
10.928 0.000 0.257 176 160 144
11.196 0.000 0.257 176 160 144
11.465 0.000 0.257 176 160 144
11.734 0.000 0.257 173 161 145
12.003 0.000 0.257 52 61 70
12.272 0.000 0.257 48 61 78
12.541 0.000 0.257 178 160 140
12.810 0.000 0.257 176 160 144
13.079 0.000 0.257 176 160 144
13.347 0.000 0.257 176 160 144
13.616 0.000 0.257 176 160 144
13.885 0.000 0.257 176 160 144
14.154 0.000 0.257 173 162 144
14.423 0.000 0.257 38 65 86
14.692 0.000 0.257 55 60 66
14.961 -0.000 0.257 176 160 144
15.229 0.000 0.257 176 160 144
15.498 0.000 0.257 176 160 144
15.767 0.000 0.257 176 160 144
16.036 0.000 0.257 176 160 144
16.305 0.000 0.257 176 160 144
16.574 0.000 0.257 169 163 151
16.843 0.000 0.257 41 64 82
17.112 0.000 0.257 173 160 151
17.380 -0.000 0.257 176 160 144
17.649 0.000 0.257 176 160 144
17.918 0.000 0.257 176 160 144
18.187 0.000 0.257 176 160 144
18.456 0.000 0.257 177 160 144
18.725 0.000 0.257 176 160 145
18.994 0.000 0.257 44 62 82
19.262 0.000 0.257 52 60 71
19.531 0.000 0.257 177 160 142
19.800 0.000 0.257 176 160 144
20.069 0.000 0.257 176 160 144
20.338 0.000 0.257 176 161 142
20.607 -0.000 0.257 174 161 145
20.876 -0.000 0.257 94 74 50
21.145 0.000 0.257 92 74 50
21.413 0.000 0.257 92 74 50
21.682 0.000 0.257 92 74 50
21.951 0.000 0.257 92 74 50
22.220 0.000 0.257 92 74 50
22.489 -0.000 0.257 92 74 50
22.758 -0.000 0.257 92 74 50
23.027 0.000 0.257 92 74 50
23.296 0.000 0.257 92 74 50
23.564 0.000 0.257 92 74 50
23.833 0.000 0.257 92 74 50
24.102 -0.000 0.257 92 74 50
24.371 0.000 0.257 92 74 50
-24.088 0.000 0.880 92 74 50
-23.825 0.000 0.880 92 74 50
-23.561 0.000 0.880 92 74 50
-23.297 0.000 0.880 92 74 50
-23.034 0.000 0.880 92 74 50
-22.770 0.000 0.880 92 74 50
-22.506 0.000 0.880 92 74 50
-22.243 0.000 0.880 92 74 50
-21.979 0.000 0.880 92 74 50
-21.715 0.000 0.880 92 74 50
-21.452 0.000 0.880 92 74 50
-21.188 0.000 0.880 92 74 50
-20.924 0.000 0.880 92 74 50
-20.661 0.000 0.880 92 74 50
-20.397 0.000 0.880 92 74 50
-20.133 0.000 0.880 92 74 50
-19.870 -0.000 0.880 92 74 50
-19.606 0.000 0.880 92 74 50
-19.342 0.000 0.880 92 74 50
-19.079 0.000 0.880 92 74 50
-18.815 0.000 0.880 92 74 50
-18.551 0.000 0.880 92 74 50
-18.288 0.000 0.880 92 74 50
-18.024 0.000 0.880 92 74 50
-17.760 0.000 0.880 92 74 50
-17.497 0.000 0.880 92 74 50
-17.233 0.000 0.880 92 74 50
-16.969 0.000 0.880 92 74 50
-16.706 0.000 0.880 92 74 50
-16.442 0.000 0.880 92 74 50
-16.178 0.000 0.880 92 74 50
-15.915 0.000 0.880 92 74 50
-15.651 0.000 0.880 92 74 50
-15.387 0.000 0.880 92 74 50
-15.124 0.000 0.880 92 74 50
-14.860 0.000 0.880 92 74 50
-14.596 0.000 0.880 92 74 50
-14.333 0.000 0.880 92 74 50
-14.069 0.000 0.880 92 74 50
-16.796 -2.600 -4.562 92 74 50
-16.476 -2.600 -4.562 92 74 50
-16.155 -2.600 -4.562 92 74 50
-15.834 -2.600 -4.562 92 74 50
-15.513 -2.600 -4.562 92 74 50
-15.192 -2.600 -4.562 92 74 50
-14.872 -2.600 -4.562 92 74 50
-14.551 -2.600 -4.562 92 74 50
-14.230 -2.600 -4.562 92 74 50
-13.909 -2.600 -4.562 92 74 50
-13.588 -2.600 -4.562 92 74 50
-13.267 -2.600 -4.562 92 74 50
-12.947 -2.600 -4.562 92 74 50
-12.626 -2.600 -4.562 92 74 50
-12.305 -2.600 -4.562 92 74 50
-11.984 -2.600 -4.562 92 74 50
-11.663 -2.600 -4.562 92 74 50
-11.343 -2.600 -4.562 92 74 50
-11.022 -2.600 -4.562 92 74 50
-10.701 -2.600 -4.562 92 74 50
-10.380 -2.600 -4.562 92 74 50
-10.059 -2.600 -4.562 92 74 50
-9.739 -2.600 -4.562 92 74 50
-9.418 -2.600 -4.562 92 74 50
-9.097 -2.600 -4.562 92 74 50
-8.776 -2.600 -4.562 92 74 50
-8.455 -2.600 -4.562 92 74 50
-8.135 -2.600 -4.562 92 74 50
-7.814 -2.600 -4.562 92 74 50
-7.493 -2.600 -4.562 92 74 50
-7.172 -2.600 -4.562 92 74 50
-6.851 -2.600 -4.562 92 74 50
-6.531 -2.600 -4.562 92 74 50
-6.210 -2.600 -4.562 92 74 50
-5.889 -2.600 -4.562 92 74 50
-5.568 -2.600 -4.562 92 74 50
-5.247 -2.600 -4.562 92 74 50
-4.927 -2.600 -4.562 92 74 50
-4.606 -2.600 -4.562 92 74 50
-4.285 -2.600 -4.562 92 74 50
-3.964 -2.600 -4.562 92 74 50
-3.643 -2.600 -4.562 92 74 50
-3.323 -2.600 -4.562 92 74 50
-3.002 -2.600 -4.562 92 74 50
-2.681 -2.600 -4.562 92 74 50
-2.360 -2.600 -4.562 92 74 50
-2.039 -2.600 -4.562 92 74 50
-1.719 -2.600 -4.562 92 74 50
-1.398 -2.600 -4.562 92 74 50
-1.077 -2.600 -4.562 92 74 50
-0.756 -2.600 -4.562 92 74 50
-0.435 -2.600 -4.562 92 74 50
-0.115 -2.600 -4.562 92 74 50
0.206 -2.600 -4.562 92 74 50
0.527 -2.600 -4.562 92 74 50
0.848 -2.600 -4.562 92 74 50
1.169 -2.600 -4.562 92 74 50
1.489 -2.600 -4.562 92 74 50
1.810 -2.600 -4.562 92 74 50
2.131 -2.600 -4.562 92 74 50
2.452 -2.600 -4.562 92 74 50
2.773 -2.600 -4.562 92 74 50
3.093 -2.600 -4.562 92 74 50
3.414 -2.600 -4.562 92 74 50
3.735 -2.600 -4.562 92 74 50
4.056 -2.600 -4.562 92 74 50
4.377 -2.600 -4.562 92 74 50
4.697 -2.600 -4.562 92 74 50
5.018 -2.600 -4.562 92 74 50
5.339 -2.600 -4.562 92 74 50
5.660 -2.600 -4.562 92 74 50
5.981 -2.600 -4.562 92 74 50
6.301 -2.600 -4.562 92 74 50
6.622 -2.600 -4.562 92 74 50
6.943 -2.600 -4.562 92 74 50
7.264 -2.600 -4.562 92 74 50
7.585 -2.600 -4.562 92 74 50
7.906 -2.600 -4.562 92 74 50
8.226 -2.600 -4.562 90 75 52
8.547 -2.600 -4.562 174 161 144
8.868 -2.600 -4.562 52 60 62
9.189 -2.600 -4.562 55 56 60
9.510 -2.600 -4.562 176 159 139
8.080 0.000 0.880 176 160 144
8.343 0.000 0.880 176 160 144
8.607 0.000 0.880 176 160 144
8.871 0.000 0.880 176 160 144
9.134 0.000 0.880 176 160 144
9.398 0.000 0.880 176 163 146
9.662 0.000 0.880 48 56 69
9.925 0.000 0.880 169 161 158
10.189 0.000 0.880 174 161 145
10.453 0.000 0.880 176 160 144
10.716 0.000 0.880 176 160 144
10.980 0.000 0.880 176 160 144
11.244 0.000 0.880 176 160 144
11.507 0.000 0.880 171 163 140
11.771 0.000 0.880 58 58 60
12.035 0.000 0.880 54 58 69
12.298 0.000 0.880 173 156 138
12.562 0.000 0.880 176 160 144
12.826 0.000 0.880 176 160 144
13.090 0.000 0.880 176 160 144
13.353 0.000 0.880 176 160 144
13.617 0.000 0.880 176 160 144
13.881 0.000 0.880 170 158 142
14.144 0.000 0.880 53 61 72
14.408 0.000 0.880 72 69 64
14.672 0.000 0.880 176 160 144
14.935 0.000 0.880 176 160 144
15.199 0.000 0.880 176 160 144
15.463 0.000 0.880 176 160 144
15.726 0.000 0.880 176 160 144
15.990 0.000 0.880 176 160 144
16.254 0.000 0.880 171 161 149
16.517 0.000 0.880 54 59 65
16.781 0.000 0.880 178 165 149
17.045 0.000 0.880 176 160 144
17.308 0.000 0.880 176 160 144
17.572 0.000 0.880 176 160 144
17.836 0.000 0.880 176 160 144
18.099 0.000 0.880 176 161 142
18.363 0.000 0.880 177 160 144
18.627 -0.000 0.880 49 56 66
18.890 0.000 0.880 52 51 59
19.154 0.000 0.880 177 160 142
19.418 -0.000 0.880 176 160 144
19.681 0.000 0.880 176 160 144
19.945 -0.000 0.880 176 161 142
20.209 0.000 0.880 174 161 145
20.472 0.000 0.880 94 74 50
20.736 0.000 0.880 92 74 50
21.000 0.000 0.880 92 74 50
21.263 0.000 0.880 92 74 50
21.527 -0.000 0.880 92 74 50
21.791 0.000 0.880 92 74 50
22.054 0.000 0.880 92 74 50
22.318 0.000 0.880 92 74 50
22.582 0.000 0.880 92 74 50
22.845 0.000 0.880 92 74 50
23.109 0.000 0.880 92 74 50
23.373 0.000 0.880 92 74 50
23.636 0.000 0.880 92 74 50
23.900 0.000 0.880 92 74 50
-23.632 0.000 1.480 92 74 50
-23.373 0.000 1.480 92 74 50
-23.115 -0.000 1.480 92 74 50
-22.856 0.000 1.480 92 74 50
-22.597 0.000 1.480 92 74 50
-22.339 0.000 1.480 92 74 50
-22.080 -0.000 1.480 92 74 50
-21.821 0.000 1.480 92 74 50
-21.562 0.000 1.480 92 74 50
-21.304 0.000 1.480 92 74 50
-21.045 0.000 1.480 92 74 50
-20.786 -0.000 1.480 92 74 50
-20.528 -0.000 1.480 92 74 50
-20.269 -0.000 1.480 92 74 50
-20.010 0.000 1.480 92 74 50
-19.752 0.000 1.480 92 74 50
-19.493 0.000 1.480 92 74 50
-19.234 0.000 1.480 92 74 50
-18.976 0.000 1.480 92 74 50
-18.717 -0.000 1.480 92 74 50
-18.458 0.000 1.480 92 74 50
-18.200 0.000 1.480 92 74 50
-17.941 0.000 1.480 92 74 50
-17.682 0.000 1.480 92 74 50
-17.424 0.000 1.480 92 74 50
-17.165 -0.000 1.480 92 74 50
-16.906 -0.000 1.480 92 74 50
-16.648 0.000 1.480 92 74 50
-16.389 0.000 1.480 92 74 50
-16.130 0.000 1.480 92 74 50
-15.872 0.000 1.480 92 74 50
-15.613 0.000 1.480 92 74 50
-15.354 0.000 1.480 92 74 50
-15.096 0.000 1.480 92 74 50
-14.837 0.000 1.480 92 74 50
-14.578 0.000 1.480 92 74 50
-14.320 0.000 1.480 92 74 50
-14.061 0.000 1.480 92 74 50
-16.793 -2.600 -3.833 92 74 50
-16.478 -2.600 -3.833 92 74 50
-16.163 -2.600 -3.833 92 74 50
-15.849 -2.600 -3.833 92 74 50
-15.534 -2.600 -3.833 92 74 50
-15.219 -2.600 -3.833 92 74 50
-14.904 -2.600 -3.833 92 74 50
-14.590 -2.600 -3.833 92 74 50
-14.275 -2.600 -3.833 92 74 50
-13.960 -2.600 -3.833 92 74 50
-13.645 -2.600 -3.833 92 74 50
-13.331 -2.600 -3.833 92 74 50
-13.016 -2.600 -3.833 92 74 50
-12.701 -2.600 -3.833 92 74 50
-12.387 -2.600 -3.833 92 74 50
-12.072 -2.600 -3.833 92 74 50
-11.757 -2.600 -3.833 92 74 50
-11.442 -2.600 -3.833 92 74 50
-11.128 -2.600 -3.833 92 74 50
-10.813 -2.600 -3.833 92 74 50
-10.498 -2.600 -3.833 92 74 50
-10.184 -2.600 -3.833 92 74 50
-9.869 -2.600 -3.833 92 74 50
-9.554 -2.600 -3.833 92 74 50
-9.239 -2.600 -3.833 92 74 50
-8.925 -2.600 -3.833 92 74 50
-8.610 -2.600 -3.833 92 74 50
-8.295 -2.600 -3.833 92 74 50
-7.980 -2.600 -3.833 92 74 50
-7.666 -2.600 -3.833 92 74 50
-7.351 -2.600 -3.833 92 74 50
-7.036 -2.600 -3.833 92 74 50
-6.722 -2.600 -3.833 92 74 50
-6.407 -2.600 -3.833 92 74 50
-6.092 -2.600 -3.833 92 74 50
-5.777 -2.600 -3.833 92 74 50
-5.463 -2.600 -3.833 92 74 50
-5.148 -2.600 -3.833 92 74 50
-4.833 -2.600 -3.833 92 74 50
-4.519 -2.600 -3.833 92 74 50
-4.204 -2.600 -3.833 92 74 50
-3.889 -2.600 -3.833 92 74 50
-3.574 -2.600 -3.833 92 74 50
-3.260 -2.600 -3.833 92 74 50
-2.945 -2.600 -3.833 92 74 50
-2.630 -2.600 -3.833 92 74 50
-2.315 -2.600 -3.833 92 74 50
-2.001 -2.600 -3.833 92 74 50
-1.686 -2.600 -3.833 92 74 50
-1.371 -2.600 -3.833 92 74 50
-1.057 -2.600 -3.833 92 74 50
-0.742 -2.600 -3.833 92 74 50
-0.427 -2.600 -3.833 92 74 50
-0.112 -2.600 -3.833 92 74 50
0.202 -2.600 -3.833 92 74 50
0.517 -2.600 -3.833 92 74 50
0.832 -2.600 -3.833 92 74 50
1.146 -2.600 -3.833 92 74 50
1.461 -2.600 -3.833 92 74 50
1.776 -2.600 -3.833 92 74 50
2.091 -2.600 -3.833 92 74 50
2.405 -2.600 -3.833 92 74 50
2.720 -2.600 -3.833 92 74 50
3.035 -2.600 -3.833 92 74 50
3.350 -2.600 -3.833 92 74 50
3.664 -2.600 -3.833 92 74 50
3.979 -2.600 -3.833 92 74 50
4.294 -2.600 -3.833 92 74 50
4.608 -2.600 -3.833 92 74 50
4.923 -2.600 -3.833 92 74 50
5.238 -2.600 -3.833 92 74 50
5.553 -2.600 -3.833 92 74 50
5.867 -2.600 -3.833 92 74 50
6.182 -2.600 -3.833 92 74 50
6.497 -2.600 -3.833 92 74 50
6.811 -2.600 -3.833 92 74 50
7.126 -2.600 -3.833 92 74 50
7.441 -2.600 -3.833 92 74 50
7.756 -2.600 -3.833 92 74 50
8.070 -2.600 -3.833 90 75 52
8.385 -2.600 -3.833 174 161 144
8.700 -2.600 -3.833 180 159 142
9.015 -2.600 -3.833 177 160 142
9.329 -2.600 -3.833 176 157 140
9.644 -2.600 -3.833 176 160 144
8.185 0.000 1.480 176 160 144
8.444 0.000 1.480 176 160 144
8.703 0.000 1.480 176 160 144
8.961 0.000 1.480 176 160 144
9.220 0.000 1.480 177 161 146
9.479 0.000 1.480 175 158 142
9.737 0.000 1.480 174 161 144
9.996 0.000 1.480 176 161 140
10.255 0.000 1.480 176 160 144
10.513 0.000 1.480 176 160 144
10.772 0.000 1.480 176 160 144
11.031 0.000 1.480 176 160 144
11.289 0.000 1.480 177 160 140
11.548 0.000 1.480 176 161 140
11.807 0.000 1.480 174 162 140
12.065 0.000 1.480 173 159 146
12.324 0.000 1.480 174 161 144
12.583 0.000 1.480 176 160 144
12.841 0.000 1.480 176 160 144
13.100 0.000 1.480 176 160 144
13.359 0.000 1.480 176 160 144
13.617 0.000 1.480 180 161 146
13.876 0.000 1.480 175 157 137
14.135 0.000 1.480 177 158 141
14.393 0.000 1.480 176 160 144
14.652 0.000 1.480 176 160 144
14.911 0.000 1.480 176 160 144
15.169 0.000 1.480 176 160 144
15.428 0.000 1.480 176 160 144
15.687 0.000 1.480 176 160 144
15.946 0.000 1.480 177 160 144
16.204 0.000 1.480 178 159 142
16.463 0.000 1.480 180 161 144
16.722 0.000 1.480 176 160 144
16.980 0.000 1.480 176 160 144
17.239 0.000 1.480 176 160 144
17.498 0.000 1.480 176 160 144
17.756 0.000 1.480 177 159 145
18.015 0.000 1.480 174 161 142
18.274 0.000 1.480 175 160 141
18.532 0.000 1.480 174 163 141
18.791 0.000 1.480 177 160 144
19.050 -0.000 1.480 176 160 144
19.308 0.000 1.480 176 160 144
19.567 0.000 1.480 176 161 142
19.826 0.000 1.480 174 161 145
20.084 0.000 1.480 94 74 50
20.343 0.000 1.480 92 74 50
20.602 0.000 1.480 92 74 50
20.860 -0.000 1.480 92 74 50
21.119 0.000 1.480 92 74 50
21.378 0.000 1.480 92 74 50
21.636 0.000 1.480 92 74 50
21.895 0.000 1.480 92 74 50
22.154 0.000 1.480 92 74 50
22.412 0.000 1.480 92 74 50
22.671 -0.000 1.480 92 74 50
22.930 0.000 1.480 92 74 50
23.188 0.000 1.480 92 74 50
23.447 0.000 1.480 92 74 50
-23.192 -0.000 2.057 92 74 50
-22.938 0.000 2.057 92 74 50
-22.685 0.000 2.057 92 74 50
-22.431 0.000 2.057 92 74 50
-22.177 0.000 2.057 92 74 50
-21.923 -0.000 2.057 92 74 50
-21.669 0.000 2.057 92 74 50
-21.415 0.000 2.057 92 74 50
-21.161 0.000 2.057 92 74 50
-20.908 0.000 2.057 92 74 50
-20.654 -0.000 2.057 92 74 50
-20.400 0.000 2.057 92 74 50
-20.146 0.000 2.057 92 74 50
-19.892 0.000 2.057 92 74 50
-19.638 0.000 2.057 92 74 50
-19.384 0.000 2.057 92 74 50
-19.130 0.000 2.057 92 74 50
-18.877 0.000 2.057 92 74 50
-18.623 0.000 2.057 92 74 50
-18.369 0.000 2.057 92 74 50
-18.115 0.000 2.057 92 74 50
-17.861 0.000 2.057 92 74 50
-17.607 0.000 2.057 92 74 50
-17.353 0.000 2.057 92 74 50
-17.100 0.000 2.057 92 74 50
-16.846 0.000 2.057 92 74 50
-16.592 0.000 2.057 92 74 50
-16.338 0.000 2.057 92 74 50
-16.084 0.000 2.057 92 74 50
-15.830 0.000 2.057 92 74 50
-15.576 0.000 2.057 92 74 50
-15.323 0.000 2.057 92 74 50
-15.069 0.000 2.057 92 74 50
-14.815 0.000 2.057 92 74 50
-14.561 0.000 2.057 92 74 50
-14.307 0.000 2.057 92 74 50
-14.053 0.000 2.057 92 74 50
-16.789 -2.600 -3.131 92 74 50
-16.480 -2.600 -3.131 92 74 50
-16.171 -2.600 -3.131 92 74 50
-15.863 -2.600 -3.131 92 74 50
-15.554 -2.600 -3.131 92 74 50
-15.245 -2.600 -3.131 92 74 50
-14.936 -2.600 -3.131 92 74 50
-14.627 -2.600 -3.131 92 74 50
-14.318 -2.600 -3.131 92 74 50
-14.009 -2.600 -3.131 92 74 50
-13.701 -2.600 -3.131 92 74 50
-13.392 -2.600 -3.131 92 74 50
-13.083 -2.600 -3.131 92 74 50
-12.774 -2.600 -3.131 92 74 50
-12.465 -2.600 -3.131 92 74 50
-12.156 -2.600 -3.131 92 74 50
-11.847 -2.600 -3.131 92 74 50
-11.538 -2.600 -3.131 92 74 50
-11.230 -2.600 -3.131 92 74 50
-10.921 -2.600 -3.131 92 74 50
-10.612 -2.600 -3.131 92 74 50
-10.303 -2.600 -3.131 92 74 50
-9.994 -2.600 -3.131 92 74 50
-9.685 -2.600 -3.131 92 74 50
-9.376 -2.600 -3.131 92 74 50
-9.067 -2.600 -3.131 92 74 50
-8.759 -2.600 -3.131 92 74 50
-8.450 -2.600 -3.131 92 74 50
-8.141 -2.600 -3.131 92 74 50
-7.832 -2.600 -3.131 92 74 50
-7.523 -2.600 -3.131 92 74 50
-7.214 -2.600 -3.131 92 74 50
-6.905 -2.600 -3.131 92 74 50
-6.597 -2.600 -3.131 92 74 50
-6.288 -2.600 -3.131 92 74 50
-5.979 -2.600 -3.131 92 74 50
-5.670 -2.600 -3.131 92 74 50
-5.361 -2.600 -3.131 92 74 50
-5.052 -2.600 -3.131 92 74 50
-4.743 -2.600 -3.131 92 74 50
-4.434 -2.600 -3.131 92 74 50
-4.126 -2.600 -3.131 92 74 50
-3.817 -2.600 -3.131 92 74 50
-3.508 -2.600 -3.131 92 74 50
-3.199 -2.600 -3.131 92 74 50
-2.890 -2.600 -3.131 92 74 50
-2.581 -2.600 -3.131 92 74 50
-2.272 -2.600 -3.131 92 74 50
-1.964 -2.600 -3.131 92 74 50
-1.655 -2.600 -3.131 92 74 50
-1.346 -2.600 -3.131 92 74 50
-1.037 -2.600 -3.131 92 74 50
-0.728 -2.600 -3.131 92 74 50
-0.419 -2.600 -3.131 92 74 50
-0.110 -2.600 -3.131 92 74 50
0.199 -2.600 -3.131 92 74 50
0.507 -2.600 -3.131 92 74 50
0.816 -2.600 -3.131 92 74 50
1.125 -2.600 -3.131 92 74 50
1.434 -2.600 -3.131 92 74 50
1.743 -2.600 -3.131 92 74 50
2.052 -2.600 -3.131 92 74 50
2.361 -2.600 -3.131 92 74 50
2.670 -2.600 -3.131 92 74 50
2.978 -2.600 -3.131 92 74 50
3.287 -2.600 -3.131 92 74 50
3.596 -2.600 -3.131 92 74 50
3.905 -2.600 -3.131 92 74 50
4.214 -2.600 -3.131 92 74 50
4.523 -2.600 -3.131 92 74 50
4.832 -2.600 -3.131 92 74 50
5.140 -2.600 -3.131 92 74 50
5.449 -2.600 -3.131 92 74 50
5.758 -2.600 -3.131 92 74 50
6.067 -2.600 -3.131 92 74 50
6.376 -2.600 -3.131 92 74 50
6.685 -2.600 -3.131 92 74 50
6.994 -2.600 -3.131 92 74 50
7.303 -2.600 -3.131 92 74 50
7.611 -2.600 -3.131 92 74 50
7.920 -2.600 -3.131 90 75 52
8.229 -2.600 -3.131 174 161 144
8.538 -2.600 -3.131 48 62 75
8.847 -2.600 -3.131 48 61 77
9.156 -2.600 -3.131 177 161 138
9.465 -2.600 -3.131 176 160 144
8.033 0.000 2.057 176 160 144
8.287 0.000 2.057 176 160 144
8.541 0.000 2.057 176 160 144
8.795 0.000 2.057 174 160 147
9.048 0.000 2.057 177 160 140
9.302 0.000 2.057 44 63 80
9.556 0.000 2.057 164 163 159
9.810 0.000 2.057 174 160 149
10.064 0.000 2.057 176 160 144
10.318 0.000 2.057 176 160 144
10.572 0.000 2.057 176 160 144
10.825 0.000 2.057 176 160 144
11.079 0.000 2.057 176 160 144
11.333 0.000 2.057 53 59 71
11.587 0.000 2.057 48 61 80
11.841 0.000 2.057 178 160 140
12.095 0.000 2.057 176 160 144
12.349 0.000 2.057 176 160 144
12.603 0.000 2.057 176 160 144
12.856 0.000 2.057 176 160 144
13.110 0.000 2.057 176 160 144
13.364 0.000 2.057 174 161 145
13.618 0.000 2.057 38 65 84
13.872 0.000 2.057 58 59 64
14.126 0.000 2.057 176 160 144
14.380 0.000 2.057 176 160 144
14.633 0.000 2.057 176 160 144
14.887 0.000 2.057 176 160 144
15.141 0.000 2.057 176 160 144
15.395 0.000 2.057 176 160 144
15.649 0.000 2.057 170 161 152
15.903 0.000 2.057 44 62 82
16.157 0.000 2.057 173 161 145
16.411 0.000 2.057 176 160 144
16.664 0.000 2.057 176 160 144
16.918 0.000 2.057 176 160 144
17.172 0.000 2.057 176 160 144
17.426 0.000 2.057 177 160 144
17.680 -0.000 2.057 178 160 140
17.934 0.000 2.057 42 63 82
18.188 0.000 2.057 51 61 71
18.441 0.000 2.057 177 160 140
18.695 0.000 2.057 176 160 144
18.949 0.000 2.057 176 160 144
19.203 0.000 2.057 176 161 142
19.457 -0.000 2.057 174 161 145
19.711 0.000 2.057 94 74 50
19.965 0.000 2.057 92 74 50
20.218 -0.000 2.057 92 74 50
20.472 0.000 2.057 92 74 50
20.726 0.000 2.057 92 74 50
20.980 0.000 2.057 92 74 50
21.234 0.000 2.057 92 74 50
21.488 0.000 2.057 92 74 50
21.742 0.000 2.057 92 74 50
21.996 0.000 2.057 92 74 50
22.249 0.000 2.057 92 74 50
22.503 -0.000 2.057 92 74 50
22.757 0.000 2.057 92 74 50
23.011 0.000 2.057 92 74 50
-22.769 0.000 2.613 92 74 50
-22.520 0.000 2.613 92 74 50
-22.270 0.000 2.613 92 74 50
-22.021 0.000 2.613 92 74 50
-21.772 -0.000 2.613 92 74 50
-21.523 -0.000 2.613 92 74 50
-21.273 0.000 2.613 92 74 50
-21.024 0.000 2.613 92 74 50
-20.775 0.000 2.613 92 74 50
-20.526 -0.000 2.613 92 74 50
-20.276 0.000 2.613 92 74 50
-20.027 0.000 2.613 92 74 50
-19.778 0.000 2.613 92 74 50
-19.529 0.000 2.613 92 74 50
-19.280 0.000 2.613 92 74 50
-19.030 0.000 2.613 92 74 50
-18.781 0.000 2.613 92 74 50
-18.532 -0.000 2.613 92 74 50
-18.283 0.000 2.613 92 74 50
-18.033 0.000 2.613 92 74 50
-17.784 0.000 2.613 92 74 50
-17.535 0.000 2.613 92 74 50
-17.286 0.000 2.613 92 74 50
-17.037 0.000 2.613 92 74 50
-16.787 0.000 2.613 92 74 50
-16.538 0.000 2.613 92 74 50
-16.289 0.000 2.613 92 74 50
-16.040 0.000 2.613 92 74 50
-15.790 0.000 2.613 92 74 50
-15.541 0.000 2.613 92 74 50
-15.292 0.000 2.613 92 74 50
-15.043 0.000 2.613 92 74 50
-14.793 0.000 2.613 92 74 50
-14.544 0.000 2.613 92 74 50
-14.295 0.000 2.613 92 74 50
-14.046 0.000 2.613 92 74 50
-16.786 -2.600 -2.455 92 74 50
-16.483 -2.600 -2.455 92 74 50
-16.179 -2.600 -2.455 92 74 50
-15.876 -2.600 -2.455 92 74 50
-15.573 -2.600 -2.455 92 74 50
-15.270 -2.600 -2.455 92 74 50
-14.966 -2.600 -2.455 92 74 50
-14.663 -2.600 -2.455 92 74 50
-14.360 -2.600 -2.455 92 74 50
-14.057 -2.600 -2.455 92 74 50
-13.754 -2.600 -2.455 92 74 50
-13.450 -2.600 -2.455 92 74 50
-13.147 -2.600 -2.455 92 74 50
-12.844 -2.600 -2.455 92 74 50
-12.541 -2.600 -2.455 92 74 50
-12.237 -2.600 -2.455 92 74 50
-11.934 -2.600 -2.455 92 74 50
-11.631 -2.600 -2.455 92 74 50
-11.328 -2.600 -2.455 92 74 50
-11.024 -2.600 -2.455 92 74 50
-10.721 -2.600 -2.455 92 74 50
-10.418 -2.600 -2.455 92 74 50
-10.115 -2.600 -2.455 92 74 50
-9.812 -2.600 -2.455 92 74 50
-9.508 -2.600 -2.455 92 74 50
-9.205 -2.600 -2.455 92 74 50
-8.902 -2.600 -2.455 92 74 50
-8.599 -2.600 -2.455 92 74 50
-8.295 -2.600 -2.455 92 74 50
-7.992 -2.600 -2.455 92 74 50
-7.689 -2.600 -2.455 92 74 50
-7.386 -2.600 -2.455 92 74 50
-7.083 -2.600 -2.455 92 74 50
-6.779 -2.600 -2.455 92 74 50
-6.476 -2.600 -2.455 92 74 50
-6.173 -2.600 -2.455 92 74 50
-5.870 -2.600 -2.455 92 74 50
-5.566 -2.600 -2.455 92 74 50
-5.263 -2.600 -2.455 92 74 50
-4.960 -2.600 -2.455 92 74 50
-4.657 -2.600 -2.455 92 74 50
-4.353 -2.600 -2.455 92 74 50
-4.050 -2.600 -2.455 92 74 50
-3.747 -2.600 -2.455 92 74 50
-3.444 -2.600 -2.455 92 74 50
-3.141 -2.600 -2.455 92 74 50
-2.837 -2.600 -2.455 92 74 50
-2.534 -2.600 -2.455 92 74 50
-2.231 -2.600 -2.455 92 74 50
-1.928 -2.600 -2.455 92 74 50
-1.624 -2.600 -2.455 92 74 50
-1.321 -2.600 -2.455 92 74 50
-1.018 -2.600 -2.455 92 74 50
-0.715 -2.600 -2.455 92 74 50
-0.412 -2.600 -2.455 92 74 50
-0.108 -2.600 -2.455 92 74 50
0.195 -2.600 -2.455 92 74 50
0.498 -2.600 -2.455 92 74 50
0.801 -2.600 -2.455 92 74 50
1.105 -2.600 -2.455 92 74 50
1.408 -2.600 -2.455 92 74 50
1.711 -2.600 -2.455 92 74 50
2.014 -2.600 -2.455 92 74 50
2.318 -2.600 -2.455 92 74 50
2.621 -2.600 -2.455 92 74 50
2.924 -2.600 -2.455 92 74 50
3.227 -2.600 -2.455 92 74 50
3.530 -2.600 -2.455 92 74 50
3.834 -2.600 -2.455 92 74 50
4.137 -2.600 -2.455 92 74 50
4.440 -2.600 -2.455 92 74 50
4.743 -2.600 -2.455 92 74 50
5.047 -2.600 -2.455 92 74 50
5.350 -2.600 -2.455 92 74 50
5.653 -2.600 -2.455 92 74 50
5.956 -2.600 -2.455 92 74 50
6.259 -2.600 -2.455 92 74 50
6.563 -2.600 -2.455 92 74 50
6.866 -2.600 -2.455 92 74 50
7.169 -2.600 -2.455 92 74 50
7.472 -2.600 -2.455 92 74 50
7.776 -2.600 -2.455 90 75 52
8.079 -2.600 -2.455 174 161 144
8.382 -2.600 -2.455 51 61 71
8.685 -2.600 -2.455 55 60 66
8.989 -2.600 -2.455 177 160 144
9.292 -2.600 -2.455 176 160 144
9.595 -2.600 -2.455 176 160 144
8.136 0.000 2.613 176 160 144
8.385 0.000 2.613 176 160 144
8.634 0.000 2.613 173 161 145
8.883 0.000 2.613 173 161 147
9.132 0.000 2.613 51 61 73
9.382 0.000 2.613 167 162 158
9.631 0.000 2.613 176 160 144
9.880 0.000 2.613 176 160 144
10.129 0.000 2.613 176 160 144
10.379 0.000 2.613 176 160 144
10.628 0.000 2.613 176 160 144
10.877 0.000 2.613 176 161 142
11.126 0.000 2.613 55 60 64
11.375 0.000 2.613 52 60 71
11.625 0.000 2.613 174 161 144
11.874 0.000 2.613 176 160 144
12.123 0.000 2.613 176 160 144
12.372 0.000 2.613 176 160 144
12.622 0.000 2.613 176 160 144
12.871 0.000 2.613 176 160 144
13.120 0.000 2.613 174 161 144
13.369 0.000 2.613 49 61 75
13.619 0.000 2.613 58 60 59
13.868 0.000 2.613 176 160 144
14.117 0.000 2.613 176 160 144
14.366 0.000 2.613 176 160 144
14.615 0.000 2.613 176 160 144
14.865 0.000 2.613 176 160 144
15.114 0.000 2.613 176 160 144
15.363 0.000 2.613 170 162 151
15.612 0.000 2.613 51 61 71
15.862 0.000 2.613 174 160 147
16.111 0.000 2.613 176 160 144
16.360 0.000 2.613 176 160 144
16.609 0.000 2.613 176 160 144
16.858 0.000 2.613 176 160 144
17.108 0.000 2.613 177 160 142
17.357 0.000 2.613 173 161 145
17.606 0.000 2.613 52 61 70
17.855 0.000 2.613 56 59 64
18.105 0.000 2.613 177 160 142
18.354 0.000 2.613 176 160 144
18.603 -0.000 2.613 176 160 144
18.852 -0.000 2.613 176 161 142
19.102 0.000 2.613 174 161 145
19.351 0.000 2.613 94 74 50
19.600 0.000 2.613 92 74 50
19.849 0.000 2.613 92 74 50
20.098 0.000 2.613 92 74 50
20.348 0.000 2.613 92 74 50
20.597 0.000 2.613 92 74 50
20.846 0.000 2.613 92 74 50
21.095 0.000 2.613 92 74 50
21.345 0.000 2.613 92 74 50
21.594 0.000 2.613 92 74 50
21.843 0.000 2.613 92 74 50
22.092 0.000 2.613 92 74 50
22.342 -0.000 2.613 92 74 50
22.591 0.000 2.613 92 74 50
-22.360 0.000 3.149 92 74 50
-22.116 0.000 3.149 92 74 50
-21.871 -0.000 3.149 92 74 50
-21.626 0.000 3.149 92 74 50
-21.381 0.000 3.149 92 74 50
-21.137 0.000 3.149 92 74 50
-20.892 0.000 3.149 92 74 50
-20.647 0.000 3.149 92 74 50
-20.402 0.000 3.149 92 74 50
-20.158 0.000 3.149 92 74 50
-19.913 0.000 3.149 92 74 50
-19.668 0.000 3.149 92 74 50
-19.423 0.000 3.149 92 74 50
-19.179 0.000 3.149 92 74 50
-18.934 0.000 3.149 92 74 50
-18.689 0.000 3.149 92 74 50
-18.444 0.000 3.149 92 74 50
-18.200 0.000 3.149 92 74 50
-17.955 0.000 3.149 92 74 50
-17.710 0.000 3.149 92 74 50
-17.465 0.000 3.149 92 74 50
-17.220 0.000 3.149 92 74 50
-16.976 0.000 3.149 92 74 50
-16.731 0.000 3.149 92 74 50
-16.486 0.000 3.149 92 74 50
-16.241 0.000 3.149 92 74 50
-15.997 0.000 3.149 92 74 50
-15.752 0.000 3.149 92 74 50
-15.507 0.000 3.149 92 74 50
-15.262 0.000 3.149 92 74 50
-15.018 0.000 3.149 92 74 50
-14.773 0.000 3.149 92 74 50
-14.528 0.000 3.149 92 74 50
-14.283 0.000 3.149 92 74 50
-14.039 0.000 3.149 92 74 50
-16.783 -2.600 -1.802 92 74 50
-16.485 -2.600 -1.802 92 74 50
-16.187 -2.600 -1.802 92 74 50
-15.889 -2.600 -1.802 92 74 50
-15.591 -2.600 -1.802 92 74 50
-15.294 -2.600 -1.802 92 74 50
-14.996 -2.600 -1.802 92 74 50
-14.698 -2.600 -1.802 92 74 50
-14.400 -2.600 -1.802 92 74 50
-14.102 -2.600 -1.802 92 74 50
-13.805 -2.600 -1.802 92 74 50
-13.507 -2.600 -1.802 92 74 50
-13.209 -2.600 -1.802 92 74 50
-12.911 -2.600 -1.802 92 74 50
-12.613 -2.600 -1.802 92 74 50
-12.316 -2.600 -1.802 92 74 50
-12.018 -2.600 -1.802 92 74 50
-11.720 -2.600 -1.802 92 74 50
-11.422 -2.600 -1.802 92 74 50
-11.125 -2.600 -1.802 92 74 50
-10.827 -2.600 -1.802 92 74 50
-10.529 -2.600 -1.802 92 74 50
-10.231 -2.600 -1.802 92 74 50
-9.933 -2.600 -1.802 92 74 50
-9.636 -2.600 -1.802 92 74 50
-9.338 -2.600 -1.802 92 74 50
-9.040 -2.600 -1.802 92 74 50
-8.742 -2.600 -1.802 92 74 50
-8.444 -2.600 -1.802 92 74 50
-8.147 -2.600 -1.802 92 74 50
-7.849 -2.600 -1.802 92 74 50
-7.551 -2.600 -1.802 92 74 50
-7.253 -2.600 -1.802 92 74 50
-6.956 -2.600 -1.802 92 74 50
-6.658 -2.600 -1.802 92 74 50
-6.360 -2.600 -1.802 92 74 50
-6.062 -2.600 -1.802 92 74 50
-5.764 -2.600 -1.802 92 74 50
-5.467 -2.600 -1.802 92 74 50
-5.169 -2.600 -1.802 92 74 50
-4.871 -2.600 -1.802 92 74 50
-4.573 -2.600 -1.802 92 74 50
-4.275 -2.600 -1.802 92 74 50
-3.978 -2.600 -1.802 92 74 50
-3.680 -2.600 -1.802 92 74 50
-3.382 -2.600 -1.802 92 74 50
-3.084 -2.600 -1.802 92 74 50
-2.786 -2.600 -1.802 92 74 50
-2.489 -2.600 -1.802 92 74 50
-2.191 -2.600 -1.802 92 74 50
-1.893 -2.600 -1.802 92 74 50
-1.595 -2.600 -1.802 92 74 50
-1.298 -2.600 -1.802 92 74 50
-1.000 -2.600 -1.802 92 74 50
-0.702 -2.600 -1.802 92 74 50
-0.404 -2.600 -1.802 92 74 50
-0.106 -2.600 -1.802 92 74 50
0.191 -2.600 -1.802 92 74 50
0.489 -2.600 -1.802 92 74 50
0.787 -2.600 -1.802 92 74 50
1.085 -2.600 -1.802 92 74 50
1.383 -2.600 -1.802 92 74 50
1.680 -2.600 -1.802 92 74 50
1.978 -2.600 -1.802 92 74 50
2.276 -2.600 -1.802 92 74 50
2.574 -2.600 -1.802 92 74 50
2.872 -2.600 -1.802 92 74 50
3.169 -2.600 -1.802 92 74 50
3.467 -2.600 -1.802 92 74 50
3.765 -2.600 -1.802 92 74 50
4.063 -2.600 -1.802 92 74 50
4.360 -2.600 -1.802 92 74 50
4.658 -2.600 -1.802 92 74 50
4.956 -2.600 -1.802 92 74 50
5.254 -2.600 -1.802 92 74 50
5.552 -2.600 -1.802 92 74 50
5.849 -2.600 -1.802 92 74 50
6.147 -2.600 -1.802 92 74 50
6.445 -2.600 -1.802 92 74 50
6.743 -2.600 -1.802 92 74 50
7.041 -2.600 -1.802 92 74 50
7.338 -2.600 -1.802 92 74 50
7.636 -2.600 -1.802 90 75 52
7.934 -2.600 -1.802 174 161 144
8.232 -2.600 -1.802 175 162 145
8.530 -2.600 -1.802 180 163 145
8.827 -2.600 -1.802 180 163 145
9.125 -2.600 -1.802 176 160 144
9.423 -2.600 -1.802 176 160 144
9.721 -2.600 -1.802 176 160 144
8.234 0.000 3.149 176 160 144
8.479 0.000 3.149 173 161 147
8.724 0.000 3.149 171 158 142
8.969 0.000 3.149 181 166 147
9.213 0.000 3.149 170 153 135
9.458 0.000 3.149 177 160 142
9.703 0.000 3.149 176 160 144
9.948 0.000 3.149 176 160 144
10.192 0.000 3.149 176 160 144
10.437 0.000 3.149 176 160 144
10.682 0.000 3.149 177 160 144
10.927 0.000 3.149 174 162 146
11.171 0.000 3.149 177 162 141
11.416 0.000 3.149 179 164 145
11.661 0.000 3.149 176 160 144
11.906 0.000 3.149 176 160 144
12.150 0.000 3.149 176 160 144
12.395 0.000 3.149 176 160 144
12.640 0.000 3.149 176 160 144
12.885 0.000 3.149 179 163 148
13.130 0.000 3.149 174 159 136
13.374 0.000 3.149 176 158 144
13.619 0.000 3.149 176 160 144
13.864 0.000 3.149 176 160 144
14.109 0.000 3.149 176 160 144
14.353 0.000 3.149 176 160 144
14.598 0.000 3.149 176 160 144
14.843 0.000 3.149 176 160 144
15.088 0.000 3.149 176 160 144
15.332 0.000 3.149 177 161 145
15.577 0.000 3.149 175 158 140
15.822 0.000 3.149 176 160 144
16.067 0.000 3.149 176 160 144
16.311 0.000 3.149 176 160 144
16.556 0.000 3.149 176 160 144
16.801 0.000 3.149 176 161 142
17.046 0.000 3.149 174 161 145
17.290 0.000 3.149 183 164 147
17.535 0.000 3.149 178 161 141
17.780 0.000 3.149 176 160 144
18.025 0.000 3.149 176 160 144
18.269 0.000 3.149 176 160 144
18.514 0.000 3.149 176 161 142
18.759 0.000 3.149 174 161 145
19.004 0.000 3.149 94 74 50
19.248 0.000 3.149 92 74 50
19.493 0.000 3.149 92 74 50
19.738 0.000 3.149 92 74 50
19.983 0.000 3.149 92 74 50
20.228 0.000 3.149 92 74 50
20.472 -0.000 3.149 92 74 50
20.717 0.000 3.149 92 74 50
20.962 0.000 3.149 92 74 50
21.207 0.000 3.149 92 74 50
21.451 0.000 3.149 92 74 50
21.696 0.000 3.149 92 74 50
21.941 0.000 3.149 92 74 50
22.186 0.000 3.149 92 74 50
-21.966 0.000 3.666 92 74 50
-21.726 0.000 3.666 92 74 50
-21.486 0.000 3.666 92 74 50
-21.245 0.000 3.666 92 74 50
-21.005 0.000 3.666 92 74 50
-20.764 0.000 3.666 92 74 50
-20.524 0.000 3.666 92 74 50
-20.283 -0.000 3.666 92 74 50
-20.043 0.000 3.666 92 74 50
-19.802 0.000 3.666 92 74 50
-19.562 0.000 3.666 92 74 50
-19.322 0.000 3.666 92 74 50
-19.081 0.000 3.666 69 89 54
-18.841 0.000 3.666 67 87 52
-18.600 0.000 3.666 66 88 50
-18.360 0.000 3.666 66 88 50
-18.119 0.000 3.666 66 88 50
-17.879 0.000 3.666 66 88 50
-17.638 0.000 3.666 66 88 50
-17.398 0.000 3.666 66 88 50
-17.158 0.000 3.666 66 88 50
-16.917 0.000 3.666 66 88 50
-16.677 0.000 3.666 66 88 50
-16.436 0.000 3.666 63 84 45
-16.196 0.000 3.666 101 70 50
-15.955 0.000 3.666 98 71 50
-15.715 0.000 3.666 92 74 50
-15.474 0.000 3.666 92 74 50
-15.234 0.000 3.666 92 74 50
-14.994 0.000 3.666 92 74 50
-14.753 0.000 3.666 92 74 50
-14.513 0.000 3.666 92 74 50
-14.272 0.000 3.666 92 74 50
-14.032 0.000 3.666 92 74 50
-16.779 -2.600 -1.173 92 74 50
-16.487 -2.600 -1.173 92 74 50
-16.194 -2.600 -1.173 92 74 50
-15.902 -2.600 -1.173 92 74 50
-15.609 -2.600 -1.173 92 74 50
-15.317 -2.600 -1.173 92 74 50
-15.024 -2.600 -1.173 92 74 50
-14.732 -2.600 -1.173 92 74 50
-14.439 -2.600 -1.173 92 74 50
-14.147 -2.600 -1.173 92 74 50
-13.854 -2.600 -1.173 92 74 50
-13.561 -2.600 -1.173 92 74 50
-13.269 -2.600 -1.173 92 74 50
-12.976 -2.600 -1.173 92 74 50
-12.684 -2.600 -1.173 92 74 50
-12.391 -2.600 -1.173 92 74 50
-12.099 -2.600 -1.173 92 74 50
-11.806 -2.600 -1.173 92 74 50
-11.514 -2.600 -1.173 92 74 50
-11.221 -2.600 -1.173 92 74 50
-10.929 -2.600 -1.173 92 74 50
-10.636 -2.600 -1.173 92 74 50
-10.343 -2.600 -1.173 92 74 50
-10.051 -2.600 -1.173 92 74 50
-9.758 -2.600 -1.173 92 74 50
-9.466 -2.600 -1.173 92 74 50
-9.173 -2.600 -1.173 92 74 50
-8.881 -2.600 -1.173 92 74 50
-8.588 -2.600 -1.173 92 74 50
-8.296 -2.600 -1.173 92 74 50
-8.003 -2.600 -1.173 92 74 50
-7.711 -2.600 -1.173 92 74 50
-7.418 -2.600 -1.173 92 74 50
-7.126 -2.600 -1.173 92 74 50
-6.833 -2.600 -1.173 92 74 50
-6.540 -2.600 -1.173 92 74 50
-6.248 -2.600 -1.173 92 74 50
-5.955 -2.600 -1.173 92 74 50
-5.663 -2.600 -1.173 92 74 50
-5.370 -2.600 -1.173 92 74 50
-5.078 -2.600 -1.173 92 74 50
-4.785 -2.600 -1.173 92 74 50
-4.493 -2.600 -1.173 92 74 50
-4.200 -2.600 -1.173 92 74 50
-3.908 -2.600 -1.173 92 74 50
-3.615 -2.600 -1.173 92 74 50
-3.322 -2.600 -1.173 92 74 50
-3.030 -2.600 -1.173 92 74 50
-2.737 -2.600 -1.173 92 74 50
-2.445 -2.600 -1.173 92 74 50
-2.152 -2.600 -1.173 92 74 50
-1.860 -2.600 -1.173 92 74 50
-1.567 -2.600 -1.173 92 74 50
-1.275 -2.600 -1.173 92 74 50
-0.982 -2.600 -1.173 92 74 50
-0.690 -2.600 -1.173 92 74 50
-0.397 -2.600 -1.173 92 74 50
-0.104 -2.600 -1.173 92 74 50
0.188 -2.600 -1.173 92 74 50
0.481 -2.600 -1.173 92 74 50
0.773 -2.600 -1.173 92 74 50
1.066 -2.600 -1.173 92 74 50
1.358 -2.600 -1.173 92 74 50
1.651 -2.600 -1.173 92 74 50
1.943 -2.600 -1.173 92 74 50
2.236 -2.600 -1.173 92 74 50
2.528 -2.600 -1.173 92 74 50
2.821 -2.600 -1.173 92 74 50
3.113 -2.600 -1.173 92 74 50
3.406 -2.600 -1.173 92 74 50
3.699 -2.600 -1.173 92 74 50
3.991 -2.600 -1.173 92 74 50
4.284 -2.600 -1.173 92 74 50
4.576 -2.600 -1.173 92 74 50
4.869 -2.600 -1.173 92 74 50
5.161 -2.600 -1.173 92 74 50
5.454 -2.600 -1.173 92 74 50
5.746 -2.600 -1.173 92 74 50
6.039 -2.600 -1.173 92 74 50
6.331 -2.600 -1.173 92 74 50
6.624 -2.600 -1.173 92 74 50
6.917 -2.600 -1.173 92 74 50
7.209 -2.600 -1.173 92 74 50
7.502 -2.600 -1.173 85 76 59
7.794 -2.600 -1.173 173 161 147
8.087 -2.600 -1.173 171 161 149
8.379 -2.600 -1.173 171 161 149
8.672 -2.600 -1.173 171 161 149
8.964 -2.600 -1.173 171 161 149
9.257 -2.600 -1.173 171 161 149
9.549 -2.600 -1.173 171 161 149
8.089 0.000 3.666 171 161 149
8.330 0.000 3.666 171 161 149
8.570 0.000 3.666 171 161 149
8.811 0.000 3.666 171 161 149
9.051 0.000 3.666 171 161 149
9.292 0.000 3.666 171 161 149
9.532 0.000 3.666 171 161 149
9.772 0.000 3.666 171 161 149
10.013 0.000 3.666 171 161 149
10.253 0.000 3.666 171 161 149
10.494 0.000 3.666 171 161 149
10.734 0.000 3.666 171 161 149
10.975 0.000 3.666 171 161 149
11.215 0.000 3.666 171 161 149
11.456 0.000 3.666 171 161 149
11.696 0.000 3.666 171 161 149
11.936 0.000 3.666 171 161 149
12.177 0.000 3.666 171 161 149
12.417 0.000 3.666 171 161 149
12.658 0.000 3.666 171 161 149
12.898 0.000 3.666 171 161 149
13.139 0.000 3.666 171 161 149
13.379 0.000 3.666 171 161 149
13.620 0.000 3.666 171 161 149
13.860 0.000 3.666 171 161 149
14.100 0.000 3.666 171 161 149
14.341 0.000 3.666 171 161 149
14.581 0.000 3.666 171 161 149
14.822 0.000 3.666 171 161 149
15.062 0.000 3.666 171 161 149
15.303 0.000 3.666 171 161 149
15.543 0.000 3.666 171 161 149
15.784 0.000 3.666 171 161 149
16.024 0.000 3.666 171 161 149
16.264 0.000 3.666 171 161 149
16.505 0.000 3.666 171 161 149
16.745 0.000 3.666 171 161 149
16.986 0.000 3.666 171 161 149
17.226 0.000 3.666 171 161 149
17.467 0.000 3.666 171 161 149
17.707 0.000 3.666 171 161 149
17.948 0.000 3.666 171 161 149
18.188 0.000 3.666 170 162 151
18.428 0.000 3.666 171 164 154
18.669 0.000 3.666 92 76 53
18.909 0.000 3.666 92 74 50
19.150 0.000 3.666 92 74 50
19.390 0.000 3.666 92 74 50
19.631 0.000 3.666 92 74 50
19.871 0.000 3.666 92 74 50
20.112 0.000 3.666 92 74 50
20.352 -0.000 3.666 92 74 50
20.592 -0.000 3.666 92 74 50
20.833 -0.000 3.666 92 74 50
21.073 0.000 3.666 92 74 50
21.314 0.000 3.666 92 74 50
21.554 0.000 3.666 92 74 50
21.795 0.000 3.666 92 74 50
-21.586 0.000 4.165 92 74 50
-21.350 0.000 4.165 92 74 50
-21.114 0.000 4.165 92 74 50
-20.877 0.000 4.165 92 74 50
-20.641 0.000 4.165 92 74 50
-20.405 0.000 4.165 92 74 50
-20.168 0.000 4.165 92 74 50
-19.932 0.000 4.165 92 74 50
-19.696 0.000 4.165 92 74 50
-19.460 0.000 4.165 92 74 50
-19.223 0.000 4.165 92 74 50
-18.987 0.000 4.165 92 74 50
-18.751 0.000 4.165 39 171 95
-18.514 0.000 4.165 47 173 102
-18.278 0.000 4.165 44 172 97
-18.042 0.000 4.165 44 172 97
-17.806 0.000 4.165 44 172 97
-17.569 0.000 4.165 44 172 97
-17.333 0.000 4.165 44 172 97
-17.097 0.000 4.165 44 172 97
-16.860 0.000 4.165 44 172 97
-16.624 0.000 4.165 44 172 97
-16.388 0.000 4.165 44 172 97
-16.152 0.000 4.165 34 177 97
-15.915 0.000 4.165 38 175 97
-15.679 0.000 4.165 89 71 47
-15.443 0.000 4.165 92 74 50
-15.206 0.000 4.165 92 74 50
-14.970 0.000 4.165 92 74 50
-14.734 0.000 4.165 92 74 50
-14.498 0.000 4.165 92 74 50
-14.261 0.000 4.165 92 74 50
-14.025 0.000 4.165 92 74 50
-16.776 -2.600 -0.566 92 74 50
-16.489 -2.600 -0.566 92 74 50
-16.201 -2.600 -0.566 92 74 50
-15.914 -2.600 -0.566 92 74 50
-15.626 -2.600 -0.566 92 74 50
-15.339 -2.600 -0.566 92 74 50
-15.052 -2.600 -0.566 92 74 50
-14.764 -2.600 -0.566 92 74 50
-14.477 -2.600 -0.566 92 74 50
-14.189 -2.600 -0.566 92 74 50
-13.902 -2.600 -0.566 92 74 50
-13.614 -2.600 -0.566 92 74 50
-13.327 -2.600 -0.566 92 74 50
-13.039 -2.600 -0.566 92 74 50
-12.752 -2.600 -0.566 92 74 50
-12.464 -2.600 -0.566 92 74 50
-12.177 -2.600 -0.566 92 74 50
-11.889 -2.600 -0.566 92 74 50
-11.602 -2.600 -0.566 92 74 50
-11.314 -2.600 -0.566 92 74 50
-11.027 -2.600 -0.566 92 74 50
-10.739 -2.600 -0.566 92 74 50
-10.452 -2.600 -0.566 92 74 50
-10.164 -2.600 -0.566 92 74 50
-9.877 -2.600 -0.566 92 74 50
-9.589 -2.600 -0.566 92 74 50
-9.302 -2.600 -0.566 92 74 50
-9.014 -2.600 -0.566 92 74 50
-8.727 -2.600 -0.566 92 74 50
-8.440 -2.600 -0.566 92 74 50
-8.152 -2.600 -0.566 92 74 50
-7.865 -2.600 -0.566 92 74 50
-7.577 -2.600 -0.566 92 74 50
-7.290 -2.600 -0.566 92 74 50
-7.002 -2.600 -0.566 92 74 50
-6.715 -2.600 -0.566 92 74 50
-6.427 -2.600 -0.566 92 74 50
-6.140 -2.600 -0.566 92 74 50
-5.852 -2.600 -0.566 92 74 50
-5.565 -2.600 -0.566 92 74 50
-5.277 -2.600 -0.566 92 74 50
-4.990 -2.600 -0.566 92 74 50
-4.702 -2.600 -0.566 92 74 50
-4.415 -2.600 -0.566 92 74 50
-4.127 -2.600 -0.566 92 74 50
-3.840 -2.600 -0.566 92 74 50
-3.552 -2.600 -0.566 92 74 50
-3.265 -2.600 -0.566 92 74 50
-2.977 -2.600 -0.566 92 74 50
-2.690 -2.600 -0.566 92 74 50
-2.402 -2.600 -0.566 92 74 50
-2.115 -2.600 -0.566 92 74 50
-1.828 -2.600 -0.566 92 74 50
-1.540 -2.600 -0.566 92 74 50
-1.253 -2.600 -0.566 92 74 50
-0.965 -2.600 -0.566 92 74 50
-0.678 -2.600 -0.566 92 74 50
-0.390 -2.600 -0.566 92 74 50
-0.103 -2.600 -0.566 92 74 50
0.185 -2.600 -0.566 92 74 50
0.472 -2.600 -0.566 92 74 50
0.760 -2.600 -0.566 92 74 50
1.047 -2.600 -0.566 92 74 50
1.335 -2.600 -0.566 92 74 50
1.622 -2.600 -0.566 92 74 50
1.910 -2.600 -0.566 92 74 50
2.197 -2.600 -0.566 92 74 50
2.485 -2.600 -0.566 92 74 50
2.772 -2.600 -0.566 92 74 50
3.060 -2.600 -0.566 92 74 50
3.347 -2.600 -0.566 92 74 50
3.635 -2.600 -0.566 92 74 50
3.922 -2.600 -0.566 92 74 50
4.209 -2.600 -0.566 92 74 50
4.497 -2.600 -0.566 92 74 50
4.784 -2.600 -0.566 92 74 50
5.072 -2.600 -0.566 92 74 50
5.359 -2.600 -0.566 92 74 50
5.647 -2.600 -0.566 92 74 50
5.934 -2.600 -0.566 92 74 50
6.222 -2.600 -0.566 92 74 50
6.509 -2.600 -0.566 92 74 50
6.797 -2.600 -0.566 92 74 50
7.084 -2.600 -0.566 92 74 50
7.372 -2.600 -0.566 93 76 48
7.659 -2.600 -0.566 92 76 51
7.947 -2.600 -0.566 96 75 48
8.234 -2.600 -0.566 96 74 50
8.522 -2.600 -0.566 96 75 48
8.809 -2.600 -0.566 96 74 50
9.097 -2.600 -0.566 96 75 48
9.384 -2.600 -0.566 96 74 50
9.672 -2.600 -0.566 96 75 48
8.186 0.000 4.165 96 74 50
8.422 0.000 4.165 96 75 48
8.658 0.000 4.165 96 74 50
8.894 0.000 4.165 96 75 48
9.131 0.000 4.165 96 74 50
9.367 0.000 4.165 96 75 48
9.603 0.000 4.165 96 74 50
9.839 0.000 4.165 96 75 48
10.076 0.000 4.165 96 74 50
10.312 0.000 4.165 96 75 48
10.548 0.000 4.165 96 74 50
10.785 0.000 4.165 96 75 48
11.021 0.000 4.165 96 74 50
11.257 0.000 4.165 96 75 48
11.493 0.000 4.165 96 74 50
11.730 0.000 4.165 96 75 48
11.966 0.000 4.165 96 74 50
12.202 0.000 4.165 96 75 48
12.439 0.000 4.165 96 74 50
12.675 0.000 4.165 96 75 48
12.911 0.000 4.165 96 74 50
13.147 0.000 4.165 96 75 48
13.384 0.000 4.165 96 74 50
13.620 0.000 4.165 96 75 48
13.856 0.000 4.165 96 74 50
14.093 0.000 4.165 96 75 48
14.329 0.000 4.165 96 74 50
14.565 0.000 4.165 96 75 48
14.801 0.000 4.165 96 74 50
15.038 0.000 4.165 96 75 48
15.274 0.000 4.165 96 74 50
15.510 0.000 4.165 96 75 48
15.747 0.000 4.165 96 74 50
15.983 0.000 4.165 96 75 48
16.219 0.000 4.165 96 74 50
16.455 0.000 4.165 96 75 48
16.692 0.000 4.165 96 74 50
16.928 0.000 4.165 96 75 48
17.164 0.000 4.165 96 74 50
17.401 0.000 4.165 96 75 48
17.637 0.000 4.165 96 74 50
17.873 0.000 4.165 96 75 48
18.109 0.000 4.165 97 75 51
18.346 0.000 4.165 96 76 49
18.582 0.000 4.165 92 74 50
18.818 0.000 4.165 92 74 50
19.055 0.000 4.165 92 74 50
19.291 0.000 4.165 92 74 50
19.527 0.000 4.165 92 74 50
19.763 0.000 4.165 92 74 50
20.000 0.000 4.165 92 74 50
20.236 -0.000 4.165 92 74 50
20.472 0.000 4.165 92 74 50
20.709 0.000 4.165 92 74 50
20.945 0.000 4.165 92 74 50
21.181 0.000 4.165 92 74 50
21.417 0.000 4.165 92 74 50
-21.219 0.000 4.647 92 74 50
-20.987 0.000 4.647 92 74 50
-20.754 0.000 4.647 92 74 50
-20.522 0.000 4.647 92 74 50
-20.290 0.000 4.647 92 74 50
-20.057 0.000 4.647 92 74 50
-19.825 0.000 4.647 92 74 50
-19.593 0.000 4.647 92 74 50
-19.361 0.000 4.647 92 74 50
-19.128 0.000 4.647 92 74 50
-18.896 0.000 4.647 92 74 50
-18.664 0.000 4.647 92 74 50
-18.432 0.000 4.647 31 178 98
-18.199 0.000 4.647 51 166 99
-17.967 0.000 4.647 0 45 4
-17.735 0.000 4.647 67 163 99
-17.503 0.000 4.647 0 45 8
-17.270 0.000 4.647 36 171 95
-17.038 0.000 4.647 76 156 105
-16.806 0.000 4.647 0 57 14
-16.574 0.000 4.647 54 144 90
-16.341 0.000 4.647 57 165 107
-16.109 0.000 4.647 31 124 69
-15.877 0.000 4.647 46 120 71
-15.644 0.000 4.647 30 179 97
-15.412 0.000 4.647 90 75 52
-15.180 0.000 4.647 92 74 50
-14.948 0.000 4.647 92 74 50
-14.715 0.000 4.647 92 74 50
-14.483 0.000 4.647 92 74 50
-14.251 0.000 4.647 92 74 50
-14.019 0.000 4.647 92 74 50
-16.773 -2.600 0.021 92 74 50
-16.491 -2.600 0.021 92 74 50
-16.208 -2.600 0.021 92 74 50
-15.926 -2.600 0.021 92 74 50
-15.643 -2.600 0.021 92 74 50
-15.361 -2.600 0.021 92 74 50
-15.078 -2.600 0.021 92 74 50
-14.795 -2.600 0.021 92 74 52
-14.513 -2.600 0.021 94 74 49
-14.230 -2.600 0.021 94 74 49
-13.948 -2.600 0.021 92 74 50
-13.665 -2.600 0.021 92 74 50
-13.382 -2.600 0.021 92 74 50
-13.100 -2.600 0.021 92 74 50
-12.817 -2.600 0.021 90 76 50
-12.535 -2.600 0.021 94 74 50
-12.252 -2.600 0.021 92 74 52
-11.969 -2.600 0.021 92 74 50
-11.687 -2.600 0.021 92 74 50
-11.404 -2.600 0.021 92 74 50
-11.122 -2.600 0.021 92 74 50
-10.839 -2.600 0.021 92 74 50
-10.557 -2.600 0.021 92 74 50
-10.274 -2.600 0.021 92 74 50
-9.991 -2.600 0.021 92 74 50
-9.709 -2.600 0.021 92 74 50
-9.426 -2.600 0.021 92 74 50
-9.144 -2.600 0.021 92 74 50
-8.861 -2.600 0.021 92 74 50
-8.578 -2.600 0.021 92 74 50
-8.296 -2.600 0.021 92 74 50
-8.013 -2.600 0.021 92 74 50
-7.731 -2.600 0.021 92 74 50
-7.448 -2.600 0.021 92 74 50
-7.166 -2.600 0.021 92 74 50
-6.883 -2.600 0.021 92 74 50
-6.600 -2.600 0.021 92 74 50
-6.318 -2.600 0.021 92 74 50
-6.035 -2.600 0.021 92 74 50
-5.753 -2.600 0.021 92 74 50
-5.470 -2.600 0.021 92 74 50
-5.187 -2.600 0.021 92 74 50
-4.905 -2.600 0.021 92 74 50
-4.622 -2.600 0.021 92 74 50
-4.340 -2.600 0.021 92 74 50
-4.057 -2.600 0.021 92 74 50
-3.775 -2.600 0.021 92 74 50
-3.492 -2.600 0.021 92 74 50
-3.209 -2.600 0.021 92 74 50
-2.927 -2.600 0.021 92 74 50
-2.644 -2.600 0.021 92 74 50
-2.362 -2.600 0.021 92 74 50
-2.079 -2.600 0.021 92 74 50
-1.796 -2.600 0.021 92 74 50
-1.514 -2.600 0.021 92 74 50
-1.231 -2.600 0.021 92 74 50
-0.949 -2.600 0.021 92 74 50
-0.666 -2.600 0.021 92 74 50
-0.384 -2.600 0.021 92 74 50
-0.101 -2.600 0.021 92 74 50
0.182 -2.600 0.021 92 74 50
0.464 -2.600 0.021 92 74 50
0.747 -2.600 0.021 92 74 50
1.029 -2.600 0.021 92 74 50
1.312 -2.600 0.021 92 74 50
1.595 -2.600 0.021 92 74 50
1.877 -2.600 0.021 92 74 50
2.160 -2.600 0.021 92 75 49
2.442 -2.600 0.021 111 75 39
2.725 -2.600 0.021 230 127 35
3.008 -2.600 0.021 227 128 37
3.290 -2.600 0.021 231 127 32
3.573 -2.600 0.021 231 127 32
3.855 -2.600 0.021 230 128 30
4.138 -2.600 0.021 226 129 34
4.420 -2.600 0.021 230 127 32
4.703 -2.600 0.021 233 126 32
4.986 -2.600 0.021 231 127 30
5.268 -2.600 0.021 233 126 28
5.551 -2.600 0.021 205 132 64
5.833 -2.600 0.021 92 74 52
6.116 -2.600 0.021 92 74 50
6.399 -2.600 0.021 92 74 50
6.681 -2.600 0.021 92 74 50
6.964 -2.600 0.021 92 74 50
7.246 -2.600 0.021 92 74 50
7.529 -2.600 0.021 92 74 50
7.811 -2.600 0.021 92 74 50
8.094 -2.600 0.021 92 74 50
8.377 -2.600 0.021 92 74 50
8.659 -2.600 0.021 92 74 50
8.942 -2.600 0.021 92 74 50
9.224 -2.600 0.021 92 74 50
9.507 -2.600 0.021 92 74 50
8.046 0.000 4.647 92 74 50
8.278 0.000 4.647 92 74 50
8.511 0.000 4.647 92 74 50
8.743 0.000 4.647 92 74 50
8.975 0.000 4.647 92 74 50
9.208 0.000 4.647 92 74 50
9.440 0.000 4.647 92 74 50
9.672 0.000 4.647 92 74 50
9.904 0.000 4.647 92 74 50
10.137 0.000 4.647 92 74 50
10.369 0.000 4.647 92 74 50
10.601 0.000 4.647 92 74 50
10.833 0.000 4.647 92 74 50
11.066 0.000 4.647 92 74 50
11.298 0.000 4.647 92 74 50
11.530 0.000 4.647 92 74 50
11.762 0.000 4.647 92 74 50
11.995 0.000 4.647 92 74 50
12.227 0.000 4.647 92 74 50
12.459 0.000 4.647 92 74 50
12.691 0.000 4.647 92 74 50
12.924 0.000 4.647 92 74 50
13.156 0.000 4.647 92 74 50
13.388 0.000 4.647 92 74 50
13.620 0.000 4.647 92 74 50
13.853 0.000 4.647 92 74 50
14.085 0.000 4.647 92 74 50
14.317 0.000 4.647 92 74 50
14.550 0.000 4.647 92 74 50
14.782 0.000 4.647 92 74 50
15.014 0.000 4.647 92 74 50
15.246 0.000 4.647 92 74 50
15.479 0.000 4.647 92 74 50
15.711 0.000 4.647 92 74 50
15.943 0.000 4.647 92 74 50
16.175 0.000 4.647 92 74 50
16.408 0.000 4.647 92 74 50
16.640 0.000 4.647 92 74 50
16.872 0.000 4.647 92 74 50
17.104 0.000 4.647 92 74 50
17.337 0.000 4.647 92 74 50
17.569 0.000 4.647 92 74 50
17.801 0.000 4.647 92 74 50
18.033 0.000 4.647 92 74 50
18.266 0.000 4.647 92 74 50
18.498 0.000 4.647 92 74 50
18.730 0.000 4.647 92 74 50
18.963 0.000 4.647 92 74 50
19.195 0.000 4.647 92 74 50
19.427 0.000 4.647 92 74 50
19.659 0.000 4.647 92 74 50
19.892 0.000 4.647 92 74 50
20.124 0.000 4.647 92 74 50
20.356 0.000 4.647 92 74 50
20.588 0.000 4.647 92 74 50
20.821 0.000 4.647 92 74 50
21.053 0.000 4.647 92 74 50
-20.864 0.000 5.113 92 74 50
-20.635 0.000 5.113 92 74 50
-20.407 0.000 5.113 92 74 50
-20.179 0.000 5.113 92 74 50
-19.950 0.000 5.113 92 74 50
-19.722 0.000 5.113 92 74 50
-19.493 0.000 5.113 92 74 50
-19.265 0.000 5.113 92 74 50
-19.037 0.000 5.113 92 74 50
-18.808 0.000 5.113 92 74 50
-18.580 0.000 5.113 92 74 50
-18.352 0.000 5.113 92 74 50
-18.123 0.000 5.113 44 172 95
-17.895 0.000 5.113 0 62 4
-17.666 0.000 5.113 34 168 99
-17.438 0.000 5.113 0 86 28
-17.210 0.000 5.113 0 62 11
-16.981 0.000 5.113 0 60 11
-16.753 0.000 5.113 0 59 7
-16.525 0.000 5.113 10 106 60
-16.296 0.000 5.113 47 166 98
-16.068 0.000 5.113 47 166 100
-15.839 0.000 5.113 58 168 105
-15.611 0.000 5.113 0 68 15
-15.383 0.000 5.113 44 176 100
-15.154 0.000 5.113 90 74 51
-14.926 0.000 5.113 92 74 50
-14.698 0.000 5.113 92 74 50
-14.469 0.000 5.113 92 74 50
-14.241 0.000 5.113 92 74 50
-14.012 0.000 5.113 92 74 50
-16.771 -2.600 0.588 92 74 50
-16.493 -2.600 0.588 92 74 50
-16.215 -2.600 0.588 92 74 50
-15.937 -2.600 0.588 92 74 50
-15.659 -2.600 0.588 92 74 50
-15.381 -2.600 0.588 92 74 50
-15.103 -2.600 0.588 92 74 50
-14.826 -2.600 0.588 92 74 50
-14.548 -2.600 0.588 91 75 50
-14.270 -2.600 0.588 78 71 55
-13.992 -2.600 0.588 146 162 162
-13.714 -2.600 0.588 149 165 165
-13.436 -2.600 0.588 149 165 165
-13.158 -2.600 0.588 149 165 165
-12.881 -2.600 0.588 149 165 165
-12.603 -2.600 0.588 146 166 167
-12.325 -2.600 0.588 148 159 155
-12.047 -2.600 0.588 92 74 50
-11.769 -2.600 0.588 92 74 50
-11.491 -2.600 0.588 92 74 50
-11.213 -2.600 0.588 92 74 50
-10.936 -2.600 0.588 92 74 50
-10.658 -2.600 0.588 92 74 50
-10.380 -2.600 0.588 92 74 50
-10.102 -2.600 0.588 92 74 50
-9.824 -2.600 0.588 92 74 50
-9.546 -2.600 0.588 92 74 50
-9.268 -2.600 0.588 92 74 50
-8.991 -2.600 0.588 92 74 50
-8.713 -2.600 0.588 92 74 50
-8.435 -2.600 0.588 92 74 50
-8.157 -2.600 0.588 92 74 50
-7.879 -2.600 0.588 92 74 50
-7.601 -2.600 0.588 92 74 50
-7.323 -2.600 0.588 92 74 50
-7.046 -2.600 0.588 92 74 50
-6.768 -2.600 0.588 92 74 50
-6.490 -2.600 0.588 92 74 50
-6.212 -2.600 0.588 92 74 50
-5.934 -2.600 0.588 92 74 50
-5.656 -2.600 0.588 92 74 50
-5.379 -2.600 0.588 92 74 50
-5.101 -2.600 0.588 92 74 50
-4.823 -2.600 0.588 92 74 50
-4.545 -2.600 0.588 92 74 50
-4.267 -2.600 0.588 92 74 50
-3.989 -2.600 0.588 92 74 50
-3.711 -2.600 0.588 92 74 50
-3.434 -2.600 0.588 92 74 50
-3.156 -2.600 0.588 92 74 50
-2.878 -2.600 0.588 92 74 50
-2.600 -2.600 0.588 92 74 50
-2.322 -2.600 0.588 92 74 50
-2.044 -2.600 0.588 92 74 50
-1.766 -2.600 0.588 92 74 50
-1.489 -2.600 0.588 92 74 50
-1.211 -2.600 0.588 92 74 50
-0.933 -2.600 0.588 92 74 50
-0.655 -2.600 0.588 92 74 50
-0.377 -2.600 0.588 92 74 50
-0.099 -2.600 0.588 92 74 50
0.179 -2.600 0.588 92 74 50
0.456 -2.600 0.588 92 74 50
0.734 -2.600 0.588 92 74 50
1.012 -2.600 0.588 92 74 50
1.290 -2.600 0.588 92 74 50
1.568 -2.600 0.588 92 74 50
1.846 -2.600 0.588 92 74 50
2.124 -2.600 0.588 94 75 45
2.401 -2.600 0.588 210 132 60
2.679 -2.600 0.588 227 124 31
2.957 -2.600 0.588 218 126 39
3.235 -2.600 0.588 222 121 29
3.513 -2.600 0.588 229 119 22
3.791 -2.600 0.588 234 129 38
4.069 -2.600 0.588 239 130 37
4.346 -2.600 0.588 231 124 30
4.624 -2.600 0.588 230 133 38
4.902 -2.600 0.588 226 127 44
5.180 -2.600 0.588 224 134 46
5.458 -2.600 0.588 235 128 34
5.736 -2.600 0.588 91 75 52
6.014 -2.600 0.588 92 74 50
6.291 -2.600 0.588 92 74 50
6.569 -2.600 0.588 92 74 50
6.847 -2.600 0.588 92 74 50
7.125 -2.600 0.588 92 74 50
7.403 -2.600 0.588 92 74 50
7.681 -2.600 0.588 92 74 50
7.959 -2.600 0.588 92 74 50
8.236 -2.600 0.588 92 74 50
8.514 -2.600 0.588 92 74 50
8.792 -2.600 0.588 92 74 50
9.070 -2.600 0.588 92 74 50
9.348 -2.600 0.588 92 74 50
9.626 -2.600 0.588 92 74 50
8.140 0.000 5.113 92 74 50
8.368 0.000 5.113 92 74 50
8.597 0.000 5.113 92 74 50
8.825 0.000 5.113 92 74 50
9.053 0.000 5.113 92 74 50
9.282 0.000 5.113 92 74 50
9.510 0.000 5.113 92 74 50
9.739 0.000 5.113 92 74 50
9.967 0.000 5.113 92 74 50
10.195 0.000 5.113 92 74 50
10.424 0.000 5.113 92 74 50
10.652 0.000 5.113 92 74 50
10.880 0.000 5.113 92 74 50
11.109 0.000 5.113 92 74 50
11.337 0.000 5.113 92 74 50
11.566 0.000 5.113 92 74 50
11.794 0.000 5.113 92 74 50
12.022 0.000 5.113 92 74 50
12.251 0.000 5.113 92 74 50
12.479 0.000 5.113 92 74 50
12.707 0.000 5.113 92 74 50
12.936 0.000 5.113 92 74 50
13.164 0.000 5.113 92 74 50
13.393 0.000 5.113 92 74 50
13.621 0.000 5.113 92 74 50
13.849 0.000 5.113 92 74 50
14.078 0.000 5.113 92 74 50
14.306 0.000 5.113 92 74 50
14.534 0.000 5.113 92 74 50
14.763 0.000 5.113 92 74 50
14.991 0.000 5.113 92 74 50
15.220 0.000 5.113 92 74 50
15.448 0.000 5.113 92 74 50
15.676 0.000 5.113 92 74 50
15.905 0.000 5.113 92 74 50
16.133 0.000 5.113 92 74 50
16.361 0.000 5.113 92 74 50
16.590 0.000 5.113 92 74 50
16.818 0.000 5.113 92 74 50
17.047 0.000 5.113 92 74 50
17.275 0.000 5.113 92 74 50
17.503 0.000 5.113 92 74 50
17.732 0.000 5.113 92 74 50
17.960 0.000 5.113 92 74 50
18.188 0.000 5.113 92 74 50
18.417 0.000 5.113 92 74 50
18.645 0.000 5.113 92 74 50
18.874 0.000 5.113 92 74 50
19.102 0.000 5.113 92 74 50
19.330 0.000 5.113 92 74 50
19.559 0.000 5.113 92 74 50
19.787 0.000 5.113 92 74 50
20.015 0.000 5.113 92 74 50
20.244 0.000 5.113 92 74 50
20.472 0.000 5.113 92 74 50
20.701 0.000 5.113 92 74 50
-20.520 0.000 5.564 92 74 50
-20.296 0.000 5.564 92 74 50
-20.071 0.000 5.564 92 74 50
-19.846 0.000 5.564 92 74 50
-19.622 0.000 5.564 92 74 50
-19.397 0.000 5.564 92 74 50
-19.173 0.000 5.564 92 74 50
-18.948 0.000 5.564 92 74 50
-18.723 0.000 5.564 92 74 50
-18.499 0.000 5.564 92 74 50
-18.274 0.000 5.564 92 74 50
-18.050 0.000 5.564 92 74 50
-17.825 0.000 5.564 45 169 99
-17.600 0.000 5.564 40 172 97
-17.376 0.000 5.564 43 171 97
-17.151 0.000 5.564 46 170 97
-16.926 0.000 5.564 51 167 96
-16.702 0.000 5.564 50 167 96
-16.477 0.000 5.564 50 167 96
-16.253 0.000 5.564 50 167 96
-16.028 0.000 5.564 50 167 96
-15.803 0.000 5.564 50 167 96
-15.579 0.000 5.564 50 167 96
-15.354 0.000 5.564 54 171 101
-15.130 0.000 5.564 74 85 51
-14.905 0.000 5.564 93 75 51
-14.680 0.000 5.564 93 75 51
-14.456 0.000 5.564 93 75 51
-14.231 0.000 5.564 93 75 51
-14.006 0.000 5.564 91 77 51
-16.768 -2.600 1.136 92 74 50
-16.495 -2.600 1.136 92 74 50
-16.221 -2.600 1.136 92 74 50
-15.948 -2.600 1.136 92 74 50
-15.675 -2.600 1.136 92 74 50
-15.401 -2.600 1.136 92 74 50
-15.128 -2.600 1.136 92 74 50
-14.855 -2.600 1.136 92 74 50
-14.582 -2.600 1.136 92 74 50
-14.308 -2.600 1.136 92 74 52
-14.035 -2.600 1.136 156 165 160
-13.762 -2.600 1.136 59 71 71
-13.488 -2.600 1.136 17 31 32
-13.215 -2.600 1.136 150 166 166
-12.942 -2.600 1.136 144 160 160
-12.669 -2.600 1.136 152 168 168
-12.395 -2.600 1.136 156 171 174
-12.122 -2.600 1.136 148 164 163
-11.849 -2.600 1.136 92 74 50
-11.575 -2.600 1.136 92 74 50
-11.302 -2.600 1.136 92 74 50
-11.029 -2.600 1.136 92 74 50
-10.756 -2.600 1.136 92 74 50
-10.482 -2.600 1.136 92 74 50
-10.209 -2.600 1.136 92 74 50
-9.936 -2.600 1.136 92 74 50
-9.663 -2.600 1.136 92 74 50
-9.389 -2.600 1.136 92 74 50
-9.116 -2.600 1.136 92 74 50
-8.843 -2.600 1.136 92 74 50
-8.569 -2.600 1.136 92 74 50
-8.296 -2.600 1.136 92 74 50
-8.023 -2.600 1.136 92 74 50
-7.750 -2.600 1.136 92 74 50
-7.476 -2.600 1.136 92 74 50
-7.203 -2.600 1.136 92 74 50
-6.930 -2.600 1.136 92 74 50
-6.656 -2.600 1.136 92 74 50
-6.383 -2.600 1.136 92 74 50
-6.110 -2.600 1.136 92 74 50
-5.837 -2.600 1.136 92 74 50
-5.563 -2.600 1.136 92 74 50
-5.290 -2.600 1.136 92 74 50
-5.017 -2.600 1.136 92 74 50
-4.743 -2.600 1.136 92 74 50
-4.470 -2.600 1.136 92 74 50
-4.197 -2.600 1.136 92 74 50
-3.924 -2.600 1.136 92 74 50
-3.650 -2.600 1.136 92 74 50
-3.377 -2.600 1.136 92 74 50
-3.104 -2.600 1.136 92 74 50
-2.830 -2.600 1.136 92 74 50
-2.557 -2.600 1.136 92 74 50
-2.284 -2.600 1.136 92 74 50
-2.011 -2.600 1.136 92 74 50
-1.737 -2.600 1.136 92 74 50
-1.464 -2.600 1.136 92 74 50
-1.191 -2.600 1.136 92 74 50
-0.917 -2.600 1.136 92 74 50
-0.644 -2.600 1.136 92 74 50
-0.371 -2.600 1.136 92 74 50
-0.098 -2.600 1.136 92 74 50
0.176 -2.600 1.136 92 74 50
0.449 -2.600 1.136 92 74 50
0.722 -2.600 1.136 92 74 50
0.996 -2.600 1.136 92 74 50
1.269 -2.600 1.136 92 74 50
1.542 -2.600 1.136 92 74 50
1.815 -2.600 1.136 92 74 50
2.089 -2.600 1.136 98 73 42
2.362 -2.600 1.136 211 132 57
2.635 -2.600 1.136 65 15 0
2.909 -2.600 1.136 225 123 39
3.182 -2.600 1.136 148 77 13
3.455 -2.600 1.136 76 28 0
3.728 -2.600 1.136 122 79 44
4.002 -2.600 1.136 217 124 29
4.275 -2.600 1.136 170 113 60
4.548 -2.600 1.136 68 26 0
4.821 -2.600 1.136 211 133 59
5.095 -2.600 1.136 54 21 0
5.368 -2.600 1.136 225 131 33
5.641 -2.600 1.136 94 74 50
5.915 -2.600 1.136 92 74 50
6.188 -2.600 1.136 92 74 50
6.461 -2.600 1.136 92 74 50
6.734 -2.600 1.136 92 74 50
7.008 -2.600 1.136 92 74 50
7.281 -2.600 1.136 92 74 50
7.554 -2.600 1.136 92 74 50
7.828 -2.600 1.136 92 74 50
8.101 -2.600 1.136 92 74 50
8.374 -2.600 1.136 92 74 50
8.647 -2.600 1.136 92 74 50
8.921 -2.600 1.136 92 74 50
9.194 -2.600 1.136 92 74 50
9.467 -2.600 1.136 92 74 50
8.006 0.000 5.564 92 74 50
8.231 0.000 5.564 92 74 50
8.455 0.000 5.564 92 74 50
8.680 0.000 5.564 92 74 50
8.904 0.000 5.564 92 74 50
9.129 0.000 5.564 92 74 50
9.354 0.000 5.564 92 74 50
9.578 0.000 5.564 92 74 50
9.803 0.000 5.564 92 74 50
10.028 0.000 5.564 92 74 50
10.252 0.000 5.564 92 74 50
10.477 0.000 5.564 92 74 50
10.701 0.000 5.564 92 74 50
10.926 0.000 5.564 92 74 50
11.151 0.000 5.564 92 74 50
11.375 0.000 5.564 92 74 50
11.600 0.000 5.564 92 74 50
11.824 0.000 5.564 92 74 50
12.049 0.000 5.564 92 74 50
12.274 0.000 5.564 92 74 50
12.498 0.000 5.564 92 74 50
12.723 0.000 5.564 92 74 50
12.948 0.000 5.564 92 74 50
13.172 0.000 5.564 92 74 50
13.397 0.000 5.564 92 74 50
13.621 0.000 5.564 92 74 50
13.846 0.000 5.564 92 74 50
14.071 0.000 5.564 92 74 50
14.295 0.000 5.564 92 74 50
14.520 0.000 5.564 92 74 50
14.744 0.000 5.564 92 74 50
14.969 0.000 5.564 92 74 50
15.194 0.000 5.564 92 74 50
15.418 0.000 5.564 92 74 50
15.643 0.000 5.564 92 74 50
15.868 0.000 5.564 92 74 50
16.092 0.000 5.564 92 74 50
16.317 0.000 5.564 92 74 50
16.541 0.000 5.564 92 74 50
16.766 0.000 5.564 92 74 50
16.991 0.000 5.564 92 74 50
17.215 0.000 5.564 92 74 50
17.440 0.000 5.564 92 74 50
17.664 0.000 5.564 92 74 50
17.889 0.000 5.564 92 74 50
18.114 0.000 5.564 92 74 50
18.338 0.000 5.564 92 74 50
18.563 0.000 5.564 92 74 50
18.788 0.000 5.564 92 74 50
19.012 0.000 5.564 92 74 50
19.237 0.000 5.564 92 74 50
19.461 0.000 5.564 92 74 50
19.686 0.000 5.564 92 74 50
19.911 0.000 5.564 92 74 50
20.135 0.000 5.564 92 74 50
20.360 0.000 5.564 92 74 50
-20.188 0.000 6.000 92 74 50
-19.967 0.000 6.000 92 74 50
-19.746 0.000 6.000 92 74 50
-19.525 0.000 6.000 92 74 50
-19.304 0.000 6.000 92 74 50
-19.083 0.000 6.000 92 74 50
-18.862 0.000 6.000 92 74 50
-18.641 0.000 6.000 92 74 50
-18.420 0.000 6.000 92 74 50
-18.199 0.000 6.000 92 74 50
-17.978 0.000 6.000 92 74 50
-17.757 0.000 6.000 92 74 50
-17.536 0.000 6.000 32 131 74
-17.315 0.000 6.000 32 131 74
-17.094 0.000 6.000 32 131 76
-16.873 0.000 6.000 48 169 100
-16.652 0.000 6.000 39 174 97
-16.431 0.000 6.000 39 174 97
-16.210 0.000 6.000 39 174 97
-15.989 0.000 6.000 39 174 97
-15.768 0.000 6.000 39 174 97
-15.547 0.000 6.000 39 174 97
-15.326 0.000 6.000 39 174 97
-15.106 0.000 6.000 39 174 97
-14.885 0.000 6.000 37 175 97
-14.664 0.000 6.000 41 173 97
-14.443 0.000 6.000 38 175 97
-14.222 0.000 6.000 37 175 97
-14.001 0.000 6.000 37 175 97
-16.765 -2.600 1.667 90 76 50
-16.496 -2.600 1.667 92 74 50
-16.228 -2.600 1.667 92 74 50
-15.959 -2.600 1.667 92 74 50
-15.690 -2.600 1.667 92 74 50
-15.421 -2.600 1.667 92 74 50
-15.152 -2.600 1.667 92 74 50
-14.883 -2.600 1.667 92 74 50
-14.614 -2.600 1.667 92 74 50
-14.346 -2.600 1.667 92 74 50
-14.077 -2.600 1.667 92 74 52
-13.808 -2.600 1.667 159 168 163
-13.539 -2.600 1.667 52 64 64
-13.270 -2.600 1.667 155 165 166
-13.001 -2.600 1.667 69 79 80
-12.732 -2.600 1.667 105 115 116
-12.463 -2.600 1.667 154 164 165
-12.195 -2.600 1.667 23 33 34
-11.926 -2.600 1.667 149 163 164
-11.657 -2.600 1.667 92 74 50
-11.388 -2.600 1.667 92 74 50
-11.119 -2.600 1.667 92 74 50
-10.850 -2.600 1.667 92 74 50
-10.581 -2.600 1.667 92 74 50
-10.313 -2.600 1.667 92 74 50
-10.044 -2.600 1.667 92 74 50
-9.775 -2.600 1.667 92 74 50
-9.506 -2.600 1.667 92 74 50
-9.237 -2.600 1.667 92 74 50
-8.968 -2.600 1.667 92 74 50
-8.699 -2.600 1.667 92 74 50
-8.431 -2.600 1.667 92 74 50
-8.162 -2.600 1.667 92 74 50
-7.893 -2.600 1.667 92 74 50
-7.624 -2.600 1.667 92 74 50
-7.355 -2.600 1.667 92 74 50
-7.086 -2.600 1.667 92 74 50
-6.817 -2.600 1.667 92 74 50
-6.549 -2.600 1.667 92 74 50
-6.280 -2.600 1.667 92 74 50
-6.011 -2.600 1.667 92 74 50
-5.742 -2.600 1.667 92 74 50
-5.473 -2.600 1.667 92 74 50
-5.204 -2.600 1.667 92 74 50
-4.935 -2.600 1.667 92 74 50
-4.667 -2.600 1.667 92 74 50
-4.398 -2.600 1.667 92 74 50
-4.129 -2.600 1.667 92 74 50
-3.860 -2.600 1.667 92 74 50
-3.591 -2.600 1.667 92 74 50
-3.322 -2.600 1.667 92 74 50
-3.053 -2.600 1.667 92 74 50
-2.785 -2.600 1.667 92 74 50
-2.516 -2.600 1.667 92 74 50
-2.247 -2.600 1.667 92 74 50
-1.978 -2.600 1.667 92 74 50
-1.709 -2.600 1.667 92 74 50
-1.440 -2.600 1.667 92 74 50
-1.171 -2.600 1.667 92 74 50
-0.903 -2.600 1.667 92 74 50
-0.634 -2.600 1.667 92 74 50
-0.365 -2.600 1.667 92 74 50
-0.096 -2.600 1.667 92 74 50
0.173 -2.600 1.667 92 74 50
0.442 -2.600 1.667 92 74 50
0.711 -2.600 1.667 92 74 50
0.979 -2.600 1.667 92 74 50
1.248 -2.600 1.667 92 74 50
1.517 -2.600 1.667 92 74 50
1.786 -2.600 1.667 92 74 50
2.055 -2.600 1.667 88 75 56
2.324 -2.600 1.667 208 129 54
2.593 -2.600 1.667 227 127 39
2.861 -2.600 1.667 226 128 39
3.130 -2.600 1.667 224 128 44
3.399 -2.600 1.667 216 130 53
3.668 -2.600 1.667 226 128 41
3.937 -2.600 1.667 219 130 48
4.206 -2.600 1.667 227 127 41
4.475 -2.600 1.667 223 128 48
4.743 -2.600 1.667 228 127 35
5.012 -2.600 1.667 224 128 42
5.281 -2.600 1.667 231 122 31
5.550 -2.600 1.667 91 74 54
5.819 -2.600 1.667 92 74 50
6.088 -2.600 1.667 92 74 50
6.357 -2.600 1.667 92 74 50
6.625 -2.600 1.667 92 74 50
6.894 -2.600 1.667 92 74 50
7.163 -2.600 1.667 92 74 50
7.432 -2.600 1.667 92 74 50
7.701 -2.600 1.667 92 74 50
7.970 -2.600 1.667 92 74 50
8.239 -2.600 1.667 92 74 50
8.507 -2.600 1.667 92 74 50
8.776 -2.600 1.667 92 74 50
9.045 -2.600 1.667 92 74 50
9.314 -2.600 1.667 92 74 50
9.583 -2.600 1.667 92 74 50
8.097 0.000 6.000 92 74 50
8.318 0.000 6.000 92 74 50
8.539 0.000 6.000 92 74 50
8.760 0.000 6.000 92 74 50
8.981 0.000 6.000 92 74 50
9.202 0.000 6.000 92 74 50
9.423 0.000 6.000 92 74 50
9.644 0.000 6.000 92 74 50
9.865 0.000 6.000 92 74 50
10.086 0.000 6.000 92 74 50
10.307 0.000 6.000 92 74 50
10.528 0.000 6.000 92 74 50
10.749 0.000 6.000 92 74 50
10.970 0.000 6.000 92 74 50
11.191 0.000 6.000 92 74 50
11.412 0.000 6.000 92 74 50
11.633 0.000 6.000 92 74 50
11.854 0.000 6.000 92 74 50
12.075 0.000 6.000 92 74 50
12.296 0.000 6.000 92 74 50
12.517 0.000 6.000 92 74 50
12.738 0.000 6.000 92 74 50
12.959 0.000 6.000 92 74 50
13.180 0.000 6.000 92 74 50
13.401 0.000 6.000 92 74 50
13.622 0.000 6.000 92 74 50
13.843 0.000 6.000 92 74 50
14.064 0.000 6.000 92 74 50
14.285 0.000 6.000 92 74 50
14.506 0.000 6.000 92 74 50
14.727 0.000 6.000 92 74 50
14.948 0.000 6.000 92 74 50
15.169 0.000 6.000 92 74 50
15.390 0.000 6.000 92 74 50
15.611 0.000 6.000 92 74 50
15.832 0.000 6.000 92 74 50
16.053 0.000 6.000 92 74 50
16.274 0.000 6.000 92 74 50
16.495 0.000 6.000 92 74 50
16.716 0.000 6.000 92 74 50
16.936 0.000 6.000 92 74 50
17.157 0.000 6.000 92 74 50
17.378 0.000 6.000 92 74 50
17.599 0.000 6.000 92 74 50
17.820 0.000 6.000 92 74 50
18.041 0.000 6.000 92 74 50
18.262 0.000 6.000 92 74 50
18.483 0.000 6.000 92 74 50
18.704 0.000 6.000 92 74 50
18.925 0.000 6.000 92 74 50
19.146 0.000 6.000 92 74 50
19.367 0.000 6.000 92 74 50
19.588 0.000 6.000 92 74 50
19.809 0.000 6.000 92 74 50
20.030 0.000 6.000 92 74 50
-19.866 0.000 6.423 92 74 50
-19.649 0.000 6.423 92 74 50
-19.431 0.000 6.423 92 74 50
-19.214 0.000 6.423 92 74 50
-18.997 0.000 6.423 92 74 50
-18.779 0.000 6.423 92 74 50
-18.562 0.000 6.423 92 74 50
-18.344 0.000 6.423 92 74 50
-18.127 0.000 6.423 92 74 50
-17.909 0.000 6.423 92 74 50
-17.692 0.000 6.423 92 74 50
-17.474 0.000 6.423 92 74 50
-17.257 0.000 6.423 31 132 74
-17.039 0.000 6.423 31 132 74
-16.822 0.000 6.423 29 133 72
-16.604 0.000 6.423 51 168 98
-16.387 0.000 6.423 38 175 97
-16.170 0.000 6.423 39 174 97
-15.952 0.000 6.423 39 174 97
-15.735 0.000 6.423 39 174 97
-15.517 0.000 6.423 39 174 97
-15.300 0.000 6.423 39 174 97
-15.082 0.000 6.423 39 174 97
-14.865 0.000 6.423 37 175 97
-14.647 0.000 6.423 37 175 97
-14.430 0.000 6.423 37 175 97
-14.212 0.000 6.423 38 175 97
-17.027 -2.600 2.181 37 175 97
-16.763 -2.600 2.181 41 173 97
-16.498 -2.600 2.181 90 76 49
-16.234 -2.600 2.181 92 74 50
-15.969 -2.600 2.181 92 74 50
-15.704 -2.600 2.181 92 74 50
-15.440 -2.600 2.181 92 74 50
-15.175 -2.600 2.181 92 74 50
-14.911 -2.600 2.181 92 74 50
-14.646 -2.600 2.181 92 74 50
-14.381 -2.600 2.181 92 74 50
-14.117 -2.600 2.181 92 74 50
-13.852 -2.600 2.181 92 74 50
-13.588 -2.600 2.181 157 162 155
-13.323 -2.600 2.181 150 166 166
-13.059 -2.600 2.181 149 164 167
-12.794 -2.600 2.181 149 163 164
-12.529 -2.600 2.181 148 164 164
-12.265 -2.600 2.181 147 163 163
-12.000 -2.600 2.181 150 168 170
-11.736 -2.600 2.181 148 164 163
-11.471 -2.600 2.181 92 74 50
-11.207 -2.600 2.181 92 74 50
-10.942 -2.600 2.181 92 74 50
-10.677 -2.600 2.181 92 74 50
-10.413 -2.600 2.181 92 74 50
-10.148 -2.600 2.181 92 74 50
-9.884 -2.600 2.181 92 74 50
-9.619 -2.600 2.181 92 74 50
-9.355 -2.600 2.181 92 74 50
-9.090 -2.600 2.181 92 74 50
-8.825 -2.600 2.181 92 74 50
-8.561 -2.600 2.181 92 74 50
-8.296 -2.600 2.181 92 74 50
-8.032 -2.600 2.181 92 74 50
-7.767 -2.600 2.181 92 74 50
-7.503 -2.600 2.181 92 74 50
-7.238 -2.600 2.181 92 74 50
-6.973 -2.600 2.181 92 74 50
-6.709 -2.600 2.181 92 74 50
-6.444 -2.600 2.181 92 74 50
-6.180 -2.600 2.181 92 74 50
-5.915 -2.600 2.181 92 74 50
-5.651 -2.600 2.181 92 74 50
-5.386 -2.600 2.181 92 74 50
-5.121 -2.600 2.181 92 74 50
-4.857 -2.600 2.181 92 74 50
-4.592 -2.600 2.181 92 74 50
-4.328 -2.600 2.181 92 74 50
-4.063 -2.600 2.181 92 74 50
-3.799 -2.600 2.181 92 74 50
-3.534 -2.600 2.181 92 74 50
-3.269 -2.600 2.181 92 74 50
-3.005 -2.600 2.181 92 74 50
-2.740 -2.600 2.181 92 74 50
-2.476 -2.600 2.181 92 74 50
-2.211 -2.600 2.181 92 74 50
-1.947 -2.600 2.181 92 74 50
-1.682 -2.600 2.181 92 74 50
-1.417 -2.600 2.181 92 74 50
-1.153 -2.600 2.181 92 74 50
-0.888 -2.600 2.181 92 74 50
-0.624 -2.600 2.181 92 74 50
-0.359 -2.600 2.181 92 74 50
-0.094 -2.600 2.181 92 74 50
0.170 -2.600 2.181 92 74 50
0.435 -2.600 2.181 92 74 50
0.699 -2.600 2.181 92 74 50
0.964 -2.600 2.181 92 74 50
1.228 -2.600 2.181 92 74 50
1.493 -2.600 2.181 92 74 50
1.758 -2.600 2.181 92 74 50
2.022 -2.600 2.181 98 73 42
2.287 -2.600 2.181 94 81 62
2.551 -2.600 2.181 112 68 21
2.816 -2.600 2.181 114 68 19
3.080 -2.600 2.181 117 67 14
3.345 -2.600 2.181 117 67 18
3.610 -2.600 2.181 112 68 23
3.874 -2.600 2.181 112 68 23
4.139 -2.600 2.181 118 66 19
4.403 -2.600 2.181 114 67 23
4.668 -2.600 2.181 110 68 26
4.932 -2.600 2.181 111 67 32
5.197 -2.600 2.181 97 68 38
5.462 -2.600 2.181 87 76 58
5.726 -2.600 2.181 88 75 56
5.991 -2.600 2.181 88 75 58
6.255 -2.600 2.181 88 75 56
6.520 -2.600 2.181 88 75 58
6.784 -2.600 2.181 88 75 56
7.049 -2.600 2.181 88 75 58
7.314 -2.600 2.181 88 75 56
7.578 -2.600 2.181 88 75 58
7.843 -2.600 2.181 90 75 56
8.107 -2.600 2.181 92 74 50
8.372 -2.600 2.181 92 74 50
8.636 -2.600 2.181 92 74 50
8.901 -2.600 2.181 92 74 50
9.166 -2.600 2.181 92 74 50
9.430 -2.600 2.181 92 74 50
9.695 -2.600 2.181 92 74 50
8.186 0.000 6.423 92 74 50
8.403 0.000 6.423 92 74 50
8.621 0.000 6.423 92 74 50
8.838 0.000 6.423 92 74 50
9.056 0.000 6.423 92 74 50
9.273 0.000 6.423 92 74 50
9.490 0.000 6.423 92 74 50
9.708 0.000 6.423 92 74 50
9.925 0.000 6.423 92 74 50
10.143 0.000 6.423 92 74 50
10.360 0.000 6.423 92 74 50
10.578 0.000 6.423 92 74 50
10.795 0.000 6.423 92 74 50
11.013 0.000 6.423 92 74 50
11.230 0.000 6.423 92 74 50
11.448 0.000 6.423 92 74 50
11.665 0.000 6.423 92 74 50
11.883 0.000 6.423 92 74 50
12.100 0.000 6.423 92 74 50
12.317 0.000 6.423 92 74 50
12.535 0.000 6.423 92 74 50
12.752 0.000 6.423 92 74 50
12.970 0.000 6.423 92 74 50
13.187 0.000 6.423 92 74 50
13.405 0.000 6.423 92 74 50
13.622 0.000 6.423 92 74 50
13.840 0.000 6.423 92 74 50
14.057 0.000 6.423 92 74 50
14.275 0.000 6.423 92 74 50
14.492 0.000 6.423 92 74 50
14.709 0.000 6.423 92 74 50
14.927 0.000 6.423 92 74 50
15.144 0.000 6.423 92 74 50
15.362 0.000 6.423 92 74 50
15.579 0.000 6.423 92 74 50
15.797 0.000 6.423 92 74 50
16.014 0.000 6.423 92 74 50
16.232 0.000 6.423 92 74 50
16.449 0.000 6.423 92 74 50
16.667 0.000 6.423 92 74 50
16.884 0.000 6.423 92 74 50
17.102 0.000 6.423 92 74 50
17.319 0.000 6.423 92 74 50
17.536 0.000 6.423 92 74 50
17.754 0.000 6.423 92 74 50
17.971 0.000 6.423 92 74 50
18.189 0.000 6.423 92 74 50
18.406 0.000 6.423 92 74 50
18.624 0.000 6.423 92 74 50
18.841 0.000 6.423 92 74 50
19.059 0.000 6.423 92 74 50
19.276 0.000 6.423 92 74 50
19.494 0.000 6.423 92 74 50
19.711 0.000 6.423 92 74 50
-19.555 0.000 6.832 92 74 50
-19.341 0.000 6.832 92 74 50
-19.127 0.000 6.832 92 74 50
-18.913 0.000 6.832 92 74 50
-18.699 0.000 6.832 92 74 50
-18.485 0.000 6.832 92 74 50
-18.270 0.000 6.832 92 74 50
-18.056 0.000 6.832 92 74 50
-17.842 0.000 6.832 92 74 50
-17.628 0.000 6.832 92 74 50
-17.414 0.000 6.832 92 74 50
-17.200 0.000 6.832 92 74 50
-16.986 0.000 6.832 31 132 74
-16.772 0.000 6.832 31 132 74
-16.558 0.000 6.832 32 131 74
-16.344 0.000 6.832 46 170 100
-16.130 0.000 6.832 39 174 97
-15.916 0.000 6.832 39 174 97
-15.702 0.000 6.832 39 174 97
-15.488 0.000 6.832 39 174 97
-15.274 0.000 6.832 39 174 97
-15.060 0.000 6.832 39 174 97
-14.846 0.000 6.832 39 174 97
-14.632 0.000 6.832 39 174 97
-14.418 0.000 6.832 39 174 97
-14.204 0.000 6.832 39 174 97
-17.021 -2.600 2.678 39 174 97
-16.760 -2.600 2.678 39 174 97
-16.500 -2.600 2.678 38 175 97
-16.239 -2.600 2.678 91 75 50
-15.979 -2.600 2.678 92 74 50
-15.718 -2.600 2.678 92 74 50
-15.458 -2.600 2.678 92 74 50
-15.198 -2.600 2.678 92 74 50
-14.937 -2.600 2.678 92 74 50
-14.677 -2.600 2.678 92 74 50
-14.416 -2.600 2.678 92 74 50
-14.156 -2.600 2.678 92 74 50
-13.896 -2.600 2.678 92 74 50
-13.635 -2.600 2.678 92 75 49
-13.375 -2.600 2.678 88 72 47
-13.114 -2.600 2.678 86 71 50
-12.854 -2.600 2.678 82 87 90
-12.593 -2.600 2.678 86 104 116
-12.333 -2.600 2.678 83 100 116
-12.073 -2.600 2.678 75 76 68
-11.812 -2.600 2.678 88 77 57
-11.552 -2.600 2.678 93 80 63
-11.291 -2.600 2.678 92 75 49
-11.031 -2.600 2.678 92 74 50
-10.770 -2.600 2.678 92 74 50
-10.510 -2.600 2.678 92 74 50
-10.250 -2.600 2.678 92 74 50
-9.989 -2.600 2.678 92 74 50
-9.729 -2.600 2.678 92 74 50
-9.468 -2.600 2.678 92 74 50
-9.208 -2.600 2.678 94 74 49
-8.947 -2.600 2.678 91 75 52
-8.687 -2.600 2.678 92 74 50
-8.427 -2.600 2.678 92 74 50
-8.166 -2.600 2.678 92 74 50
-7.906 -2.600 2.678 92 74 50
-7.645 -2.600 2.678 92 74 50
-7.385 -2.600 2.678 92 74 50
-7.124 -2.600 2.678 92 74 50
-6.864 -2.600 2.678 92 74 50
-6.604 -2.600 2.678 92 74 50
-6.343 -2.600 2.678 92 74 50
-6.083 -2.600 2.678 92 74 50
-5.822 -2.600 2.678 92 74 50
-5.562 -2.600 2.678 92 74 50
-5.301 -2.600 2.678 92 74 50
-5.041 -2.600 2.678 92 74 50
-4.781 -2.600 2.678 92 74 50
-4.520 -2.600 2.678 92 74 50
-4.260 -2.600 2.678 92 74 50
-3.999 -2.600 2.678 92 74 50
-3.739 -2.600 2.678 92 74 50
-3.479 -2.600 2.678 92 74 50
-3.218 -2.600 2.678 92 74 50
-2.958 -2.600 2.678 92 74 50
-2.697 -2.600 2.678 92 74 50
-2.437 -2.600 2.678 92 74 50
-2.176 -2.600 2.678 92 74 50
-1.916 -2.600 2.678 92 74 50
-1.656 -2.600 2.678 92 74 50
-1.395 -2.600 2.678 92 74 50
-1.135 -2.600 2.678 92 74 50
-0.874 -2.600 2.678 92 74 50
-0.614 -2.600 2.678 92 74 50
-0.353 -2.600 2.678 92 74 50
-0.093 -2.600 2.678 92 74 50
0.167 -2.600 2.678 92 74 50
0.428 -2.600 2.678 92 74 50
0.688 -2.600 2.678 92 74 50
0.949 -2.600 2.678 92 74 50
1.209 -2.600 2.678 92 74 50
1.470 -2.600 2.678 92 74 50
1.730 -2.600 2.678 92 74 50
1.990 -2.600 2.678 90 74 58
2.251 -2.600 2.678 95 73 50
2.511 -2.600 2.678 92 74 50
2.772 -2.600 2.678 92 74 52
3.032 -2.600 2.678 92 74 50
3.293 -2.600 2.678 92 74 52
3.553 -2.600 2.678 94 74 50
3.813 -2.600 2.678 201 131 69
4.074 -2.600 2.678 232 124 33
4.334 -2.600 2.678 229 126 34
4.595 -2.600 2.678 227 126 34
4.855 -2.600 2.678 229 126 34
5.115 -2.600 2.678 227 126 34
5.376 -2.600 2.678 229 126 34
5.636 -2.600 2.678 227 126 34
5.897 -2.600 2.678 229 126 34
6.157 -2.600 2.678 227 126 34
6.418 -2.600 2.678 229 126 34
6.678 -2.600 2.678 227 126 34
6.938 -2.600 2.678 229 126 34
7.199 -2.600 2.678 227 126 34
7.459 -2.600 2.678 229 126 34
7.720 -2.600 2.678 218 129 49
7.980 -2.600 2.678 93 76 50
8.241 -2.600 2.678 91 75 50
8.501 -2.600 2.678 92 74 50
8.761 -2.600 2.678 92 74 50
9.022 -2.600 2.678 92 74 50
9.282 -2.600 2.678 92 74 50
9.543 -2.600 2.678 92 74 50
8.057 0.000 6.832 92 74 50
8.271 0.000 6.832 92 74 50
8.485 0.000 6.832 92 74 50
8.700 0.000 6.832 92 74 50
8.914 0.000 6.832 92 74 50
9.128 0.000 6.832 92 74 50
9.342 0.000 6.832 92 74 50
9.556 0.000 6.832 92 74 50
9.770 0.000 6.832 92 74 50
9.984 0.000 6.832 92 74 50
10.198 0.000 6.832 92 74 50
10.412 0.000 6.832 92 74 50
10.626 0.000 6.832 92 74 50
10.840 0.000 6.832 92 74 50
11.054 0.000 6.832 92 74 50
11.268 0.000 6.832 92 74 50
11.482 0.000 6.832 92 74 50
11.696 0.000 6.832 92 74 50
11.910 0.000 6.832 92 74 50
12.124 0.000 6.832 92 74 50
12.338 0.000 6.832 92 74 50
12.552 0.000 6.832 92 74 50
12.766 0.000 6.832 92 74 50
12.980 0.000 6.832 92 74 50
13.195 0.000 6.832 92 74 50
13.409 0.000 6.832 92 74 50
13.623 0.000 6.832 92 74 50
13.837 0.000 6.832 92 74 50
14.051 0.000 6.832 92 74 50
14.265 0.000 6.832 92 74 50
14.479 0.000 6.832 92 74 50
14.693 0.000 6.832 92 74 50
14.907 0.000 6.832 92 74 50
15.121 0.000 6.832 92 74 50
15.335 0.000 6.832 92 74 50
15.549 0.000 6.832 92 74 50
15.763 0.000 6.832 92 74 50
15.977 0.000 6.832 92 74 50
16.191 0.000 6.832 92 74 50
16.405 0.000 6.832 92 74 50
16.619 0.000 6.832 92 74 50
16.833 0.000 6.832 92 74 50
17.047 0.000 6.832 92 74 50
17.261 0.000 6.832 92 74 50
17.475 0.000 6.832 92 74 50
17.690 0.000 6.832 92 74 50
17.904 0.000 6.832 92 74 50
18.118 0.000 6.832 92 74 50
18.332 0.000 6.832 92 74 50
18.546 0.000 6.832 92 74 50
18.760 0.000 6.832 92 74 50
18.974 0.000 6.832 92 74 50
19.188 0.000 6.832 92 74 50
19.402 0.000 6.832 92 74 50
-19.253 0.000 7.228 92 74 50
-19.042 0.000 7.228 92 74 50
-18.831 0.000 7.228 92 74 50
-18.621 0.000 7.228 92 74 50
-18.410 0.000 7.228 92 74 50
-18.199 0.000 7.228 92 74 50
-17.988 0.000 7.228 92 74 50
-17.778 0.000 7.228 92 74 50
-17.567 0.000 7.228 92 74 50
-17.356 0.000 7.228 92 74 50
-17.145 0.000 7.228 92 74 50
-16.935 0.000 7.228 92 74 50
-16.724 0.000 7.228 31 132 74
-16.513 0.000 7.228 31 132 74
-16.302 0.000 7.228 32 131 74
-16.092 0.000 7.228 46 170 100
-15.881 0.000 7.228 39 174 97
-15.670 0.000 7.228 39 174 97
-15.459 0.000 7.228 39 174 97
-15.249 0.000 7.228 39 174 97
-15.038 0.000 7.228 39 174 97
-14.827 0.000 7.228 39 174 97
-14.616 0.000 7.228 39 174 97
-14.406 0.000 7.228 39 174 97
-14.195 0.000 7.228 39 174 97
-17.014 -2.600 3.161 39 174 97
-16.758 -2.600 3.161 39 174 97
-16.501 -2.600 3.161 39 174 97
-16.245 -2.600 3.161 38 175 97
-15.989 -2.600 3.161 91 75 50
-15.732 -2.600 3.161 92 74 50
-15.476 -2.600 3.161 92 74 50
-15.219 -2.600 3.161 92 74 50
-14.963 -2.600 3.161 92 74 50
-14.707 -2.600 3.161 92 74 50
-14.450 -2.600 3.161 92 74 50
-14.194 -2.600 3.161 92 74 50
-13.937 -2.600 3.161 92 74 50
-13.681 -2.600 3.161 92 74 50
-13.425 -2.600 3.161 92 74 52
-13.168 -2.600 3.161 95 74 53
-12.912 -2.600 3.161 98 102 111
-12.655 -2.600 3.161 83 101 115
-12.399 -2.600 3.161 85 101 114
-12.143 -2.600 3.161 85 101 117
-11.886 -2.600 3.161 84 102 112
-11.630 -2.600 3.161 89 100 106
-11.373 -2.600 3.161 128 140 136
-11.117 -2.600 3.161 129 139 138
-10.861 -2.600 3.161 129 139 138
-10.604 -2.600 3.161 129 139 138
-10.348 -2.600 3.161 129 139 138
-10.091 -2.600 3.161 129 139 138
-9.835 -2.600 3.161 129 139 138
-9.578 -2.600 3.161 129 139 138
-9.322 -2.600 3.161 126 140 141
-9.066 -2.600 3.161 85 76 59
-8.809 -2.600 3.161 91 75 52
-8.553 -2.600 3.161 92 74 50
-8.296 -2.600 3.161 92 74 50
-8.040 -2.600 3.161 92 74 50
-7.784 -2.600 3.161 92 74 50
-7.527 -2.600 3.161 92 74 50
-7.271 -2.600 3.161 92 74 50
-7.014 -2.600 3.161 92 74 50
-6.758 -2.600 3.161 92 74 50
-6.502 -2.600 3.161 92 74 50
-6.245 -2.600 3.161 92 74 50
-5.989 -2.600 3.161 92 74 50
-5.732 -2.600 3.161 92 74 50
-5.476 -2.600 3.161 92 74 50
-5.220 -2.600 3.161 92 74 50
-4.963 -2.600 3.161 92 74 50
-4.707 -2.600 3.161 92 74 50
-4.450 -2.600 3.161 92 74 50
-4.194 -2.600 3.161 92 74 50
-3.938 -2.600 3.161 92 74 50
-3.681 -2.600 3.161 92 74 50
-3.425 -2.600 3.161 92 74 50
-3.168 -2.600 3.161 92 74 50
-2.912 -2.600 3.161 92 74 50
-2.656 -2.600 3.161 92 74 50
-2.399 -2.600 3.161 92 74 50
-2.143 -2.600 3.161 92 74 50
-1.886 -2.600 3.161 92 74 50
-1.630 -2.600 3.161 92 74 50
-1.374 -2.600 3.161 92 74 50
-1.117 -2.600 3.161 92 74 50
-0.861 -2.600 3.161 92 74 50
-0.604 -2.600 3.161 92 74 50
-0.348 -2.600 3.161 92 74 50
-0.092 -2.600 3.161 92 74 50
0.165 -2.600 3.161 92 74 50
0.421 -2.600 3.161 92 74 50
0.678 -2.600 3.161 92 74 50
0.934 -2.600 3.161 92 74 50
1.190 -2.600 3.161 92 74 50
1.447 -2.600 3.161 92 74 50
1.703 -2.600 3.161 92 74 50
1.960 -2.600 3.161 91 73 59
2.216 -2.600 3.161 193 85 20
2.472 -2.600 3.161 210 84 0
2.729 -2.600 3.161 210 84 0
2.985 -2.600 3.161 210 84 0
3.242 -2.600 3.161 210 84 0
3.498 -2.600 3.161 209 84 0
3.754 -2.600 3.161 211 89 6
4.011 -2.600 3.161 236 123 29
4.267 -2.600 3.161 230 127 34
4.524 -2.600 3.161 230 127 34
4.780 -2.600 3.161 230 127 34
5.036 -2.600 3.161 230 127 34
5.293 -2.600 3.161 230 127 34
5.549 -2.600 3.161 230 127 34
5.806 -2.600 3.161 230 127 34
6.062 -2.600 3.161 230 127 34
6.319 -2.600 3.161 230 127 34
6.575 -2.600 3.161 230 127 34
6.831 -2.600 3.161 230 127 34
7.088 -2.600 3.161 230 127 34
7.344 -2.600 3.161 230 127 34
7.601 -2.600 3.161 219 130 48
7.857 -2.600 3.161 90 75 54
8.113 -2.600 3.161 92 74 50
8.370 -2.600 3.161 92 74 50
8.626 -2.600 3.161 92 74 50
8.883 -2.600 3.161 92 74 50
9.139 -2.600 3.161 92 74 50
9.395 -2.600 3.161 92 74 50
9.652 -2.600 3.161 92 74 50
8.144 0.000 7.228 92 74 50
8.354 0.000 7.228 92 74 50
8.565 0.000 7.228 92 74 50
8.776 0.000 7.228 92 74 50
8.987 0.000 7.228 92 74 50
9.197 0.000 7.228 92 74 50
9.408 0.000 7.228 92 74 50
9.619 0.000 7.228 92 74 50
9.830 0.000 7.228 92 74 50
10.040 0.000 7.228 92 74 50
10.251 0.000 7.228 92 74 50
10.462 0.000 7.228 92 74 50
10.673 0.000 7.228 92 74 50
10.883 0.000 7.228 92 74 50
11.094 0.000 7.228 92 74 50
11.305 0.000 7.228 92 74 50
11.516 0.000 7.228 92 74 50
11.726 0.000 7.228 92 74 50
11.937 0.000 7.228 92 74 50
12.148 0.000 7.228 92 74 50
12.359 0.000 7.228 92 74 50
12.569 0.000 7.228 92 74 50
12.780 0.000 7.228 92 74 50
12.991 0.000 7.228 92 74 50
13.201 0.000 7.228 92 74 50
13.412 0.000 7.228 92 74 50
13.623 0.000 7.228 92 74 50
13.834 0.000 7.228 92 74 50
14.044 0.000 7.228 92 74 50
14.255 0.000 7.228 92 74 50
14.466 0.000 7.228 92 74 50
14.677 0.000 7.228 92 74 50
14.887 0.000 7.228 92 74 50
15.098 0.000 7.228 92 74 50
15.309 0.000 7.228 92 74 50
15.520 0.000 7.228 92 74 50
15.730 0.000 7.228 92 74 50
15.941 0.000 7.228 92 74 50
16.152 0.000 7.228 92 74 50
16.363 0.000 7.228 92 74 50
16.573 0.000 7.228 92 74 50
16.784 0.000 7.228 92 74 50
16.995 0.000 7.228 92 74 50
17.206 0.000 7.228 92 74 50
17.416 0.000 7.228 92 74 50
17.627 0.000 7.228 92 74 50
17.838 0.000 7.228 92 74 50
18.049 0.000 7.228 92 74 50
18.259 0.000 7.228 92 74 50
18.470 0.000 7.228 92 74 50
18.681 0.000 7.228 92 74 50
18.892 0.000 7.228 92 74 50
19.102 0.000 7.228 92 74 50
-18.960 0.000 7.612 92 74 50
-18.752 0.000 7.612 92 74 50
-18.545 0.000 7.612 92 74 50
-18.337 0.000 7.612 92 74 50
-18.130 0.000 7.612 92 74 50
-17.922 0.000 7.612 92 74 50
-17.715 0.000 7.612 92 74 50
-17.507 0.000 7.612 92 74 50
-17.300 0.000 7.612 92 74 50
-17.092 0.000 7.612 92 74 50
-16.885 0.000 7.612 92 74 50
-16.677 0.000 7.612 92 74 50
-16.470 0.000 7.612 31 132 74
-16.262 0.000 7.612 31 132 74
-16.055 0.000 7.612 31 132 74
-15.847 0.000 7.612 49 168 102
-15.639 0.000 7.612 33 176 97
-15.432 0.000 7.612 43 177 104
-15.224 0.000 7.612 38 176 91
-15.017 0.000 7.612 31 176 99
-14.809 0.000 7.612 38 175 95
-14.602 0.000 7.612 39 174 97
-14.394 0.000 7.612 39 174 97
-14.187 0.000 7.612 37 175 100
-17.008 -2.600 3.628 41 175 102
-16.755 -2.600 3.628 32 174 100
-16.503 -2.600 3.628 47 171 99
-16.250 -2.600 3.628 39 173 100
-15.998 -2.600 3.628 38 175 97
-15.745 -2.600 3.628 91 75 50
-15.493 -2.600 3.628 92 74 50
-15.240 -2.600 3.628 92 74 50
-14.988 -2.600 3.628 92 74 50
-14.735 -2.600 3.628 92 74 50
-14.483 -2.600 3.628 92 74 50
-14.230 -2.600 3.628 92 74 50
-13.978 -2.600 3.628 92 74 50
-13.725 -2.600 3.628 92 74 50
-13.473 -2.600 3.628 92 74 50
-13.220 -2.600 3.628 92 74 52
-12.968 -2.600 3.628 93 78 55
-12.715 -2.600 3.628 83 101 113
-12.463 -2.600 3.628 85 101 116
-12.210 -2.600 3.628 85 101 116
-11.958 -2.600 3.628 85 101 116
-11.705 -2.600 3.628 85 101 116
-11.453 -2.600 3.628 81 97 112
-11.200 -2.600 3.628 125 141 140
-10.948 -2.600 3.628 126 140 141
-10.695 -2.600 3.628 126 140 141
-10.443 -2.600 3.628 126 140 141
-10.190 -2.600 3.628 126 140 141
-9.938 -2.600 3.628 126 140 141
-9.685 -2.600 3.628 126 140 141
-9.433 -2.600 3.628 125 139 142
-9.180 -2.600 3.628 125 140 147
-8.928 -2.600 3.628 83 102 116
-8.675 -2.600 3.628 81 102 119
-8.423 -2.600 3.628 83 76 66
-8.170 -2.600 3.628 92 75 49
-7.918 -2.600 3.628 92 74 50
-7.665 -2.600 3.628 92 74 50
-7.413 -2.600 3.628 92 74 50
-7.160 -2.600 3.628 92 74 50
-6.908 -2.600 3.628 92 74 50
-6.655 -2.600 3.628 92 74 50
-6.403 -2.600 3.628 92 74 50
-6.150 -2.600 3.628 92 74 50
-5.898 -2.600 3.628 92 74 50
-5.645 -2.600 3.628 92 74 50
-5.393 -2.600 3.628 92 74 50
-5.140 -2.600 3.628 92 74 50
-4.888 -2.600 3.628 92 74 50
-4.635 -2.600 3.628 92 74 50
-4.383 -2.600 3.628 92 74 50
-4.130 -2.600 3.628 92 74 50
-3.878 -2.600 3.628 92 74 50
-3.625 -2.600 3.628 92 74 50
-3.373 -2.600 3.628 92 74 50
-3.120 -2.600 3.628 92 74 50
-2.868 -2.600 3.628 92 74 50
-2.615 -2.600 3.628 92 74 50
-2.363 -2.600 3.628 92 74 50
-2.110 -2.600 3.628 92 74 50
-1.858 -2.600 3.628 92 74 50
-1.605 -2.600 3.628 92 74 50
-1.353 -2.600 3.628 92 74 50
-1.100 -2.600 3.628 92 74 50
-0.848 -2.600 3.628 92 74 50
-0.595 -2.600 3.628 92 74 50
-0.343 -2.600 3.628 92 74 50
-0.090 -2.600 3.628 92 74 50
0.162 -2.600 3.628 92 74 50
0.415 -2.600 3.628 92 74 50
0.667 -2.600 3.628 92 74 50
0.920 -2.600 3.628 92 74 50
1.172 -2.600 3.628 92 74 50
1.425 -2.600 3.628 92 74 50
1.677 -2.600 3.628 92 74 50
1.930 -2.600 3.628 94 74 49
2.182 -2.600 3.628 190 92 21
2.435 -2.600 3.628 210 84 0
2.687 -2.600 3.628 210 84 0
2.940 -2.600 3.628 210 84 0
3.192 -2.600 3.628 210 84 0
3.445 -2.600 3.628 210 84 0
3.697 -2.600 3.628 210 84 0
3.950 -2.600 3.628 234 123 33
4.202 -2.600 3.628 230 127 34
4.455 -2.600 3.628 230 127 34
4.707 -2.600 3.628 230 127 34
4.960 -2.600 3.628 230 127 34
5.212 -2.600 3.628 230 127 34
5.465 -2.600 3.628 230 127 34
5.717 -2.600 3.628 230 127 34
5.970 -2.600 3.628 230 127 34
6.222 -2.600 3.628 230 127 34
6.475 -2.600 3.628 230 127 34
6.727 -2.600 3.628 230 127 34
6.980 -2.600 3.628 230 127 34
7.232 -2.600 3.628 230 127 34
7.485 -2.600 3.628 219 130 46
7.737 -2.600 3.628 90 76 50
7.990 -2.600 3.628 92 75 47
8.242 -2.600 3.628 92 74 50
8.495 -2.600 3.628 92 74 50
8.747 -2.600 3.628 92 74 50
9.000 -2.600 3.628 92 74 50
9.252 -2.600 3.628 92 74 50
9.505 -2.600 3.628 92 74 50
8.020 0.000 7.612 92 74 50
8.227 0.000 7.612 92 74 50
8.435 0.000 7.612 92 74 50
8.642 0.000 7.612 92 74 50
8.850 0.000 7.612 92 74 50
9.058 0.000 7.612 92 74 50
9.265 0.000 7.612 92 74 50
9.473 0.000 7.612 92 74 50
9.680 0.000 7.612 92 74 50
9.888 0.000 7.612 92 74 50
10.095 0.000 7.612 92 74 50
10.303 0.000 7.612 92 74 50
10.510 0.000 7.612 92 74 50
10.718 0.000 7.612 92 74 50
10.925 0.000 7.612 92 74 50
11.133 0.000 7.612 92 74 50
11.340 0.000 7.612 92 74 50
11.548 0.000 7.612 92 74 50
11.756 0.000 7.612 92 74 50
11.963 0.000 7.612 92 74 50
12.171 0.000 7.612 92 74 50
12.378 0.000 7.612 92 74 50
12.586 0.000 7.612 92 74 50
12.793 0.000 7.612 92 74 50
13.001 0.000 7.612 92 74 50
13.208 0.000 7.612 92 74 50
13.416 0.000 7.612 92 74 50
13.623 0.000 7.612 92 74 50
13.831 0.000 7.612 92 74 50
14.038 0.000 7.612 92 74 50
14.246 0.000 7.612 92 74 50
14.454 0.000 7.612 92 74 50
14.661 0.000 7.612 92 74 50
14.869 0.000 7.612 92 74 50
15.076 0.000 7.612 92 74 50
15.284 0.000 7.612 92 74 50
15.491 0.000 7.612 92 74 50
15.699 0.000 7.612 92 74 50
15.906 0.000 7.612 92 74 50
16.114 0.000 7.612 92 74 50
16.321 0.000 7.612 92 74 50
16.529 0.000 7.612 92 74 50
16.736 0.000 7.612 92 74 50
16.944 0.000 7.612 92 74 50
17.151 0.000 7.612 92 74 50
17.359 0.000 7.612 92 74 50
17.567 0.000 7.612 92 74 50
17.774 0.000 7.612 92 74 50
17.982 0.000 7.612 92 74 50
18.189 0.000 7.612 92 74 50
18.397 0.000 7.612 92 74 50
18.604 0.000 7.612 92 74 50
18.812 0.000 7.612 92 74 50
-18.676 0.000 7.985 92 74 50
-18.472 0.000 7.985 92 74 50
-18.267 0.000 7.985 92 74 50
-18.063 0.000 7.985 92 74 50
-17.858 0.000 7.985 92 74 50
-17.654 0.000 7.985 92 74 50
-17.449 0.000 7.985 92 74 50
-17.245 0.000 7.985 92 74 50
-17.041 0.000 7.985 92 74 50
-16.836 0.000 7.985 92 74 50
-16.632 0.000 7.985 92 74 50
-16.427 0.000 7.985 92 74 50
-16.223 0.000 7.985 31 132 74
-16.018 0.000 7.985 31 132 74
-15.814 0.000 7.985 31 133 70
-15.610 0.000 7.985 42 173 97
-15.405 0.000 7.985 33 64 67
-15.201 0.000 7.985 46 62 85
-14.996 0.000 7.985 41 64 78
-14.792 0.000 7.985 45 72 81
-14.587 0.000 7.985 34 171 91
-14.383 0.000 7.985 39 174 97
-14.179 0.000 7.985 39 174 97
-17.002 -2.600 4.082 47 172 104
-16.753 -2.600 4.082 41 62 89
-16.504 -2.600 4.082 48 61 77
-16.256 -2.600 4.082 42 62 87
-16.007 -2.600 4.082 44 168 105
-15.758 -2.600 4.082 38 175 97
-15.510 -2.600 4.082 91 75 50
-15.261 -2.600 4.082 92 74 50
-15.012 -2.600 4.082 92 74 50
-14.763 -2.600 4.082 92 74 50
-14.515 -2.600 4.082 92 74 50
-14.266 -2.600 4.082 92 74 50
-14.017 -2.600 4.082 92 74 50
-13.769 -2.600 4.082 92 74 50
-13.520 -2.600 4.082 92 74 50
-13.271 -2.600 4.082 92 74 50
-13.022 -2.600 4.082 92 75 47
-12.774 -2.600 4.082 93 94 89
-12.525 -2.600 4.082 86 104 118
-12.276 -2.600 4.082 85 101 116
-12.027 -2.600 4.082 85 101 116
-11.779 -2.600 4.082 85 101 116
-11.530 -2.600 4.082 85 101 116
-11.281 -2.600 4.082 85 101 117
-11.033 -2.600 4.082 124 139 144
-10.784 -2.600 4.082 126 140 141
-10.535 -2.600 4.082 126 140 141
-10.286 -2.600 4.082 126 140 141
-10.038 -2.600 4.082 126 140 141
-9.789 -2.600 4.082 126 140 141
-9.540 -2.600 4.082 126 140 141
-9.292 -2.600 4.082 122 137 144
-9.043 -2.600 4.082 87 100 116
-8.794 -2.600 4.082 85 101 117
-8.545 -2.600 4.082 85 101 116
-8.297 -2.600 4.082 84 101 121
-8.048 -2.600 4.082 90 78 62
-7.799 -2.600 4.082 92 74 50
-7.550 -2.600 4.082 92 74 50
-7.302 -2.600 4.082 92 74 50
-7.053 -2.600 4.082 92 74 50
-6.804 -2.600 4.082 92 74 50
-6.556 -2.600 4.082 92 74 50
-6.307 -2.600 4.082 92 74 50
-6.058 -2.600 4.082 92 74 50
-5.809 -2.600 4.082 92 74 50
-5.561 -2.600 4.082 92 74 50
-5.312 -2.600 4.082 92 74 50
-5.063 -2.600 4.082 92 74 50
-4.815 -2.600 4.082 92 74 50
-4.566 -2.600 4.082 92 74 50
-4.317 -2.600 4.082 92 74 50
-4.068 -2.600 4.082 92 74 50
-3.820 -2.600 4.082 92 74 50
-3.571 -2.600 4.082 92 74 50
-3.322 -2.600 4.082 92 74 50
-3.073 -2.600 4.082 92 74 50
-2.825 -2.600 4.082 92 74 50
-2.576 -2.600 4.082 92 74 50
-2.327 -2.600 4.082 92 74 50
-2.079 -2.600 4.082 92 74 50
-1.830 -2.600 4.082 92 74 50
-1.581 -2.600 4.082 92 74 50
-1.332 -2.600 4.082 92 74 50
-1.084 -2.600 4.082 92 74 50
-0.835 -2.600 4.082 92 74 50
-0.586 -2.600 4.082 92 74 50
-0.338 -2.600 4.082 92 74 50
-0.089 -2.600 4.082 92 74 50
0.160 -2.600 4.082 92 74 50
0.409 -2.600 4.082 92 74 50
0.657 -2.600 4.082 92 74 50
0.906 -2.600 4.082 92 74 50
1.155 -2.600 4.082 92 74 50
1.404 -2.600 4.082 92 74 50
1.652 -2.600 4.082 92 74 50
1.901 -2.600 4.082 94 74 49
2.150 -2.600 4.082 190 92 21
2.398 -2.600 4.082 210 84 0
2.647 -2.600 4.082 210 84 0
2.896 -2.600 4.082 210 84 0
3.145 -2.600 4.082 210 84 0
3.393 -2.600 4.082 210 84 0
3.642 -2.600 4.082 210 84 0
3.891 -2.600 4.082 234 123 33
4.139 -2.600 4.082 230 127 34
4.388 -2.600 4.082 230 127 34
4.637 -2.600 4.082 230 127 34
4.886 -2.600 4.082 230 127 34
5.134 -2.600 4.082 230 127 34
5.383 -2.600 4.082 230 127 34
5.632 -2.600 4.082 230 127 34
5.880 -2.600 4.082 230 127 34
6.129 -2.600 4.082 230 127 34
6.378 -2.600 4.082 230 127 34
6.627 -2.600 4.082 230 127 34
6.875 -2.600 4.082 230 127 34
7.124 -2.600 4.082 230 127 34
7.373 -2.600 4.082 219 130 46
7.622 -2.600 4.082 90 76 50
7.870 -2.600 4.082 92 75 47
8.119 -2.600 4.082 92 74 50
8.368 -2.600 4.082 92 74 50
8.616 -2.600 4.082 92 74 50
8.865 -2.600 4.082 92 74 50
9.114 -2.600 4.082 92 74 50
9.363 -2.600 4.082 92 74 50
9.611 -2.600 4.082 92 74 50
8.104 0.000 7.985 92 74 50
8.309 0.000 7.985 92 74 50
8.513 0.000 7.985 92 74 50
8.717 0.000 7.985 92 74 50
8.922 0.000 7.985 92 74 50
9.126 0.000 7.985 92 74 50
9.331 0.000 7.985 92 74 50
9.535 0.000 7.985 92 74 50
9.740 0.000 7.985 92 74 50
9.944 0.000 7.985 92 74 50
10.148 0.000 7.985 92 74 50
10.353 0.000 7.985 92 74 50
10.557 0.000 7.985 92 74 50
10.762 0.000 7.985 92 74 50
10.966 0.000 7.985 92 74 50
11.171 0.000 7.985 92 74 50
11.375 0.000 7.985 92 74 50
11.579 0.000 7.985 92 74 50
11.784 0.000 7.985 92 74 50
11.988 0.000 7.985 92 74 50
12.193 0.000 7.985 92 74 50
12.397 0.000 7.985 92 74 50
12.602 0.000 7.985 92 74 50
12.806 0.000 7.985 92 74 50
13.010 0.000 7.985 92 74 50
13.215 0.000 7.985 92 74 50
13.419 0.000 7.985 92 74 50
13.624 0.000 7.985 92 74 50
13.828 0.000 7.985 92 74 50
14.033 0.000 7.985 92 74 50
14.237 0.000 7.985 92 74 50
14.441 0.000 7.985 92 74 50
14.646 0.000 7.985 92 74 50
14.850 0.000 7.985 92 74 50
15.055 0.000 7.985 92 74 50
15.259 0.000 7.985 92 74 50
15.464 0.000 7.985 92 74 50
15.668 0.000 7.985 92 74 50
15.872 0.000 7.985 92 74 50
16.077 0.000 7.985 92 74 50
16.281 0.000 7.985 92 74 50
16.486 0.000 7.985 92 74 50
16.690 0.000 7.985 92 74 50
16.895 0.000 7.985 92 74 50
17.099 0.000 7.985 92 74 50
17.303 0.000 7.985 92 74 50
17.508 0.000 7.985 92 74 50
17.712 0.000 7.985 92 74 50
17.917 0.000 7.985 92 74 50
18.121 0.000 7.985 92 74 50
18.326 0.000 7.985 92 74 50
18.530 0.000 7.985 92 74 50
-18.400 0.000 8.347 92 74 50
-18.199 0.000 8.347 92 74 50
-17.998 0.000 8.347 92 74 50
-17.796 0.000 8.347 92 74 50
-17.595 0.000 8.347 92 74 50
-17.393 0.000 8.347 92 74 50
-17.192 0.000 8.347 92 74 50
-16.991 0.000 8.347 92 74 50
-16.789 0.000 8.347 92 74 50
-16.588 0.000 8.347 92 74 50
-16.386 0.000 8.347 92 74 50
-16.185 0.000 8.347 92 74 50
-15.983 0.000 8.347 32 131 74
-15.782 0.000 8.347 31 132 74
-15.581 0.000 8.347 22 136 76
-15.379 0.000 8.347 51 95 46
-15.178 0.000 8.347 48 61 78
-14.976 0.000 8.347 45 62 80
-14.775 0.000 8.347 45 62 80
-14.574 0.000 8.347 44 63 78
-14.372 0.000 8.347 75 80 58
-14.171 0.000 8.347 80 81 50
-16.996 -2.600 4.522 80 81 50
-16.751 -2.600 4.522 46 61 82
-16.506 -2.600 4.522 45 62 78
-16.261 -2.600 4.522 45 62 80
-16.016 -2.600 4.522 42 64 78
-15.771 -2.600 4.522 49 64 71
-15.526 -2.600 4.522 77 82 50
-15.281 -2.600 4.522 92 74 50
-15.036 -2.600 4.522 92 74 50
-14.791 -2.600 4.522 92 74 50
-14.546 -2.600 4.522 92 74 50
-14.300 -2.600 4.522 92 74 50
-14.055 -2.600 4.522 92 74 50
-13.810 -2.600 4.522 92 74 50
-13.565 -2.600 4.522 92 74 50
-13.320 -2.600 4.522 92 74 50
-13.075 -2.600 4.522 92 74 50
-12.830 -2.600 4.522 92 75 49
-12.585 -2.600 4.522 93 99 99
-12.340 -2.600 4.522 85 103 113
-12.095 -2.600 4.522 85 101 116
-11.850 -2.600 4.522 85 101 116
-11.605 -2.600 4.522 85 101 116
-11.360 -2.600 4.522 85 101 116
-11.115 -2.600 4.522 85 101 116
-10.870 -2.600 4.522 124 139 144
-10.625 -2.600 4.522 126 140 141
-10.380 -2.600 4.522 126 140 141
-10.135 -2.600 4.522 126 140 141
-9.890 -2.600 4.522 126 140 141
-9.645 -2.600 4.522 126 140 141
-9.399 -2.600 4.522 126 140 140
-9.154 -2.600 4.522 85 101 116
-8.909 -2.600 4.522 85 101 116
-8.664 -2.600 4.522 85 101 116
-8.419 -2.600 4.522 85 101 116
-8.174 -2.600 4.522 85 101 116
-7.929 -2.600 4.522 88 98 108
-7.684 -2.600 4.522 92 74 50
-7.439 -2.600 4.522 92 74 50
-7.194 -2.600 4.522 92 74 50
-6.949 -2.600 4.522 92 74 50
-6.704 -2.600 4.522 92 74 50
-6.459 -2.600 4.522 92 74 50
-6.214 -2.600 4.522 92 74 50
-5.969 -2.600 4.522 92 74 50
-5.724 -2.600 4.522 92 74 50
-5.479 -2.600 4.522 92 74 50
-5.234 -2.600 4.522 92 74 50
-4.989 -2.600 4.522 92 74 50
-4.743 -2.600 4.522 92 74 50
-4.498 -2.600 4.522 92 74 50
-4.253 -2.600 4.522 92 74 50
-4.008 -2.600 4.522 92 74 50
-3.763 -2.600 4.522 92 74 50
-3.518 -2.600 4.522 92 74 50
-3.273 -2.600 4.522 92 74 50
-3.028 -2.600 4.522 92 74 50
-2.783 -2.600 4.522 92 74 50
-2.538 -2.600 4.522 92 74 50
-2.293 -2.600 4.522 92 74 50
-2.048 -2.600 4.522 92 74 50
-1.803 -2.600 4.522 92 74 50
-1.558 -2.600 4.522 92 74 50
-1.313 -2.600 4.522 92 74 50
-1.068 -2.600 4.522 92 74 50
-0.823 -2.600 4.522 92 74 50
-0.578 -2.600 4.522 92 74 50
-0.333 -2.600 4.522 92 74 50
-0.088 -2.600 4.522 92 74 50
0.158 -2.600 4.522 92 74 50
0.403 -2.600 4.522 92 74 50
0.648 -2.600 4.522 92 74 50
0.893 -2.600 4.522 92 74 50
1.138 -2.600 4.522 92 74 50
1.383 -2.600 4.522 92 74 50
1.628 -2.600 4.522 92 74 50
1.873 -2.600 4.522 90 76 50
2.118 -2.600 4.522 192 90 24
2.363 -2.600 4.522 207 86 0
2.608 -2.600 4.522 209 85 0
2.853 -2.600 4.522 219 84 0
3.098 -2.600 4.522 218 84 0
3.343 -2.600 4.522 215 86 5
3.588 -2.600 4.522 211 82 0
3.833 -2.600 4.522 237 122 29
4.078 -2.600 4.522 231 126 34
4.323 -2.600 4.522 231 127 32
4.568 -2.600 4.522 231 126 34
4.813 -2.600 4.522 231 127 32
5.059 -2.600 4.522 231 126 34
5.304 -2.600 4.522 231 127 32
5.549 -2.600 4.522 231 126 34
5.794 -2.600 4.522 233 126 28
6.039 -2.600 4.522 228 131 37
6.284 -2.600 4.522 227 127 33
6.529 -2.600 4.522 228 129 38
6.774 -2.600 4.522 230 127 32
7.019 -2.600 4.522 233 126 32
7.264 -2.600 4.522 219 130 48
7.509 -2.600 4.522 91 74 54
7.754 -2.600 4.522 91 75 50
7.999 -2.600 4.522 92 74 50
8.244 -2.600 4.522 92 74 50
8.489 -2.600 4.522 92 74 50
8.734 -2.600 4.522 92 74 50
8.979 -2.600 4.522 92 74 50
9.224 -2.600 4.522 92 74 50
9.469 -2.600 4.522 92 74 50
9.715 -2.600 4.522 92 74 50
8.186 0.000 8.347 92 74 50
8.387 0.000 8.347 92 74 50
8.589 0.000 8.347 92 74 50
8.790 0.000 8.347 92 74 50
8.992 0.000 8.347 92 74 50
9.193 0.000 8.347 92 74 50
9.394 0.000 8.347 92 74 50
9.596 0.000 8.347 92 74 50
9.797 0.000 8.347 92 74 50
9.999 0.000 8.347 92 74 50
10.200 0.000 8.347 92 74 50
10.401 0.000 8.347 92 74 50
10.603 0.000 8.347 92 74 50
10.804 0.000 8.347 92 74 50
11.006 0.000 8.347 92 74 50
11.207 0.000 8.347 92 74 50
11.409 0.000 8.347 92 74 50
11.610 0.000 8.347 92 74 50
11.811 0.000 8.347 92 74 50
12.013 0.000 8.347 92 74 50
12.214 0.000 8.347 92 74 50
12.416 0.000 8.347 92 74 50
12.617 0.000 8.347 92 74 50
12.818 0.000 8.347 92 74 50
13.020 0.000 8.347 92 74 50
13.221 0.000 8.347 92 74 50
13.423 0.000 8.347 92 74 50
13.624 0.000 8.347 92 74 50
13.825 0.000 8.347 92 74 50
14.027 0.000 8.347 92 74 50
14.228 0.000 8.347 92 74 50
14.430 0.000 8.347 92 74 50
14.631 0.000 8.347 92 74 50
14.833 0.000 8.347 92 74 50
15.034 0.000 8.347 92 74 50
15.235 0.000 8.347 92 74 50
15.437 0.000 8.347 92 74 50
15.638 0.000 8.347 92 74 50
15.840 0.000 8.347 92 74 50
16.041 0.000 8.347 92 74 50
16.242 0.000 8.347 92 74 50
16.444 0.000 8.347 92 74 50
16.645 0.000 8.347 92 74 50
16.847 0.000 8.347 92 74 50
17.048 0.000 8.347 92 74 50
17.249 0.000 8.347 92 74 50
17.451 0.000 8.347 92 74 50
17.652 0.000 8.347 92 74 50
17.854 0.000 8.347 92 74 50
18.055 0.000 8.347 92 74 50
18.257 0.000 8.347 92 74 50
-18.133 0.000 8.698 92 74 50
-17.934 0.000 8.698 92 74 50
-17.736 0.000 8.698 92 74 50
-17.537 0.000 8.698 92 74 50
-17.339 0.000 8.698 92 74 50
-17.140 0.000 8.698 92 74 50
-16.942 0.000 8.698 92 74 50
-16.743 0.000 8.698 92 74 50
-16.545 0.000 8.698 92 74 50
-16.346 0.000 8.698 92 74 50
-16.148 0.000 8.698 92 74 50
-15.949 0.000 8.698 92 74 50
-15.751 0.000 8.698 64 90 55
-15.553 0.000 8.698 63 90 55
-15.354 0.000 8.698 64 90 55
-15.156 0.000 8.698 76 81 49
-14.957 0.000 8.698 41 60 77
-14.759 0.000 8.698 44 62 82
-14.560 0.000 8.698 45 62 78
-14.362 0.000 8.698 45 61 87
-14.163 0.000 8.698 95 74 47
-16.990 -2.600 4.949 92 74 50
-16.749 -2.600 4.949 94 74 50
-16.507 -2.600 4.949 75 77 64
-16.266 -2.600 4.949 45 61 87
-16.024 -2.600 4.949 38 64 81
-15.783 -2.600 4.949 49 61 83
-15.541 -2.600 4.949 75 74 69
-15.300 -2.600 4.949 94 74 50
-15.058 -2.600 4.949 94 74 50
-14.817 -2.600 4.949 92 74 50
-14.575 -2.600 4.949 92 74 50
-14.334 -2.600 4.949 92 74 50
-14.092 -2.600 4.949 92 74 50
-13.851 -2.600 4.949 92 74 50
-13.610 -2.600 4.949 92 74 50
-13.368 -2.600 4.949 92 74 50
-13.127 -2.600 4.949 92 74 50
-12.885 -2.600 4.949 92 74 50
-12.644 -2.600 4.949 91 75 50
-12.402 -2.600 4.949 85 78 60
-12.161 -2.600 4.949 85 102 118
-11.919 -2.600 4.949 85 101 116
-11.678 -2.600 4.949 85 101 116
-11.436 -2.600 4.949 85 101 116
-11.195 -2.600 4.949 85 101 116
-10.953 -2.600 4.949 86 102 117
-10.712 -2.600 4.949 125 140 143
-10.470 -2.600 4.949 126 140 141
-10.229 -2.600 4.949 126 140 141
-9.987 -2.600 4.949 126 140 141
-9.746 -2.600 4.949 126 140 141
-9.504 -2.600 4.949 126 140 141
-9.263 -2.600 4.949 123 137 138
-9.021 -2.600 4.949 86 102 118
-8.780 -2.600 4.949 85 101 116
-8.538 -2.600 4.949 85 101 116
-8.297 -2.600 4.949 85 101 116
-8.055 -2.600 4.949 88 100 114
-7.814 -2.600 4.949 84 100 115
-7.572 -2.600 4.949 92 74 50
-7.331 -2.600 4.949 92 74 50
-7.089 -2.600 4.949 92 74 50
-6.848 -2.600 4.949 92 74 50
-6.606 -2.600 4.949 92 74 50
-6.365 -2.600 4.949 92 74 50
-6.123 -2.600 4.949 92 74 50
-5.882 -2.600 4.949 92 74 50
-5.640 -2.600 4.949 92 74 50
-5.399 -2.600 4.949 92 74 50
-5.157 -2.600 4.949 92 74 50
-4.916 -2.600 4.949 92 74 50
-4.674 -2.600 4.949 92 74 50
-4.433 -2.600 4.949 92 74 50
-4.192 -2.600 4.949 92 74 50
-3.950 -2.600 4.949 92 74 50
-3.709 -2.600 4.949 92 74 50
-3.467 -2.600 4.949 92 74 50
-3.226 -2.600 4.949 92 74 50
-2.984 -2.600 4.949 92 74 50
-2.743 -2.600 4.949 92 74 50
-2.501 -2.600 4.949 92 74 50
-2.260 -2.600 4.949 92 74 50
-2.018 -2.600 4.949 92 74 50
-1.777 -2.600 4.949 92 74 50
-1.535 -2.600 4.949 92 74 50
-1.294 -2.600 4.949 92 74 50
-1.052 -2.600 4.949 92 74 50
-0.811 -2.600 4.949 92 74 50
-0.569 -2.600 4.949 92 74 50
-0.328 -2.600 4.949 92 74 50
-0.086 -2.600 4.949 92 74 50
0.155 -2.600 4.949 92 74 50
0.397 -2.600 4.949 92 74 50
0.638 -2.600 4.949 92 74 50
0.880 -2.600 4.949 92 74 50
1.121 -2.600 4.949 92 74 50
1.363 -2.600 4.949 92 74 50
1.604 -2.600 4.949 92 74 50
1.846 -2.600 4.949 91 75 50
2.087 -2.600 4.949 192 91 19
2.329 -2.600 4.949 211 82 0
2.570 -2.600 4.949 206 79 0
2.812 -2.600 4.949 197 76 0
3.053 -2.600 4.949 44 63 80
3.295 -2.600 4.949 41 63 84
3.536 -2.600 4.949 85 44 26
3.778 -2.600 4.949 230 126 41
4.019 -2.600 4.949 228 127 37
4.261 -2.600 4.949 228 127 37
4.502 -2.600 4.949 228 127 37
4.743 -2.600 4.949 228 127 37
4.985 -2.600 4.949 228 127 37
5.226 -2.600 4.949 228 127 37
5.468 -2.600 4.949 228 127 37
5.709 -2.600 4.949 236 129 33
5.951 -2.600 4.949 63 61 64
6.192 -2.600 4.949 37 64 93
6.434 -2.600 4.949 44 67 85
6.675 -2.600 4.949 227 129 42
6.917 -2.600 4.949 227 128 35
7.158 -2.600 4.949 220 129 48
7.400 -2.600 4.949 91 73 51
7.641 -2.600 4.949 92 74 50
7.883 -2.600 4.949 92 74 50
8.124 -2.600 4.949 92 74 50
8.366 -2.600 4.949 92 74 50
8.607 -2.600 4.949 92 74 50
8.849 -2.600 4.949 92 74 50
9.090 -2.600 4.949 92 74 50
9.332 -2.600 4.949 92 74 50
9.573 -2.600 4.949 92 74 50
8.067 0.000 8.698 92 74 50
8.265 0.000 8.698 92 74 50
8.464 0.000 8.698 92 74 50
8.662 0.000 8.698 92 74 50
8.861 0.000 8.698 92 74 50
9.059 0.000 8.698 92 74 50
9.258 0.000 8.698 92 74 50
9.456 0.000 8.698 92 74 50
9.655 0.000 8.698 92 74 50
9.853 0.000 8.698 92 74 50
10.052 0.000 8.698 92 74 50
10.250 0.000 8.698 92 74 50
10.449 0.000 8.698 92 74 50
10.647 0.000 8.698 92 74 50
10.846 0.000 8.698 92 74 50
11.044 0.000 8.698 92 74 50
11.243 0.000 8.698 92 74 50
11.441 0.000 8.698 92 74 50
11.640 0.000 8.698 92 74 50
11.838 0.000 8.698 92 74 50
12.037 0.000 8.698 92 74 50
12.235 0.000 8.698 92 74 50
12.434 0.000 8.698 92 74 50
12.632 0.000 8.698 92 74 50
12.830 0.000 8.698 92 74 50
13.029 0.000 8.698 92 74 50
13.227 0.000 8.698 92 74 50
13.426 0.000 8.698 92 74 50
13.624 0.000 8.698 92 74 50
13.823 0.000 8.698 92 74 50
14.021 0.000 8.698 92 74 50
14.220 0.000 8.698 92 74 50
14.418 0.000 8.698 92 74 50
14.617 0.000 8.698 92 74 50
14.815 0.000 8.698 92 74 50
15.014 0.000 8.698 92 74 50
15.212 0.000 8.698 92 74 50
15.411 0.000 8.698 92 74 50
15.609 0.000 8.698 92 74 50
15.808 0.000 8.698 92 74 50
16.006 0.000 8.698 92 74 50
16.205 0.000 8.698 92 74 50
16.403 0.000 8.698 92 74 50
16.602 0.000 8.698 92 74 50
16.800 0.000 8.698 92 74 50
16.999 0.000 8.698 92 74 50
17.197 0.000 8.698 92 74 50
17.396 0.000 8.698 92 74 50
17.594 0.000 8.698 92 74 50
17.793 0.000 8.698 92 74 50
17.991 0.000 8.698 92 74 50
-17.873 0.000 9.039 92 74 50
-17.677 0.000 9.039 92 74 50
-17.482 0.000 9.039 92 74 50
-17.286 0.000 9.039 92 74 50
-17.090 0.000 9.039 92 74 50
-16.895 0.000 9.039 92 74 50
-16.699 0.000 9.039 92 74 50
-16.503 0.000 9.039 92 74 50
-16.308 0.000 9.039 92 74 50
-16.112 0.000 9.039 92 74 50
-15.916 0.000 9.039 92 74 50
-15.721 0.000 9.039 92 74 50
-15.525 0.000 9.039 92 74 50
-15.330 0.000 9.039 92 74 50
-15.134 0.000 9.039 94 74 50
-14.938 0.000 9.039 92 74 50
-14.743 0.000 9.039 89 74 51
-14.547 0.000 9.039 67 62 56
-14.351 0.000 9.039 59 58 63
-14.156 0.000 9.039 92 74 50
-16.985 -2.600 5.364 92 74 50
-16.747 -2.600 5.364 92 74 50
-16.509 -2.600 5.364 92 74 50
-16.271 -2.600 5.364 92 75 49
-16.033 -2.600 5.364 85 76 61
-15.795 -2.600 5.364 59 58 56
-15.557 -2.600 5.364 86 77 62
-15.319 -2.600 5.364 92 74 52
-15.081 -2.600 5.364 92 74 50
-14.843 -2.600 5.364 92 74 50
-14.605 -2.600 5.364 92 74 50
-14.367 -2.600 5.364 92 74 50
-14.128 -2.600 5.364 92 74 50
-13.890 -2.600 5.364 92 74 50
-13.652 -2.600 5.364 92 74 50
-13.414 -2.600 5.364 92 74 50
-13.176 -2.600 5.364 92 74 50
-12.938 -2.600 5.364 92 74 50
-12.700 -2.600 5.364 92 74 50
-12.462 -2.600 5.364 91 75 49
-12.224 -2.600 5.364 92 71 44
-11.986 -2.600 5.364 86 99 115
-11.748 -2.600 5.364 84 102 116
-11.510 -2.600 5.364 88 100 114
-11.272 -2.600 5.364 85 101 116
-11.034 -2.600 5.364 86 102 117
-10.796 -2.600 5.364 83 95 109
-10.558 -2.600 5.364 138 138 126
-10.320 -2.600 5.364 138 138 128
-10.082 -2.600 5.364 137 139 128
-9.844 -2.600 5.364 138 138 130
-9.606 -2.600 5.364 137 139 128
-9.368 -2.600 5.364 138 138 130
-9.130 -2.600 5.364 138 139 125
-8.892 -2.600 5.364 88 97 112
-8.654 -2.600 5.364 83 102 117
-8.416 -2.600 5.364 85 101 116
-8.178 -2.600 5.364 84 102 116
-7.940 -2.600 5.364 90 99 116
-7.702 -2.600 5.364 92 94 91
-7.464 -2.600 5.364 92 74 50
-7.226 -2.600 5.364 92 74 50
-6.988 -2.600 5.364 92 74 50
-6.750 -2.600 5.364 92 74 50
-6.512 -2.600 5.364 92 74 50
-6.274 -2.600 5.364 92 74 50
-6.036 -2.600 5.364 92 74 50
-5.798 -2.600 5.364 92 74 50
-5.560 -2.600 5.364 92 74 50
-5.322 -2.600 5.364 92 74 50
-5.084 -2.600 5.364 92 74 50
-4.846 -2.600 5.364 92 74 50
-4.607 -2.600 5.364 92 74 50
-4.369 -2.600 5.364 92 74 50
-4.131 -2.600 5.364 92 74 50
-3.893 -2.600 5.364 92 74 50
-3.655 -2.600 5.364 92 74 50
-3.417 -2.600 5.364 92 74 50
-3.179 -2.600 5.364 92 74 50
-2.941 -2.600 5.364 92 74 50
-2.703 -2.600 5.364 92 74 50
-2.465 -2.600 5.364 92 74 50
-2.227 -2.600 5.364 92 74 50
-1.989 -2.600 5.364 92 74 50
-1.751 -2.600 5.364 92 74 50
-1.513 -2.600 5.364 92 74 50
-1.275 -2.600 5.364 92 74 50
-1.037 -2.600 5.364 92 74 50
-0.799 -2.600 5.364 92 74 50
-0.561 -2.600 5.364 92 74 50
-0.323 -2.600 5.364 92 74 50
-0.085 -2.600 5.364 92 74 50
0.153 -2.600 5.364 92 74 50
0.391 -2.600 5.364 92 74 50
0.629 -2.600 5.364 92 74 50
0.867 -2.600 5.364 92 74 50
1.105 -2.600 5.364 92 74 50
1.343 -2.600 5.364 92 74 50
1.581 -2.600 5.364 92 74 50
1.819 -2.600 5.364 94 74 50
2.057 -2.600 5.364 102 71 40
2.295 -2.600 5.364 99 73 36
2.533 -2.600 5.364 106 71 41
2.771 -2.600 5.364 44 62 84
3.009 -2.600 5.364 44 62 82
3.247 -2.600 5.364 48 61 78
3.485 -2.600 5.364 44 62 84
3.723 -2.600 5.364 91 78 61
3.961 -2.600 5.364 91 74 54
4.199 -2.600 5.364 91 74 54
4.437 -2.600 5.364 91 74 54
4.675 -2.600 5.364 91 74 54
4.914 -2.600 5.364 91 74 54
5.152 -2.600 5.364 91 74 54
5.390 -2.600 5.364 91 74 54
5.628 -2.600 5.364 69 69 67
5.866 -2.600 5.364 46 62 77
6.104 -2.600 5.364 46 62 78
6.342 -2.600 5.364 45 62 78
6.580 -2.600 5.364 45 61 77
6.818 -2.600 5.364 91 74 56
7.056 -2.600 5.364 92 75 49
7.294 -2.600 5.364 94 74 50
7.532 -2.600 5.364 92 74 50
7.770 -2.600 5.364 92 74 50
8.008 -2.600 5.364 92 74 50
8.246 -2.600 5.364 92 74 50
8.484 -2.600 5.364 92 74 50
8.722 -2.600 5.364 92 74 50
8.960 -2.600 5.364 92 74 50
9.198 -2.600 5.364 92 74 50
9.436 -2.600 5.364 92 74 50
9.674 -2.600 5.364 92 74 50
8.147 0.000 9.039 92 74 50
8.343 0.000 9.039 92 74 50
8.538 0.000 9.039 92 74 50
8.734 0.000 9.039 92 74 50
8.929 0.000 9.039 92 74 50
9.125 0.000 9.039 92 74 50
9.321 0.000 9.039 92 74 50
9.516 0.000 9.039 92 74 50
9.712 0.000 9.039 92 74 50
9.908 0.000 9.039 92 74 50
10.103 0.000 9.039 92 74 50
10.299 -0.000 9.039 92 74 50
10.495 0.000 9.039 92 74 50
10.690 0.000 9.039 92 74 50
10.886 0.000 9.039 92 74 50
11.081 0.000 9.039 92 74 50
11.277 0.000 9.039 92 74 50
11.473 0.000 9.039 92 74 50
11.668 0.000 9.039 92 74 50
11.864 0.000 9.039 92 74 50
12.060 0.000 9.039 92 74 50
12.255 0.000 9.039 92 74 50
12.451 0.000 9.039 92 74 50
12.647 0.000 9.039 92 74 50
12.842 0.000 9.039 92 74 50
13.038 0.000 9.039 92 74 50
13.233 0.000 9.039 92 74 50
13.429 0.000 9.039 92 74 50
13.625 0.000 9.039 92 74 50
13.820 0.000 9.039 92 74 50
14.016 0.000 9.039 92 74 50
14.212 0.000 9.039 92 74 50
14.407 0.000 9.039 92 74 50
14.603 0.000 9.039 92 74 50
14.799 0.000 9.039 92 74 50
14.994 0.000 9.039 92 74 50
15.190 0.000 9.039 92 74 50
15.385 0.000 9.039 92 74 50
15.581 0.000 9.039 92 74 50
15.777 0.000 9.039 92 74 50
15.972 0.000 9.039 92 74 50
16.168 0.000 9.039 92 74 50
16.364 0.000 9.039 92 74 50
16.559 0.000 9.039 92 74 50
16.755 0.000 9.039 92 74 50
16.951 0.000 9.039 92 74 50
17.146 0.000 9.039 92 74 50
17.342 0.000 9.039 92 74 50
17.537 0.000 9.039 92 74 50
17.733 0.000 9.039 92 74 50
-17.620 0.000 9.371 92 74 50
-17.427 0.000 9.371 92 74 50
-17.235 0.000 9.371 92 74 50
-17.042 0.000 9.371 92 74 50
-16.849 0.000 9.371 92 74 50
-16.656 0.000 9.371 92 74 50
-16.463 0.000 9.371 92 74 50
-16.270 0.000 9.371 92 74 50
-16.077 0.000 9.371 92 74 50
-15.884 0.000 9.371 92 74 50
-15.692 0.000 9.371 92 74 50
-15.499 0.000 9.371 92 74 50
-15.306 0.000 9.371 92 74 50
-15.113 0.000 9.371 92 74 50
-14.920 0.000 9.371 92 74 50
-14.727 0.000 9.371 92 74 50
-14.534 0.000 9.371 94 74 50
-14.341 0.000 9.371 93 73 48
-14.149 0.000 9.371 92 75 47
-16.979 -2.600 5.768 92 74 50
-16.745 -2.600 5.768 92 74 50
-16.510 -2.600 5.768 92 74 50
-16.275 -2.600 5.768 92 74 50
-16.041 -2.600 5.768 91 75 52
-15.806 -2.600 5.768 94 74 49
-15.571 -2.600 5.768 90 74 48
-15.337 -2.600 5.768 93 73 48
-15.102 -2.600 5.768 92 74 50
-14.867 -2.600 5.768 92 74 50
-14.633 -2.600 5.768 92 74 50
-14.398 -2.600 5.768 92 74 50
-14.163 -2.600 5.768 92 74 50
-13.929 -2.600 5.768 92 74 50
-13.694 -2.600 5.768 92 74 50
-13.459 -2.600 5.768 92 74 50
-13.225 -2.600 5.768 92 74 50
-12.990 -2.600 5.768 92 74 50
-12.756 -2.600 5.768 92 74 50
-12.521 -2.600 5.768 92 74 50
-12.286 -2.600 5.768 94 74 50
-12.052 -2.600 5.768 93 76 50
-11.817 -2.600 5.768 89 74 53
-11.582 -2.600 5.768 85 101 117
-11.348 -2.600 5.768 85 101 117
-11.113 -2.600 5.768 83 102 116
-10.878 -2.600 5.768 89 97 108
-10.644 -2.600 5.768 92 76 53
-10.409 -2.600 5.768 94 74 50
-10.174 -2.600 5.768 91 75 50
-9.940 -2.600 5.768 91 75 52
-9.705 -2.600 5.768 91 75 52
-9.470 -2.600 5.768 91 75 52
-9.236 -2.600 5.768 91 75 52
-9.001 -2.600 5.768 94 74 49
-8.766 -2.600 5.768 97 81 55
-8.532 -2.600 5.768 83 102 119
-8.297 -2.600 5.768 84 101 117
-8.062 -2.600 5.768 88 100 114
-7.828 -2.600 5.768 85 102 112
-7.593 -2.600 5.768 92 72 47
-7.358 -2.600 5.768 92 74 50
-7.124 -2.600 5.768 92 74 50
-6.889 -2.600 5.768 92 74 50
-6.654 -2.600 5.768 92 74 50
-6.420 -2.600 5.768 92 74 50
-6.185 -2.600 5.768 92 74 50
-5.950 -2.600 5.768 92 74 50
-5.716 -2.600 5.768 92 74 50
-5.481 -2.600 5.768 92 74 50
-5.246 -2.600 5.768 92 74 50
-5.012 -2.600 5.768 92 74 50
-4.777 -2.600 5.768 92 74 50
-4.542 -2.600 5.768 92 74 50
-4.308 -2.600 5.768 92 74 50
-4.073 -2.600 5.768 92 74 50
-3.838 -2.600 5.768 92 74 50
-3.604 -2.600 5.768 92 74 50
-3.369 -2.600 5.768 92 74 50
-3.134 -2.600 5.768 92 74 50
-2.900 -2.600 5.768 92 74 50
-2.665 -2.600 5.768 92 74 50
-2.430 -2.600 5.768 92 74 50
-2.196 -2.600 5.768 92 74 50
-1.961 -2.600 5.768 92 74 50
-1.726 -2.600 5.768 92 74 50
-1.492 -2.600 5.768 92 74 50
-1.257 -2.600 5.768 92 74 50
-1.022 -2.600 5.768 92 74 50
-0.788 -2.600 5.768 92 74 50
-0.553 -2.600 5.768 92 74 50
-0.318 -2.600 5.768 92 74 50
-0.084 -2.600 5.768 92 74 50
0.151 -2.600 5.768 92 74 50
0.386 -2.600 5.768 92 74 50
0.620 -2.600 5.768 92 74 50
0.855 -2.600 5.768 92 74 50
1.089 -2.600 5.768 92 74 50
1.324 -2.600 5.768 92 74 50
1.559 -2.600 5.768 92 74 50
1.793 -2.600 5.768 92 74 50
2.028 -2.600 5.768 92 74 50
2.263 -2.600 5.768 91 75 49
2.497 -2.600 5.768 92 74 52
2.732 -2.600 5.768 45 62 80
2.967 -2.600 5.768 46 62 78
3.201 -2.600 5.768 42 63 84
3.436 -2.600 5.768 44 63 78
3.671 -2.600 5.768 84 75 66
3.905 -2.600 5.768 92 74 50
4.140 -2.600 5.768 92 74 50
4.375 -2.600 5.768 92 74 50
4.609 -2.600 5.768 92 74 50
4.844 -2.600 5.768 92 74 50
5.079 -2.600 5.768 92 74 50
5.313 -2.600 5.768 92 74 50
5.548 -2.600 5.768 60 61 56
5.783 -2.600 5.768 42 64 75
6.017 -2.600 5.768 45 62 80
6.252 -2.600 5.768 44 62 82
6.487 -2.600 5.768 45 62 80
6.721 -2.600 5.768 95 73 50
6.956 -2.600 5.768 91 76 47
7.191 -2.600 5.768 92 74 50
7.425 -2.600 5.768 92 74 50
7.660 -2.600 5.768 92 74 50
7.895 -2.600 5.768 92 74 50
8.129 -2.600 5.768 92 74 50
8.364 -2.600 5.768 92 74 50
8.599 -2.600 5.768 92 74 50
8.833 -2.600 5.768 92 74 50
9.068 -2.600 5.768 92 74 50
9.303 -2.600 5.768 92 74 50
9.537 -2.600 5.768 92 74 50
8.032 0.000 9.371 92 74 50
8.225 0.000 9.371 92 74 50
8.417 0.000 9.371 92 74 50
8.610 0.000 9.371 92 74 50
8.803 0.000 9.371 92 74 50
8.996 0.000 9.371 92 74 50
9.189 0.000 9.371 92 74 50
9.382 0.000 9.371 92 74 50
9.575 0.000 9.371 92 74 50
9.768 -0.000 9.371 92 74 50
9.960 0.000 9.371 92 74 50
10.153 0.000 9.371 92 74 50
10.346 0.000 9.371 92 74 50
10.539 0.000 9.371 92 74 50
10.732 0.000 9.371 92 74 50
10.925 0.000 9.371 92 74 50
11.118 0.000 9.371 92 74 50
11.311 0.000 9.371 92 74 50
11.503 0.000 9.371 92 74 50
11.696 0.000 9.371 92 74 50
11.889 0.000 9.371 92 74 50
12.082 0.000 9.371 92 74 50
12.275 0.000 9.371 92 74 50
12.468 0.000 9.371 92 74 50
12.661 0.000 9.371 92 74 50
12.854 0.000 9.371 92 74 50
13.046 0.000 9.371 92 74 50
13.239 0.000 9.371 92 74 50
13.432 0.000 9.371 92 74 50
13.625 0.000 9.371 92 74 50
13.818 0.000 9.371 92 74 50
14.011 0.000 9.371 92 74 50
14.204 0.000 9.371 92 74 50
14.397 0.000 9.371 92 74 50
14.589 0.000 9.371 92 74 50
14.782 0.000 9.371 92 74 50
14.975 0.000 9.371 92 74 50
15.168 0.000 9.371 92 74 50
15.361 0.000 9.371 92 74 50
15.554 0.000 9.371 92 74 50
15.747 0.000 9.371 92 74 50
15.940 0.000 9.371 92 74 50
16.132 0.000 9.371 92 74 50
16.325 0.000 9.371 92 74 50
16.518 0.000 9.371 92 74 50
16.711 0.000 9.371 92 74 50
16.904 0.000 9.371 92 74 50
17.097 0.000 9.371 92 74 50
17.290 0.000 9.371 92 74 50
17.482 0.000 9.371 92 74 50
-17.375 0.000 9.693 92 74 50
-17.185 0.000 9.693 92 74 50
-16.994 0.000 9.693 92 74 50
-16.804 0.000 9.693 92 74 50
-16.614 0.000 9.693 92 74 50
-16.424 0.000 9.693 92 74 50
-16.234 0.000 9.693 92 74 50
-16.043 0.000 9.693 92 74 50
-15.853 0.000 9.693 92 74 50
-15.663 0.000 9.693 92 74 50
-15.473 0.000 9.693 92 74 50
-15.283 0.000 9.693 92 74 50
-15.092 0.000 9.693 92 74 50
-14.902 0.000 9.693 92 74 50
-14.712 0.000 9.693 92 74 50
-14.522 0.000 9.693 92 74 50
-14.332 0.000 9.693 94 73 52
-14.142 0.000 9.693 94 74 50
-16.974 -2.600 6.160 92 75 49
-16.743 -2.600 6.160 92 74 50
-16.511 -2.600 6.160 92 74 50
-16.280 -2.600 6.160 92 74 50
-16.049 -2.600 6.160 92 74 50
-15.817 -2.600 6.160 92 75 49
-15.586 -2.600 6.160 92 75 49
-15.354 -2.600 6.160 92 75 49
-15.123 -2.600 6.160 91 75 49
-14.892 -2.600 6.160 91 75 49
-14.660 -2.600 6.160 92 74 50
-14.429 -2.600 6.160 92 74 50
-14.197 -2.600 6.160 92 74 50
-13.966 -2.600 6.160 92 74 50
-13.735 -2.600 6.160 92 74 50
-13.503 -2.600 6.160 92 74 50
-13.272 -2.600 6.160 92 74 50
-13.041 -2.600 6.160 92 74 50
-12.809 -2.600 6.160 92 74 50
-12.578 -2.600 6.160 92 74 50
-12.346 -2.600 6.160 92 74 50
-12.115 -2.600 6.160 91 75 52
-11.884 -2.600 6.160 91 75 49
-11.652 -2.600 6.160 92 75 49
-11.421 -2.600 6.160 95 77 53
-11.189 -2.600 6.160 92 77 56
-10.958 -2.600 6.160 91 75 52
-10.727 -2.600 6.160 92 72 47
-10.495 -2.600 6.160 92 74 52
-10.264 -2.600 6.160 92 75 47
-10.032 -2.600 6.160 91 75 52
-9.801 -2.600 6.160 91 75 52
-9.570 -2.600 6.160 91 75 52
-9.338 -2.600 6.160 91 75 52
-9.107 -2.600 6.160 91 75 52
-8.876 -2.600 6.160 94 74 47
-8.644 -2.600 6.160 95 74 55
-8.413 -2.600 6.160 93 73 48
-8.181 -2.600 6.160 87 74 55
-7.950 -2.600 6.160 91 73 53
-7.719 -2.600 6.160 96 75 54
-7.487 -2.600 6.160 92 75 49
-7.256 -2.600 6.160 92 74 50
-7.024 -2.600 6.160 92 74 50
-6.793 -2.600 6.160 92 74 50
-6.562 -2.600 6.160 92 74 50
-6.330 -2.600 6.160 92 74 50
-6.099 -2.600 6.160 92 74 50
-5.867 -2.600 6.160 92 74 50
-5.636 -2.600 6.160 92 74 50
-5.405 -2.600 6.160 92 74 50
-5.173 -2.600 6.160 92 74 50
-4.942 -2.600 6.160 92 74 50
-4.710 -2.600 6.160 92 74 50
-4.479 -2.600 6.160 92 74 50
-4.248 -2.600 6.160 92 74 50
-4.016 -2.600 6.160 92 74 50
-3.785 -2.600 6.160 92 74 50
-3.554 -2.600 6.160 92 74 50
-3.322 -2.600 6.160 92 74 50
-3.091 -2.600 6.160 92 74 50
-2.859 -2.600 6.160 92 74 50
-2.628 -2.600 6.160 92 74 50
-2.397 -2.600 6.160 92 74 50
-2.165 -2.600 6.160 92 74 50
-1.934 -2.600 6.160 92 74 50
-1.702 -2.600 6.160 92 74 50
-1.471 -2.600 6.160 92 74 50
-1.240 -2.600 6.160 92 74 50
-1.008 -2.600 6.160 92 74 50
-0.777 -2.600 6.160 92 74 50
-0.545 -2.600 6.160 92 74 50
-0.314 -2.600 6.160 92 74 50
-0.083 -2.600 6.160 92 74 50
0.149 -2.600 6.160 92 74 50
0.380 -2.600 6.160 92 74 50
0.612 -2.600 6.160 92 74 50
0.843 -2.600 6.160 92 74 50
1.074 -2.600 6.160 92 74 50
1.306 -2.600 6.160 92 74 50
1.537 -2.600 6.160 92 74 50
1.768 -2.600 6.160 92 74 50
2.000 -2.600 6.160 92 74 50
2.231 -2.600 6.160 92 74 54
2.463 -2.600 6.160 94 73 56
2.694 -2.600 6.160 89 75 62
2.925 -2.600 6.160 45 62 80
3.157 -2.600 6.160 44 62 82
3.388 -2.600 6.160 48 62 71
3.620 -2.600 6.160 95 75 51
3.851 -2.600 6.160 92 74 50
4.082 -2.600 6.160 92 74 50
4.314 -2.600 6.160 92 74 50
4.545 -2.600 6.160 92 74 50
4.777 -2.600 6.160 92 74 50
5.008 -2.600 6.160 92 74 50
5.239 -2.600 6.160 92 74 50
5.471 -2.600 6.160 94 72 48
5.702 -2.600 6.160 45 60 83
5.934 -2.600 6.160 45 62 80
6.165 -2.600 6.160 46 62 77
6.396 -2.600 6.160 90 75 56
6.628 -2.600 6.160 92 74 50
6.859 -2.600 6.160 95 73 49
7.090 -2.600 6.160 92 74 50
7.322 -2.600 6.160 92 74 50
7.553 -2.600 6.160 92 74 50
7.785 -2.600 6.160 92 74 50
8.016 -2.600 6.160 92 74 50
8.247 -2.600 6.160 92 74 50
8.479 -2.600 6.160 92 74 50
8.710 -2.600 6.160 92 74 50
8.942 -2.600 6.160 92 74 50
9.173 -2.600 6.160 92 74 50
9.404 -2.600 6.160 92 74 50
9.636 -2.600 6.160 92 74 50
8.110 0.000 9.693 92 74 50
8.300 0.000 9.693 92 74 50
8.490 0.000 9.693 92 74 50
8.681 0.000 9.693 92 74 50
8.871 0.000 9.693 92 74 50
9.061 0.000 9.693 92 74 50
9.251 0.000 9.693 92 74 50
9.441 0.000 9.693 92 74 50
9.631 0.000 9.693 92 74 50
9.822 0.000 9.693 92 74 50
10.012 0.000 9.693 92 74 50
10.202 0.000 9.693 92 74 50
10.392 0.000 9.693 92 74 50
10.582 0.000 9.693 92 74 50
10.773 0.000 9.693 92 74 50
10.963 0.000 9.693 92 74 50
11.153 0.000 9.693 92 74 50
11.343 0.000 9.693 92 74 50
11.533 0.000 9.693 92 74 50
11.724 0.000 9.693 92 74 50
11.914 0.000 9.693 92 74 50
12.104 0.000 9.693 92 74 50
12.294 0.000 9.693 92 74 50
12.484 0.000 9.693 92 74 50
12.674 0.000 9.693 92 74 50
12.865 0.000 9.693 92 74 50
13.055 0.000 9.693 92 74 50
13.245 0.000 9.693 92 74 50
13.435 0.000 9.693 92 74 50
13.625 0.000 9.693 92 74 50
13.816 0.000 9.693 92 74 50
14.006 0.000 9.693 92 74 50
14.196 0.000 9.693 92 74 50
14.386 0.000 9.693 92 74 50
14.576 0.000 9.693 92 74 50
14.766 0.000 9.693 92 74 50
14.957 0.000 9.693 92 74 50
15.147 0.000 9.693 92 74 50
15.337 0.000 9.693 92 74 50
15.527 0.000 9.693 92 74 50
15.717 0.000 9.693 92 74 50
15.908 0.000 9.693 92 74 50
16.098 0.000 9.693 92 74 50
16.288 0.000 9.693 92 74 50
16.478 0.000 9.693 92 74 50
16.668 0.000 9.693 92 74 50
16.858 0.000 9.693 92 74 50
17.049 0.000 9.693 92 74 50
17.239 0.000 9.693 92 74 50
-17.136 0.000 10.007 92 74 50
-16.948 0.000 10.007 92 74 50
-16.761 0.000 10.007 92 74 50
-16.573 0.000 10.007 92 74 50
-16.386 0.000 10.007 92 74 50
-16.198 0.000 10.007 92 74 50
-16.010 0.000 10.007 92 74 50
-15.823 0.000 10.007 92 74 50
-15.635 0.000 10.007 92 74 50
-15.448 0.000 10.007 92 74 50
-15.260 0.000 10.007 92 74 50
-15.073 0.000 10.007 92 74 50
-14.885 0.000 10.007 92 74 50
-14.697 0.000 10.007 92 74 50
-14.510 0.000 10.007 92 74 50
-14.322 0.000 10.007 92 74 50
-14.135 0.000 10.007 92 74 50
-16.969 -2.600 6.541 92 74 50
-16.741 -2.600 6.541 92 74 50
-16.513 -2.600 6.541 92 74 50
-16.284 -2.600 6.541 92 74 50
-16.056 -2.600 6.541 92 74 50
-15.828 -2.600 6.541 92 74 50
-15.600 -2.600 6.541 92 74 50
-15.372 -2.600 6.541 92 74 50
-15.143 -2.600 6.541 92 74 50
-14.915 -2.600 6.541 92 74 50
-14.687 -2.600 6.541 92 74 50
-14.459 -2.600 6.541 92 74 50
-14.231 -2.600 6.541 92 74 50
-14.002 -2.600 6.541 92 74 50
-13.774 -2.600 6.541 92 74 50
-13.546 -2.600 6.541 92 74 50
-13.318 -2.600 6.541 92 74 50
-13.090 -2.600 6.541 92 74 50
-12.861 -2.600 6.541 92 74 50
-12.633 -2.600 6.541 92 74 50
-12.405 -2.600 6.541 92 74 50
-12.177 -2.600 6.541 92 74 50
-11.948 -2.600 6.541 92 74 50
-11.720 -2.600 6.541 92 74 50
-11.492 -2.600 6.541 92 74 50
-11.264 -2.600 6.541 92 74 50
-11.036 -2.600 6.541 92 74 50
-10.807 -2.600 6.541 92 74 50
-10.579 -2.600 6.541 92 74 50
-10.351 -2.600 6.541 92 74 50
-10.123 -2.600 6.541 92 74 50
-9.895 -2.600 6.541 92 74 50
-9.666 -2.600 6.541 92 74 50
-9.438 -2.600 6.541 92 74 50
-9.210 -2.600 6.541 92 74 50
-8.982 -2.600 6.541 92 74 50
-8.754 -2.600 6.541 92 74 50
-8.525 -2.600 6.541 92 74 50
-8.297 -2.600 6.541 92 74 50
-8.069 -2.600 6.541 92 74 50
-7.841 -2.600 6.541 92 74 50
-7.612 -2.600 6.541 92 74 50
-7.384 -2.600 6.541 92 74 50
-7.156 -2.600 6.541 92 74 50
-6.928 -2.600 6.541 92 74 50
-6.700 -2.600 6.541 92 74 50
-6.471 -2.600 6.541 92 74 50
-6.243 -2.600 6.541 92 74 50
-6.015 -2.600 6.541 92 74 50
-5.787 -2.600 6.541 92 74 50
-5.559 -2.600 6.541 92 74 50
-5.330 -2.600 6.541 92 74 50
-5.102 -2.600 6.541 92 74 50
-4.874 -2.600 6.541 92 74 50
-4.646 -2.600 6.541 92 74 50
-4.418 -2.600 6.541 92 74 50
-4.189 -2.600 6.541 92 74 50
-3.961 -2.600 6.541 92 74 50
-3.733 -2.600 6.541 92 74 50
-3.505 -2.600 6.541 92 74 50
-3.276 -2.600 6.541 92 74 50
-3.048 -2.600 6.541 92 74 50
-2.820 -2.600 6.541 92 74 50
-2.592 -2.600 6.541 92 74 50
-2.364 -2.600 6.541 92 74 50
-2.135 -2.600 6.541 92 74 50
-1.907 -2.600 6.541 92 74 50
-1.679 -2.600 6.541 92 74 50
-1.451 -2.600 6.541 92 74 50
-1.223 -2.600 6.541 92 74 50
-0.994 -2.600 6.541 92 74 50
-0.766 -2.600 6.541 92 74 50
-0.538 -2.600 6.541 92 74 50
-0.310 -2.600 6.541 92 74 50
-0.082 -2.600 6.541 92 74 50
0.147 -2.600 6.541 92 74 50
0.375 -2.600 6.541 92 74 50
0.603 -2.600 6.541 92 74 50
0.831 -2.600 6.541 92 74 50
1.060 -2.600 6.541 92 74 50
1.288 -2.600 6.541 92 74 50
1.516 -2.600 6.541 92 74 50
1.744 -2.600 6.541 92 74 50
1.972 -2.600 6.541 92 74 50
2.201 -2.600 6.541 92 74 50
2.429 -2.600 6.541 92 74 50
2.657 -2.600 6.541 95 74 47
2.885 -2.600 6.541 96 76 52
3.113 -2.600 6.541 96 74 51
3.342 -2.600 6.541 95 75 48
3.570 -2.600 6.541 91 74 54
3.798 -2.600 6.541 92 74 50
4.026 -2.600 6.541 92 74 50
4.255 -2.600 6.541 92 74 50
4.483 -2.600 6.541 92 74 50
4.711 -2.600 6.541 92 74 50
4.939 -2.600 6.541 92 74 50
5.167 -2.600 6.541 92 74 50
5.396 -2.600 6.541 92 74 50
5.624 -2.600 6.541 97 76 49
5.852 -2.600 6.541 97 75 51
6.080 -2.600 6.541 94 77 51
6.308 -2.600 6.541 92 74 50
6.537 -2.600 6.541 92 74 50
6.765 -2.600 6.541 92 74 50
6.993 -2.600 6.541 92 74 50
7.221 -2.600 6.541 92 74 50
7.449 -2.600 6.541 92 74 50
7.678 -2.600 6.541 92 74 50
7.906 -2.600 6.541 92 74 50
8.134 -2.600 6.541 92 74 50
8.362 -2.600 6.541 92 74 50
8.591 -2.600 6.541 92 74 50
8.819 -2.600 6.541 92 74 50
9.047 -2.600 6.541 92 74 50
9.275 -2.600 6.541 92 74 50
9.503 -2.600 6.541 92 74 50
9.732 -2.600 6.541 92 74 50
8.186 0.000 10.007 92 74 50
8.374 0.000 10.007 92 74 50
8.561 0.000 10.007 92 74 50
8.749 0.000 10.007 92 74 50
8.936 0.000 10.007 92 74 50
9.124 0.000 10.007 92 74 50
9.312 0.000 10.007 92 74 50
9.499 0.000 10.007 92 74 50
9.687 0.000 10.007 92 74 50
9.874 0.000 10.007 92 74 50
10.062 0.000 10.007 92 74 50
10.249 0.000 10.007 92 74 50
10.437 0.000 10.007 92 74 50
10.625 0.000 10.007 92 74 50
10.812 0.000 10.007 92 74 50
11.000 0.000 10.007 92 74 50
11.187 0.000 10.007 92 74 50
11.375 0.000 10.007 92 74 50
11.562 0.000 10.007 92 74 50
11.750 0.000 10.007 92 74 50
11.938 0.000 10.007 92 74 50
12.125 0.000 10.007 92 74 50
12.313 0.000 10.007 92 74 50
12.500 0.000 10.007 92 74 50
12.688 0.000 10.007 92 74 50
12.875 0.000 10.007 92 74 50
13.063 0.000 10.007 92 74 50
13.251 0.000 10.007 92 74 50
13.438 0.000 10.007 92 74 50
13.626 0.000 10.007 92 74 50
13.813 0.000 10.007 92 74 50
14.001 0.000 10.007 92 74 50
14.188 0.000 10.007 92 74 50
14.376 0.000 10.007 92 74 50
14.564 0.000 10.007 92 74 50
14.751 0.000 10.007 92 74 50
14.939 0.000 10.007 92 74 50
15.126 0.000 10.007 92 74 50
15.314 0.000 10.007 92 74 50
15.501 0.000 10.007 92 74 50
15.689 0.000 10.007 92 74 50
15.877 0.000 10.007 92 74 50
16.064 0.000 10.007 92 74 50
16.252 0.000 10.007 92 74 50
16.439 0.000 10.007 92 74 50
16.627 0.000 10.007 92 74 50
16.814 0.000 10.007 92 74 50
17.002 0.000 10.007 92 74 50
-16.904 0.000 10.312 92 74 50
-16.719 0.000 10.312 92 74 50
-16.534 0.000 10.312 92 74 50
-16.349 0.000 10.312 92 74 50
-16.163 0.000 10.312 92 74 50
-15.978 0.000 10.312 92 74 50
-15.793 0.000 10.312 92 74 50
-15.608 0.000 10.312 92 74 50
-15.423 0.000 10.312 92 74 50
-15.238 0.000 10.312 92 74 50
-15.053 0.000 10.312 92 74 50
-14.868 0.000 10.312 92 74 50
-14.683 0.000 10.312 92 74 50
-14.498 0.000 10.312 92 74 50
-14.313 0.000 10.312 92 74 50
-14.128 0.000 10.312 92 74 50
-16.964 -2.600 6.912 92 74 50
-16.739 -2.600 6.912 92 74 50
-16.514 -2.600 6.912 92 74 50
-16.289 -2.600 6.912 92 74 50
-16.064 -2.600 6.912 92 74 50
-15.839 -2.600 6.912 92 74 50
-15.613 -2.600 6.912 92 74 50
-15.388 -2.600 6.912 92 74 50
-15.163 -2.600 6.912 92 74 50
-14.938 -2.600 6.912 92 74 50
-14.713 -2.600 6.912 92 74 50
-14.488 -2.600 6.912 92 74 50
-14.263 -2.600 6.912 92 74 50
-14.038 -2.600 6.912 92 74 50
-13.813 -2.600 6.912 92 74 50
-13.587 -2.600 6.912 92 74 50
-13.362 -2.600 6.912 92 74 50
